image_path,label_path,split,wsi_id,epi_frac,marsh_bin
Trainset/Images_tif/12_HE_(d-4_x-32256_y-10752_w-2048_h-2048).tif,Trainset/Labels_tif/12_HE_(d-4_x-32256_y-10752_w-2048_h-2048).tif,Trainset,12,0.13130950927734375,Marsh-3b
Trainset/Images_tif/102_HE_(d-4_x-12288_y-15360_w-2048_h-2048).tif,Trainset/Labels_tif/102_HE_(d-4_x-12288_y-15360_w-2048_h-2048).tif,Trainset,102,0.15654754638671875,Marsh-3a
Trainset/Images_tif/25_HE_(d-4_x-9216_y-26112_w-2048_h-2048).tif,Trainset/Labels_tif/25_HE_(d-4_x-9216_y-26112_w-2048_h-2048).tif,Trainset,25,0.21506500244140625,Marsh-3a
Trainset/Images_tif/19_HE_(d-4_x-9216_y-30720_w-2048_h-2048).tif,Trainset/Labels_tif/19_HE_(d-4_x-9216_y-30720_w-2048_h-2048).tif,Trainset,19,0.5390434265136719,Marsh-0
Trainset/Images_tif/142_HE_(d-4_x-49152_y-7680_w-2048_h-2048).tif,Trainset/Labels_tif/142_HE_(d-4_x-49152_y-7680_w-2048_h-2048).tif,Trainset,142,0.01908111572265625,Marsh-3b
Trainset/Images_tif/124_HE_(d-4_x-35328_y-18432_w-2048_h-2048).tif,Trainset/Labels_tif/124_HE_(d-4_x-35328_y-18432_w-2048_h-2048).tif,Trainset,124,0.3251190185546875,Marsh-1
Trainset/Images_tif/119_HE_(d-4_x-15360_y-4608_w-2048_h-2048).tif,Trainset/Labels_tif/119_HE_(d-4_x-15360_y-4608_w-2048_h-2048).tif,Trainset,119,0.12237548828125,Marsh-3b
Trainset/Images_tif/85_HE_(d-4_x-30720_y-7680_w-2048_h-2048).tif,Trainset/Labels_tif/85_HE_(d-4_x-30720_y-7680_w-2048_h-2048).tif,Trainset,85,0.2756805419921875,Marsh-1
Trainset/Images_tif/114_HE_(d-4_x-32256_y-18432_w-2048_h-2048).tif,Trainset/Labels_tif/114_HE_(d-4_x-32256_y-18432_w-2048_h-2048).tif,Trainset,114,0.3077430725097656,Marsh-1
Trainset/Images_tif/94_HE_(d-4_x-19968_y-44544_w-2048_h-2048).tif,Trainset/Labels_tif/94_HE_(d-4_x-19968_y-44544_w-2048_h-2048).tif,Trainset,94,0.49997711181640625,Marsh-0
Trainset/Images_tif/62_HE_(d-4_x-24576_y-6144_w-2048_h-2048).tif,Trainset/Labels_tif/62_HE_(d-4_x-24576_y-6144_w-2048_h-2048).tif,Trainset,62,0.2704315185546875,Marsh-1
Trainset/Images_tif/102_HE_(d-4_x-15360_y-39936_w-2048_h-2048).tif,Trainset/Labels_tif/102_HE_(d-4_x-15360_y-39936_w-2048_h-2048).tif,Trainset,102,0.2381744384765625,Marsh-1
Trainset/Images_tif/102_HE_(d-4_x-18432_y-36864_w-2048_h-2048).tif,Trainset/Labels_tif/102_HE_(d-4_x-18432_y-36864_w-2048_h-2048).tif,Trainset,102,0.4269828796386719,Marsh-0
Trainset/Images_tif/116_HE_(d-4_x-21504_y-9216_w-2048_h-2048).tif,Trainset/Labels_tif/116_HE_(d-4_x-21504_y-9216_w-2048_h-2048).tif,Trainset,116,0.4874114990234375,Marsh-0
Trainset/Images_tif/140_HE_(d-4_x-6144_y-4608_w-2048_h-2048).tif,Trainset/Labels_tif/140_HE_(d-4_x-6144_y-4608_w-2048_h-2048).tif,Trainset,140,0.19941329956054688,Marsh-3a
Trainset/Images_tif/17_HE_(d-4_x-6144_y-6144_w-2048_h-2048).tif,Trainset/Labels_tif/17_HE_(d-4_x-6144_y-6144_w-2048_h-2048).tif,Trainset,17,0.5287628173828125,Marsh-0
Trainset/Images_tif/79_HE_(d-4_x-13824_y-4608_w-2048_h-2048).tif,Trainset/Labels_tif/79_HE_(d-4_x-13824_y-4608_w-2048_h-2048).tif,Trainset,79,0.09246444702148438,Marsh-3b
Trainset/Images_tif/102_HE_(d-4_x-21504_y-16896_w-2048_h-2048).tif,Trainset/Labels_tif/102_HE_(d-4_x-21504_y-16896_w-2048_h-2048).tif,Trainset,102,0.46677398681640625,Marsh-0
Trainset/Images_tif/87_HE_(d-4_x-23040_y-13824_w-2048_h-2048).tif,Trainset/Labels_tif/87_HE_(d-4_x-23040_y-13824_w-2048_h-2048).tif,Trainset,87,0.23405838012695312,Marsh-1
Trainset/Images_tif/135_HE_(d-4_x-30720_y-43008_w-2048_h-2048).tif,Trainset/Labels_tif/135_HE_(d-4_x-30720_y-43008_w-2048_h-2048).tif,Trainset,135,0.19756698608398438,Marsh-3a
Trainset/Images_tif/85_HE_(d-4_x-6144_y-7680_w-2048_h-2048).tif,Trainset/Labels_tif/85_HE_(d-4_x-6144_y-7680_w-2048_h-2048).tif,Trainset,85,0.29327392578125,Marsh-1
Trainset/Images_tif/60_HE_(d-4_x-6144_y-12288_w-2048_h-2048).tif,Trainset/Labels_tif/60_HE_(d-4_x-6144_y-12288_w-2048_h-2048).tif,Trainset,60,0.5502738952636719,Marsh-0
Trainset/Images_tif/142_HE_(d-4_x-7680_y-4608_w-2048_h-2048).tif,Trainset/Labels_tif/142_HE_(d-4_x-7680_y-4608_w-2048_h-2048).tif,Trainset,142,0.10483932495117188,Marsh-3b
Trainset/Images_tif/67_HE_(d-4_x-43008_y-15360_w-2048_h-2048).tif,Trainset/Labels_tif/67_HE_(d-4_x-43008_y-15360_w-2048_h-2048).tif,Trainset,67,0.16593551635742188,Marsh-3a
Trainset/Images_tif/93_HE_(d-4_x-9216_y-6144_w-2048_h-2048).tif,Trainset/Labels_tif/93_HE_(d-4_x-9216_y-6144_w-2048_h-2048).tif,Trainset,93,0.32851409912109375,Marsh-1
Trainset/Images_tif/26_HE_(d-4_x-12288_y-9216_w-2048_h-2048).tif,Trainset/Labels_tif/26_HE_(d-4_x-12288_y-9216_w-2048_h-2048).tif,Trainset,26,0.44425201416015625,Marsh-0
Trainset/Images_tif/10_HE_(d-4_x-3072_y-6144_w-2048_h-2048).tif,Trainset/Labels_tif/10_HE_(d-4_x-3072_y-6144_w-2048_h-2048).tif,Trainset,10,0.053730010986328125,Marsh-3b
Trainset/Images_tif/127_HE_(d-4_x-7680_y-13824_w-2048_h-2048).tif,Trainset/Labels_tif/127_HE_(d-4_x-7680_y-13824_w-2048_h-2048).tif,Trainset,127,0.31410980224609375,Marsh-1
Trainset/Images_tif/62_HE_(d-4_x-33792_y-6144_w-2048_h-2048).tif,Trainset/Labels_tif/62_HE_(d-4_x-33792_y-6144_w-2048_h-2048).tif,Trainset,62,0.2549591064453125,Marsh-1
Trainset/Images_tif/39_HE_(d-4_x-12288_y-18432_w-2048_h-2048).tif,Trainset/Labels_tif/39_HE_(d-4_x-12288_y-18432_w-2048_h-2048).tif,Trainset,39,0.18230056762695312,Marsh-3a
Trainset/Images_tif/26_HE_(d-4_x-7680_y-9216_w-2048_h-2048).tif,Trainset/Labels_tif/26_HE_(d-4_x-7680_y-9216_w-2048_h-2048).tif,Trainset,26,0.3012428283691406,Marsh-1
Trainset/Images_tif/127_HE_(d-4_x-3072_y-7680_w-2048_h-2048).tif,Trainset/Labels_tif/127_HE_(d-4_x-3072_y-7680_w-2048_h-2048).tif,Trainset,127,0.039737701416015625,Marsh-3b
Trainset/Images_tif/14_HE_(d-4_x-3072_y-7680_w-2048_h-2048).tif,Trainset/Labels_tif/14_HE_(d-4_x-3072_y-7680_w-2048_h-2048).tif,Trainset,14,0.24889373779296875,Marsh-1
Trainset/Images_tif/39_HE_(d-4_x-27648_y-12288_w-2048_h-2048).tif,Trainset/Labels_tif/39_HE_(d-4_x-27648_y-12288_w-2048_h-2048).tif,Trainset,39,0.0,Marsh-3b
Trainset/Images_tif/118_HE_(d-4_x-38400_y-62976_w-2048_h-2048).tif,Trainset/Labels_tif/118_HE_(d-4_x-38400_y-62976_w-2048_h-2048).tif,Trainset,118,0.06931686401367188,Marsh-3b
Trainset/Images_tif/116_HE_(d-4_x-26112_y-7680_w-2048_h-2048).tif,Trainset/Labels_tif/116_HE_(d-4_x-26112_y-7680_w-2048_h-2048).tif,Trainset,116,0.18750762939453125,Marsh-3a
Trainset/Images_tif/49_HE_(d-4_x-7680_y-15360_w-2048_h-2048).tif,Trainset/Labels_tif/49_HE_(d-4_x-7680_y-15360_w-2048_h-2048).tif,Trainset,49,0.2688713073730469,Marsh-1
Trainset/Images_tif/118_HE_(d-4_x-33792_y-47616_w-2048_h-2048).tif,Trainset/Labels_tif/118_HE_(d-4_x-33792_y-47616_w-2048_h-2048).tif,Trainset,118,0.2523384094238281,Marsh-1
Trainset/Images_tif/43_HE_(d-4_x-6144_y-13824_w-2048_h-2048).tif,Trainset/Labels_tif/43_HE_(d-4_x-6144_y-13824_w-2048_h-2048).tif,Trainset,43,0.08191680908203125,Marsh-3b
Trainset/Images_tif/4_HE_(d-4_x-33792_y-18432_w-2048_h-2048).tif,Trainset/Labels_tif/4_HE_(d-4_x-33792_y-18432_w-2048_h-2048).tif,Trainset,4,0.2755317687988281,Marsh-1
Trainset/Images_tif/25_HE_(d-4_x-18432_y-7680_w-2048_h-2048).tif,Trainset/Labels_tif/25_HE_(d-4_x-18432_y-7680_w-2048_h-2048).tif,Trainset,25,0.22833633422851562,Marsh-3a
Trainset/Images_tif/105_HE_(d-4_x-21504_y-16896_w-2048_h-2048).tif,Trainset/Labels_tif/105_HE_(d-4_x-21504_y-16896_w-2048_h-2048).tif,Trainset,105,0.33736419677734375,Marsh-1
Trainset/Images_tif/72_HE_(d-4_x-107520_y-44544_w-2048_h-2048).tif,Trainset/Labels_tif/72_HE_(d-4_x-107520_y-44544_w-2048_h-2048).tif,Trainset,72,0.082183837890625,Marsh-3b
Trainset/Images_tif/82_HE_(d-4_x-15360_y-12288_w-2048_h-2048).tif,Trainset/Labels_tif/82_HE_(d-4_x-15360_y-12288_w-2048_h-2048).tif,Trainset,82,0.4042167663574219,Marsh-0
Trainset/Images_tif/121_HE_(d-4_x-18432_y-9216_w-2048_h-2048).tif,Trainset/Labels_tif/121_HE_(d-4_x-18432_y-9216_w-2048_h-2048).tif,Trainset,121,0.035587310791015625,Marsh-3b
Trainset/Images_tif/49_HE_(d-4_x-30720_y-12288_w-2048_h-2048).tif,Trainset/Labels_tif/49_HE_(d-4_x-30720_y-12288_w-2048_h-2048).tif,Trainset,49,0.4052696228027344,Marsh-0
Trainset/Images_tif/113_HE_(d-4_x-6144_y-39936_w-2048_h-2048).tif,Trainset/Labels_tif/113_HE_(d-4_x-6144_y-39936_w-2048_h-2048).tif,Trainset,113,0.12427520751953125,Marsh-3b
Trainset/Images_tif/86_HE_(d-4_x-6144_y-7680_w-2048_h-2048).tif,Trainset/Labels_tif/86_HE_(d-4_x-6144_y-7680_w-2048_h-2048).tif,Trainset,86,0.5086555480957031,Marsh-0
Trainset/Images_tif/29_HE_(d-4_x-66048_y-13824_w-2048_h-2048).tif,Trainset/Labels_tif/29_HE_(d-4_x-66048_y-13824_w-2048_h-2048).tif,Trainset,29,0.2689704895019531,Marsh-1
Trainset/Images_tif/45_HE_(d-4_x-58368_y-12288_w-2048_h-2048).tif,Trainset/Labels_tif/45_HE_(d-4_x-58368_y-12288_w-2048_h-2048).tif,Trainset,45,0.009860992431640625,Marsh-3b
Trainset/Images_tif/91_HE_(d-4_x-13824_y-15360_w-2048_h-2048).tif,Trainset/Labels_tif/91_HE_(d-4_x-13824_y-15360_w-2048_h-2048).tif,Trainset,91,0.14539337158203125,Marsh-3a
Trainset/Images_tif/134_HE_(d-4_x-9216_y-33792_w-2048_h-2048).tif,Trainset/Labels_tif/134_HE_(d-4_x-9216_y-33792_w-2048_h-2048).tif,Trainset,134,0.0,Marsh-3b
Trainset/Images_tif/112_HE_(d-4_x-23040_y-7680_w-2048_h-2048).tif,Trainset/Labels_tif/112_HE_(d-4_x-23040_y-7680_w-2048_h-2048).tif,Trainset,112,0.27852630615234375,Marsh-1
Trainset/Images_tif/106_HE_(d-4_x-9216_y-41472_w-2048_h-2048).tif,Trainset/Labels_tif/106_HE_(d-4_x-9216_y-41472_w-2048_h-2048).tif,Trainset,106,0.0206756591796875,Marsh-3b
Trainset/Images_tif/142_HE_(d-4_x-55296_y-12288_w-2048_h-2048).tif,Trainset/Labels_tif/142_HE_(d-4_x-55296_y-12288_w-2048_h-2048).tif,Trainset,142,0.18903350830078125,Marsh-3a
Trainset/Images_tif/29_HE_(d-4_x-61440_y-10752_w-2048_h-2048).tif,Trainset/Labels_tif/29_HE_(d-4_x-61440_y-10752_w-2048_h-2048).tif,Trainset,29,0.4452629089355469,Marsh-0
Trainset/Images_tif/114_HE_(d-4_x-26112_y-4608_w-2048_h-2048).tif,Trainset/Labels_tif/114_HE_(d-4_x-26112_y-4608_w-2048_h-2048).tif,Trainset,114,0.19698333740234375,Marsh-3a
Trainset/Images_tif/17_HE_(d-4_x-9216_y-6144_w-2048_h-2048).tif,Trainset/Labels_tif/17_HE_(d-4_x-9216_y-6144_w-2048_h-2048).tif,Trainset,17,0.4207572937011719,Marsh-0
Trainset/Images_tif/118_HE_(d-4_x-33792_y-58368_w-2048_h-2048).tif,Trainset/Labels_tif/118_HE_(d-4_x-33792_y-58368_w-2048_h-2048).tif,Trainset,118,0.22697830200195312,Marsh-3a
Trainset/Images_tif/49_HE_(d-4_x-9216_y-15360_w-2048_h-2048).tif,Trainset/Labels_tif/49_HE_(d-4_x-9216_y-15360_w-2048_h-2048).tif,Trainset,49,0.11339569091796875,Marsh-3b
Trainset/Images_tif/26_HE_(d-4_x-9216_y-9216_w-2048_h-2048).tif,Trainset/Labels_tif/26_HE_(d-4_x-9216_y-9216_w-2048_h-2048).tif,Trainset,26,0.4043388366699219,Marsh-0
Trainset/Images_tif/70_HE_(d-4_x-12288_y-9216_w-2048_h-2048).tif,Trainset/Labels_tif/70_HE_(d-4_x-12288_y-9216_w-2048_h-2048).tif,Trainset,70,0.2752342224121094,Marsh-1
Trainset/Images_tif/46_HE_(d-4_x-10752_y-6144_w-2048_h-2048).tif,Trainset/Labels_tif/46_HE_(d-4_x-10752_y-6144_w-2048_h-2048).tif,Trainset,46,0.3801612854003906,Marsh-0
Trainset/Images_tif/128_HE_(d-4_x-7680_y-7680_w-2048_h-2048).tif,Trainset/Labels_tif/128_HE_(d-4_x-7680_y-7680_w-2048_h-2048).tif,Trainset,128,0.11317825317382812,Marsh-3b
Trainset/Images_tif/48_HE_(d-4_x-23040_y-3072_w-2048_h-2048).tif,Trainset/Labels_tif/48_HE_(d-4_x-23040_y-3072_w-2048_h-2048).tif,Trainset,48,0.3534278869628906,Marsh-0
Trainset/Images_tif/43_HE_(d-4_x-30720_y-7680_w-2048_h-2048).tif,Trainset/Labels_tif/43_HE_(d-4_x-30720_y-7680_w-2048_h-2048).tif,Trainset,43,0.3178863525390625,Marsh-1
Trainset/Images_tif/138_HE_(d-4_x-4608_y-3072_w-2048_h-2048).tif,Trainset/Labels_tif/138_HE_(d-4_x-4608_y-3072_w-2048_h-2048).tif,Trainset,138,0.3458518981933594,Marsh-0
Trainset/Images_tif/25_HE_(d-4_x-27648_y-12288_w-2048_h-2048).tif,Trainset/Labels_tif/25_HE_(d-4_x-27648_y-12288_w-2048_h-2048).tif,Trainset,25,0.3520545959472656,Marsh-0
Trainset/Images_tif/112_HE_(d-4_x-19968_y-10752_w-2048_h-2048).tif,Trainset/Labels_tif/112_HE_(d-4_x-19968_y-10752_w-2048_h-2048).tif,Trainset,112,0.04224395751953125,Marsh-3b
Trainset/Images_tif/130_HE_(d-4_x-21504_y-30720_w-2048_h-2048).tif,Trainset/Labels_tif/130_HE_(d-4_x-21504_y-30720_w-2048_h-2048).tif,Trainset,130,0.22215652465820312,Marsh-3a
Trainset/Images_tif/82_HE_(d-4_x-38400_y-9216_w-2048_h-2048).tif,Trainset/Labels_tif/82_HE_(d-4_x-38400_y-9216_w-2048_h-2048).tif,Trainset,82,0.10445404052734375,Marsh-3b
Trainset/Images_tif/19_HE_(d-4_x-7680_y-30720_w-2048_h-2048).tif,Trainset/Labels_tif/19_HE_(d-4_x-7680_y-30720_w-2048_h-2048).tif,Trainset,19,0.2980308532714844,Marsh-1
Trainset/Images_tif/128_HE_(d-4_x-7680_y-23040_w-2048_h-2048).tif,Trainset/Labels_tif/128_HE_(d-4_x-7680_y-23040_w-2048_h-2048).tif,Trainset,128,0.46665191650390625,Marsh-0
Trainset/Images_tif/72_HE_(d-4_x-75264_y-50688_w-2048_h-2048).tif,Trainset/Labels_tif/72_HE_(d-4_x-75264_y-50688_w-2048_h-2048).tif,Trainset,72,0.30786895751953125,Marsh-1
Trainset/Images_tif/49_HE_(d-4_x-12288_y-13824_w-2048_h-2048).tif,Trainset/Labels_tif/49_HE_(d-4_x-12288_y-13824_w-2048_h-2048).tif,Trainset,49,0.052433013916015625,Marsh-3b
Trainset/Images_tif/25_HE_(d-4_x-33792_y-16896_w-2048_h-2048).tif,Trainset/Labels_tif/25_HE_(d-4_x-33792_y-16896_w-2048_h-2048).tif,Trainset,25,0.12302017211914062,Marsh-3b
Trainset/Images_tif/87_HE_(d-4_x-10752_y-6144_w-2048_h-2048).tif,Trainset/Labels_tif/87_HE_(d-4_x-10752_y-6144_w-2048_h-2048).tif,Trainset,87,0.4984130859375,Marsh-0
Trainset/Images_tif/140_HE_(d-4_x-10752_y-6144_w-2048_h-2048).tif,Trainset/Labels_tif/140_HE_(d-4_x-10752_y-6144_w-2048_h-2048).tif,Trainset,140,0.34113311767578125,Marsh-0
Trainset/Images_tif/36_HE_(d-4_x-9216_y-26112_w-2048_h-2048).tif,Trainset/Labels_tif/36_HE_(d-4_x-9216_y-26112_w-2048_h-2048).tif,Trainset,36,0.4717597961425781,Marsh-0
Trainset/Images_tif/111_HE_(d-4_x-6144_y-10752_w-2048_h-2048).tif,Trainset/Labels_tif/111_HE_(d-4_x-6144_y-10752_w-2048_h-2048).tif,Trainset,111,0.42195892333984375,Marsh-0
Trainset/Images_tif/17_HE_(d-4_x-27648_y-0_w-2048_h-2048).tif,Trainset/Labels_tif/17_HE_(d-4_x-27648_y-0_w-2048_h-2048).tif,Trainset,17,0.11648941040039062,Marsh-3b
Trainset/Images_tif/102_HE_(d-4_x-19968_y-39936_w-2048_h-2048).tif,Trainset/Labels_tif/102_HE_(d-4_x-19968_y-39936_w-2048_h-2048).tif,Trainset,102,0.34181976318359375,Marsh-0
Trainset/Images_tif/33_HE_(d-4_x-32256_y-15360_w-2048_h-2048).tif,Trainset/Labels_tif/33_HE_(d-4_x-32256_y-15360_w-2048_h-2048).tif,Trainset,33,0.09810638427734375,Marsh-3b
Trainset/Images_tif/56_HE_(d-4_x-7680_y-56832_w-2048_h-2048).tif,Trainset/Labels_tif/56_HE_(d-4_x-7680_y-56832_w-2048_h-2048).tif,Trainset,56,0.23405075073242188,Marsh-1
Trainset/Images_tif/25_HE_(d-4_x-18432_y-13824_w-2048_h-2048).tif,Trainset/Labels_tif/25_HE_(d-4_x-18432_y-13824_w-2048_h-2048).tif,Trainset,25,0.17888641357421875,Marsh-3a
Trainset/Images_tif/112_HE_(d-4_x-21504_y-1536_w-2048_h-2048).tif,Trainset/Labels_tif/112_HE_(d-4_x-21504_y-1536_w-2048_h-2048).tif,Trainset,112,0.10082626342773438,Marsh-3b
Trainset/Images_tif/138_HE_(d-4_x-10752_y-7680_w-2048_h-2048).tif,Trainset/Labels_tif/138_HE_(d-4_x-10752_y-7680_w-2048_h-2048).tif,Trainset,138,0.10906982421875,Marsh-3b
Trainset/Images_tif/87_HE_(d-4_x-24576_y-19968_w-2048_h-2048).tif,Trainset/Labels_tif/87_HE_(d-4_x-24576_y-19968_w-2048_h-2048).tif,Trainset,87,0.015472412109375,Marsh-3b
Trainset/Images_tif/33_HE_(d-4_x-27648_y-13824_w-2048_h-2048).tif,Trainset/Labels_tif/33_HE_(d-4_x-27648_y-13824_w-2048_h-2048).tif,Trainset,33,0.30603790283203125,Marsh-1
Trainset/Images_tif/14_HE_(d-4_x-19968_y-3072_w-2048_h-2048).tif,Trainset/Labels_tif/14_HE_(d-4_x-19968_y-3072_w-2048_h-2048).tif,Trainset,14,0.2904548645019531,Marsh-1
Trainset/Images_tif/78_HE_(d-4_x-10752_y-12288_w-2048_h-2048).tif,Trainset/Labels_tif/78_HE_(d-4_x-10752_y-12288_w-2048_h-2048).tif,Trainset,78,0.0586700439453125,Marsh-3b
Trainset/Images_tif/55_HE_(d-4_x-16896_y-6144_w-2048_h-2048).tif,Trainset/Labels_tif/55_HE_(d-4_x-16896_y-6144_w-2048_h-2048).tif,Trainset,55,0.2633171081542969,Marsh-1
Trainset/Images_tif/71_HE_(d-4_x-9216_y-35328_w-2048_h-2048).tif,Trainset/Labels_tif/71_HE_(d-4_x-9216_y-35328_w-2048_h-2048).tif,Trainset,71,0.4287910461425781,Marsh-0
Trainset/Images_tif/124_HE_(d-4_x-9216_y-26112_w-2048_h-2048).tif,Trainset/Labels_tif/124_HE_(d-4_x-9216_y-26112_w-2048_h-2048).tif,Trainset,124,0.3270072937011719,Marsh-1
Trainset/Images_tif/25_HE_(d-4_x-19968_y-9216_w-2048_h-2048).tif,Trainset/Labels_tif/25_HE_(d-4_x-19968_y-9216_w-2048_h-2048).tif,Trainset,25,0.5101547241210938,Marsh-0
Trainset/Images_tif/97_HE_(d-4_x-9216_y-10752_w-2048_h-2048).tif,Trainset/Labels_tif/97_HE_(d-4_x-9216_y-10752_w-2048_h-2048).tif,Trainset,97,0.4492759704589844,Marsh-0
Trainset/Images_tif/19_HE_(d-4_x-9216_y-35328_w-2048_h-2048).tif,Trainset/Labels_tif/19_HE_(d-4_x-9216_y-35328_w-2048_h-2048).tif,Trainset,19,0.13330841064453125,Marsh-3b
Trainset/Images_tif/87_HE_(d-4_x-24576_y-13824_w-2048_h-2048).tif,Trainset/Labels_tif/87_HE_(d-4_x-24576_y-13824_w-2048_h-2048).tif,Trainset,87,0.14987564086914062,Marsh-3a
Trainset/Images_tif/84_HE_(d-4_x-9216_y-18432_w-2048_h-2048).tif,Trainset/Labels_tif/84_HE_(d-4_x-9216_y-18432_w-2048_h-2048).tif,Trainset,84,0.21266937255859375,Marsh-3a
Trainset/Images_tif/22_HE_(d-4_x-6144_y-7680_w-2048_h-2048).tif,Trainset/Labels_tif/22_HE_(d-4_x-6144_y-7680_w-2048_h-2048).tif,Trainset,22,0.11229705810546875,Marsh-3b
Trainset/Images_tif/92_HE_(d-4_x-7680_y-9216_w-2048_h-2048).tif,Trainset/Labels_tif/92_HE_(d-4_x-7680_y-9216_w-2048_h-2048).tif,Trainset,92,0.2435760498046875,Marsh-1
Trainset/Images_tif/63_HE_(d-4_x-1536_y-7680_w-2048_h-2048).tif,Trainset/Labels_tif/63_HE_(d-4_x-1536_y-7680_w-2048_h-2048).tif,Trainset,63,0.24362564086914062,Marsh-1
Trainset/Images_tif/92_HE_(d-4_x-19968_y-6144_w-2048_h-2048).tif,Trainset/Labels_tif/92_HE_(d-4_x-19968_y-6144_w-2048_h-2048).tif,Trainset,92,0.3407554626464844,Marsh-0
Trainset/Images_tif/56_HE_(d-4_x-32256_y-53760_w-2048_h-2048).tif,Trainset/Labels_tif/56_HE_(d-4_x-32256_y-53760_w-2048_h-2048).tif,Trainset,56,0.10729598999023438,Marsh-3b
Trainset/Images_tif/45_HE_(d-4_x-62976_y-12288_w-2048_h-2048).tif,Trainset/Labels_tif/45_HE_(d-4_x-62976_y-12288_w-2048_h-2048).tif,Trainset,45,0.11330795288085938,Marsh-3b
Trainset/Images_tif/140_HE_(d-4_x-6144_y-6144_w-2048_h-2048).tif,Trainset/Labels_tif/140_HE_(d-4_x-6144_y-6144_w-2048_h-2048).tif,Trainset,140,0.3790283203125,Marsh-0
Trainset/Images_tif/124_HE_(d-4_x-10752_y-16896_w-2048_h-2048).tif,Trainset/Labels_tif/124_HE_(d-4_x-10752_y-16896_w-2048_h-2048).tif,Trainset,124,0.074188232421875,Marsh-3b
Trainset/Images_tif/8_HE_(d-4_x-21504_y-6144_w-2048_h-2048).tif,Trainset/Labels_tif/8_HE_(d-4_x-21504_y-6144_w-2048_h-2048).tif,Trainset,8,0.1901397705078125,Marsh-3a
Trainset/Images_tif/77_HE_(d-4_x-38400_y-21504_w-2048_h-2048).tif,Trainset/Labels_tif/77_HE_(d-4_x-38400_y-21504_w-2048_h-2048).tif,Trainset,77,0.23176193237304688,Marsh-3a
Trainset/Images_tif/116_HE_(d-4_x-13824_y-6144_w-2048_h-2048).tif,Trainset/Labels_tif/116_HE_(d-4_x-13824_y-6144_w-2048_h-2048).tif,Trainset,116,0.17136001586914062,Marsh-3a
Trainset/Images_tif/106_HE_(d-4_x-10752_y-43008_w-2048_h-2048).tif,Trainset/Labels_tif/106_HE_(d-4_x-10752_y-43008_w-2048_h-2048).tif,Trainset,106,0.06661605834960938,Marsh-3b
Trainset/Images_tif/12_HE_(d-4_x-16896_y-9216_w-2048_h-2048).tif,Trainset/Labels_tif/12_HE_(d-4_x-16896_y-9216_w-2048_h-2048).tif,Trainset,12,0.013397216796875,Marsh-3b
Trainset/Images_tif/126_HE_(d-4_x-10752_y-9216_w-2048_h-2048).tif,Trainset/Labels_tif/126_HE_(d-4_x-10752_y-9216_w-2048_h-2048).tif,Trainset,126,0.25223541259765625,Marsh-1
Trainset/Images_tif/127_HE_(d-4_x-29184_y-13824_w-2048_h-2048).tif,Trainset/Labels_tif/127_HE_(d-4_x-29184_y-13824_w-2048_h-2048).tif,Trainset,127,0.2447967529296875,Marsh-1
Trainset/Images_tif/62_HE_(d-4_x-27648_y-6144_w-2048_h-2048).tif,Trainset/Labels_tif/62_HE_(d-4_x-27648_y-6144_w-2048_h-2048).tif,Trainset,62,0.29715728759765625,Marsh-1
Trainset/Images_tif/111_HE_(d-4_x-62976_y-26112_w-2048_h-2048).tif,Trainset/Labels_tif/111_HE_(d-4_x-62976_y-26112_w-2048_h-2048).tif,Trainset,111,0.45587921142578125,Marsh-0
Trainset/Images_tif/51_HE_(d-4_x-9216_y-16896_w-2048_h-2048).tif,Trainset/Labels_tif/51_HE_(d-4_x-9216_y-16896_w-2048_h-2048).tif,Trainset,51,0.6327323913574219,Marsh-0
Trainset/Images_tif/51_HE_(d-4_x-7680_y-4608_w-2048_h-2048).tif,Trainset/Labels_tif/51_HE_(d-4_x-7680_y-4608_w-2048_h-2048).tif,Trainset,51,0.20471954345703125,Marsh-3a
Trainset/Images_tif/73_HE_(d-4_x-10752_y-4608_w-2048_h-2048).tif,Trainset/Labels_tif/73_HE_(d-4_x-10752_y-4608_w-2048_h-2048).tif,Trainset,73,0.19249725341796875,Marsh-3a
Trainset/Images_tif/81_HE_(d-4_x-27648_y-15360_w-2048_h-2048).tif,Trainset/Labels_tif/81_HE_(d-4_x-27648_y-15360_w-2048_h-2048).tif,Trainset,81,0.44387054443359375,Marsh-0
Trainset/Images_tif/2_HE_(d-4_x-18432_y-46080_w-2048_h-2048).tif,Trainset/Labels_tif/2_HE_(d-4_x-18432_y-46080_w-2048_h-2048).tif,Trainset,2,0.20861053466796875,Marsh-3a
Trainset/Images_tif/86_HE_(d-4_x-7680_y-9216_w-2048_h-2048).tif,Trainset/Labels_tif/86_HE_(d-4_x-7680_y-9216_w-2048_h-2048).tif,Trainset,86,0.7763824462890625,Marsh-0
Trainset/Images_tif/100_HE_(d-4_x-16896_y-56832_w-2048_h-2048).tif,Trainset/Labels_tif/100_HE_(d-4_x-16896_y-56832_w-2048_h-2048).tif,Trainset,100,0.2601318359375,Marsh-1
Trainset/Images_tif/120_HE_(d-4_x-15360_y-6144_w-2048_h-2048).tif,Trainset/Labels_tif/120_HE_(d-4_x-15360_y-6144_w-2048_h-2048).tif,Trainset,120,0.4433441162109375,Marsh-0
Trainset/Images_tif/82_HE_(d-4_x-10752_y-13824_w-2048_h-2048).tif,Trainset/Labels_tif/82_HE_(d-4_x-10752_y-13824_w-2048_h-2048).tif,Trainset,82,0.0,Marsh-3b
Trainset/Images_tif/25_HE_(d-4_x-24576_y-12288_w-2048_h-2048).tif,Trainset/Labels_tif/25_HE_(d-4_x-24576_y-12288_w-2048_h-2048).tif,Trainset,25,0.3911552429199219,Marsh-0
Trainset/Images_tif/39_HE_(d-4_x-10752_y-18432_w-2048_h-2048).tif,Trainset/Labels_tif/39_HE_(d-4_x-10752_y-18432_w-2048_h-2048).tif,Trainset,39,0.3824882507324219,Marsh-0
Trainset/Images_tif/12_HE_(d-4_x-33792_y-10752_w-2048_h-2048).tif,Trainset/Labels_tif/12_HE_(d-4_x-33792_y-10752_w-2048_h-2048).tif,Trainset,12,0.278656005859375,Marsh-1
Trainset/Images_tif/29_HE_(d-4_x-56832_y-15360_w-2048_h-2048).tif,Trainset/Labels_tif/29_HE_(d-4_x-56832_y-15360_w-2048_h-2048).tif,Trainset,29,0.2619590759277344,Marsh-1
Trainset/Images_tif/63_HE_(d-4_x-49152_y-23040_w-2048_h-2048).tif,Trainset/Labels_tif/63_HE_(d-4_x-49152_y-23040_w-2048_h-2048).tif,Trainset,63,0.2779579162597656,Marsh-1
Trainset/Images_tif/127_HE_(d-4_x-30720_y-10752_w-2048_h-2048).tif,Trainset/Labels_tif/127_HE_(d-4_x-30720_y-10752_w-2048_h-2048).tif,Trainset,127,0.2545013427734375,Marsh-1
Trainset/Images_tif/70_HE_(d-4_x-6144_y-10752_w-2048_h-2048).tif,Trainset/Labels_tif/70_HE_(d-4_x-6144_y-10752_w-2048_h-2048).tif,Trainset,70,0.1916351318359375,Marsh-3a
Trainset/Images_tif/1_HE_(d-4_x-18432_y-7680_w-2048_h-2048).tif,Trainset/Labels_tif/1_HE_(d-4_x-18432_y-7680_w-2048_h-2048).tif,Trainset,1,0.5421104431152344,Marsh-0
Trainset/Images_tif/22_HE_(d-4_x-6144_y-9216_w-2048_h-2048).tif,Trainset/Labels_tif/22_HE_(d-4_x-6144_y-9216_w-2048_h-2048).tif,Trainset,22,0.14310455322265625,Marsh-3a
Trainset/Images_tif/78_HE_(d-4_x-16896_y-13824_w-2048_h-2048).tif,Trainset/Labels_tif/78_HE_(d-4_x-16896_y-13824_w-2048_h-2048).tif,Trainset,78,0.41143798828125,Marsh-0
Trainset/Images_tif/132_HE_(d-4_x-6144_y-9216_w-2048_h-2048).tif,Trainset/Labels_tif/132_HE_(d-4_x-6144_y-9216_w-2048_h-2048).tif,Trainset,132,0.2018280029296875,Marsh-3a
Trainset/Images_tif/79_HE_(d-4_x-10752_y-9216_w-2048_h-2048).tif,Trainset/Labels_tif/79_HE_(d-4_x-10752_y-9216_w-2048_h-2048).tif,Trainset,79,0.2608642578125,Marsh-1
Trainset/Images_tif/12_HE_(d-4_x-35328_y-4608_w-2048_h-2048).tif,Trainset/Labels_tif/12_HE_(d-4_x-35328_y-4608_w-2048_h-2048).tif,Trainset,12,0.01732635498046875,Marsh-3b
Trainset/Images_tif/31_HE_(d-4_x-19968_y-56832_w-2048_h-2048).tif,Trainset/Labels_tif/31_HE_(d-4_x-19968_y-56832_w-2048_h-2048).tif,Trainset,31,0.557769775390625,Marsh-0
Trainset/Images_tif/91_HE_(d-4_x-10752_y-23040_w-2048_h-2048).tif,Trainset/Labels_tif/91_HE_(d-4_x-10752_y-23040_w-2048_h-2048).tif,Trainset,91,0.13391494750976562,Marsh-3b
Trainset/Images_tif/135_HE_(d-4_x-32256_y-43008_w-2048_h-2048).tif,Trainset/Labels_tif/135_HE_(d-4_x-32256_y-43008_w-2048_h-2048).tif,Trainset,135,0.25930023193359375,Marsh-1
Trainset/Images_tif/92_HE_(d-4_x-6144_y-9216_w-2048_h-2048).tif,Trainset/Labels_tif/92_HE_(d-4_x-6144_y-9216_w-2048_h-2048).tif,Trainset,92,0.2859230041503906,Marsh-1
Trainset/Images_tif/49_HE_(d-4_x-32256_y-6144_w-2048_h-2048).tif,Trainset/Labels_tif/49_HE_(d-4_x-32256_y-6144_w-2048_h-2048).tif,Trainset,49,0.20665740966796875,Marsh-3a
Trainset/Images_tif/128_HE_(d-4_x-3072_y-6144_w-2048_h-2048).tif,Trainset/Labels_tif/128_HE_(d-4_x-3072_y-6144_w-2048_h-2048).tif,Trainset,128,0.283477783203125,Marsh-1
Trainset/Images_tif/84_HE_(d-4_x-13824_y-18432_w-2048_h-2048).tif,Trainset/Labels_tif/84_HE_(d-4_x-13824_y-18432_w-2048_h-2048).tif,Trainset,84,0.3746986389160156,Marsh-0
Trainset/Images_tif/82_HE_(d-4_x-33792_y-4608_w-2048_h-2048).tif,Trainset/Labels_tif/82_HE_(d-4_x-33792_y-4608_w-2048_h-2048).tif,Trainset,82,0.4493293762207031,Marsh-0
Trainset/Images_tif/1_HE_(d-4_x-19968_y-3072_w-2048_h-2048).tif,Trainset/Labels_tif/1_HE_(d-4_x-19968_y-3072_w-2048_h-2048).tif,Trainset,1,0.42456817626953125,Marsh-0
Trainset/Images_tif/36_HE_(d-4_x-13824_y-24576_w-2048_h-2048).tif,Trainset/Labels_tif/36_HE_(d-4_x-13824_y-24576_w-2048_h-2048).tif,Trainset,36,0.18396377563476562,Marsh-3a
Trainset/Images_tif/76_HE_(d-4_x-26112_y-29184_w-2048_h-2048).tif,Trainset/Labels_tif/76_HE_(d-4_x-26112_y-29184_w-2048_h-2048).tif,Trainset,76,0.21772384643554688,Marsh-3a
Trainset/Images_tif/101_HE_(d-4_x-9216_y-12288_w-2048_h-2048).tif,Trainset/Labels_tif/101_HE_(d-4_x-9216_y-12288_w-2048_h-2048).tif,Trainset,101,0.3662528991699219,Marsh-0
Trainset/Images_tif/12_HE_(d-4_x-39936_y-10752_w-2048_h-2048).tif,Trainset/Labels_tif/12_HE_(d-4_x-39936_y-10752_w-2048_h-2048).tif,Trainset,12,0.20703125,Marsh-3a
Trainset/Images_tif/45_HE_(d-4_x-58368_y-13824_w-2048_h-2048).tif,Trainset/Labels_tif/45_HE_(d-4_x-58368_y-13824_w-2048_h-2048).tif,Trainset,45,0.2712554931640625,Marsh-1
Trainset/Images_tif/32_HE_(d-4_x-52224_y-66048_w-2048_h-2048).tif,Trainset/Labels_tif/32_HE_(d-4_x-52224_y-66048_w-2048_h-2048).tif,Trainset,32,0.0997772216796875,Marsh-3b
Trainset/Images_tif/18_HE_(d-4_x-10752_y-9216_w-2048_h-2048).tif,Trainset/Labels_tif/18_HE_(d-4_x-10752_y-9216_w-2048_h-2048).tif,Trainset,18,0.24440765380859375,Marsh-1
Trainset/Images_tif/111_HE_(d-4_x-12288_y-12288_w-2048_h-2048).tif,Trainset/Labels_tif/111_HE_(d-4_x-12288_y-12288_w-2048_h-2048).tif,Trainset,111,0.5764045715332031,Marsh-0
Trainset/Images_tif/19_HE_(d-4_x-26112_y-4608_w-2048_h-2048).tif,Trainset/Labels_tif/19_HE_(d-4_x-26112_y-4608_w-2048_h-2048).tif,Trainset,19,0.3184318542480469,Marsh-1
Trainset/Images_tif/87_HE_(d-4_x-26112_y-19968_w-2048_h-2048).tif,Trainset/Labels_tif/87_HE_(d-4_x-26112_y-19968_w-2048_h-2048).tif,Trainset,87,0.20725631713867188,Marsh-3a
Trainset/Images_tif/94_HE_(d-4_x-24576_y-47616_w-2048_h-2048).tif,Trainset/Labels_tif/94_HE_(d-4_x-24576_y-47616_w-2048_h-2048).tif,Trainset,94,0.4378204345703125,Marsh-0
Trainset/Images_tif/114_HE_(d-4_x-26112_y-16896_w-2048_h-2048).tif,Trainset/Labels_tif/114_HE_(d-4_x-26112_y-16896_w-2048_h-2048).tif,Trainset,114,0.2868194580078125,Marsh-1
Trainset/Images_tif/76_HE_(d-4_x-13824_y-26112_w-2048_h-2048).tif,Trainset/Labels_tif/76_HE_(d-4_x-13824_y-26112_w-2048_h-2048).tif,Trainset,76,0.4003753662109375,Marsh-0
Trainset/Images_tif/112_HE_(d-4_x-18432_y-7680_w-2048_h-2048).tif,Trainset/Labels_tif/112_HE_(d-4_x-18432_y-7680_w-2048_h-2048).tif,Trainset,112,0.0,Marsh-3b
Trainset/Images_tif/82_HE_(d-4_x-33792_y-7680_w-2048_h-2048).tif,Trainset/Labels_tif/82_HE_(d-4_x-33792_y-7680_w-2048_h-2048).tif,Trainset,82,0.28762054443359375,Marsh-1
Trainset/Images_tif/121_HE_(d-4_x-15360_y-10752_w-2048_h-2048).tif,Trainset/Labels_tif/121_HE_(d-4_x-15360_y-10752_w-2048_h-2048).tif,Trainset,121,0.40036773681640625,Marsh-0
Trainset/Images_tif/122_HE_(d-4_x-9216_y-6144_w-2048_h-2048).tif,Trainset/Labels_tif/122_HE_(d-4_x-9216_y-6144_w-2048_h-2048).tif,Trainset,122,0.27716827392578125,Marsh-1
Trainset/Images_tif/74_HE_(d-4_x-33792_y-3072_w-2048_h-2048).tif,Trainset/Labels_tif/74_HE_(d-4_x-33792_y-3072_w-2048_h-2048).tif,Trainset,74,0.36962127685546875,Marsh-0
Trainset/Images_tif/85_HE_(d-4_x-30720_y-19968_w-2048_h-2048).tif,Trainset/Labels_tif/85_HE_(d-4_x-30720_y-19968_w-2048_h-2048).tif,Trainset,85,0.3172874450683594,Marsh-1
Trainset/Images_tif/128_HE_(d-4_x-13824_y-26112_w-2048_h-2048).tif,Trainset/Labels_tif/128_HE_(d-4_x-13824_y-26112_w-2048_h-2048).tif,Trainset,128,0.18494796752929688,Marsh-3a
Trainset/Images_tif/25_HE_(d-4_x-23040_y-9216_w-2048_h-2048).tif,Trainset/Labels_tif/25_HE_(d-4_x-23040_y-9216_w-2048_h-2048).tif,Trainset,25,0.008762359619140625,Marsh-3b
Trainset/Images_tif/81_HE_(d-4_x-3072_y-13824_w-2048_h-2048).tif,Trainset/Labels_tif/81_HE_(d-4_x-3072_y-13824_w-2048_h-2048).tif,Trainset,81,0.3119659423828125,Marsh-1
Trainset/Images_tif/62_HE_(d-4_x-29184_y-7680_w-2048_h-2048).tif,Trainset/Labels_tif/62_HE_(d-4_x-29184_y-7680_w-2048_h-2048).tif,Trainset,62,0.5417098999023438,Marsh-0
Trainset/Images_tif/138_HE_(d-4_x-16896_y-9216_w-2048_h-2048).tif,Trainset/Labels_tif/138_HE_(d-4_x-16896_y-9216_w-2048_h-2048).tif,Trainset,138,0.14538192749023438,Marsh-3a
Trainset/Images_tif/84_HE_(d-4_x-12288_y-18432_w-2048_h-2048).tif,Trainset/Labels_tif/84_HE_(d-4_x-12288_y-18432_w-2048_h-2048).tif,Trainset,84,0.2376708984375,Marsh-1
Trainset/Images_tif/136_HE_(d-4_x-35328_y-9216_w-2048_h-2048).tif,Trainset/Labels_tif/136_HE_(d-4_x-35328_y-9216_w-2048_h-2048).tif,Trainset,136,0.10572052001953125,Marsh-3b
Trainset/Images_tif/33_HE_(d-4_x-9216_y-9216_w-2048_h-2048).tif,Trainset/Labels_tif/33_HE_(d-4_x-9216_y-9216_w-2048_h-2048).tif,Trainset,33,0.2539176940917969,Marsh-1
Trainset/Images_tif/56_HE_(d-4_x-10752_y-53760_w-2048_h-2048).tif,Trainset/Labels_tif/56_HE_(d-4_x-10752_y-53760_w-2048_h-2048).tif,Trainset,56,0.2737541198730469,Marsh-1
Trainset/Images_tif/49_HE_(d-4_x-33792_y-4608_w-2048_h-2048).tif,Trainset/Labels_tif/49_HE_(d-4_x-33792_y-4608_w-2048_h-2048).tif,Trainset,49,0.1806182861328125,Marsh-3a
Trainset/Images_tif/65_HE_(d-4_x-12288_y-26112_w-2048_h-2048).tif,Trainset/Labels_tif/65_HE_(d-4_x-12288_y-26112_w-2048_h-2048).tif,Trainset,65,0.00133514404296875,Marsh-3b
Trainset/Images_tif/80_HE_(d-4_x-21504_y-19968_w-2048_h-2048).tif,Trainset/Labels_tif/80_HE_(d-4_x-21504_y-19968_w-2048_h-2048).tif,Trainset,80,0.13499069213867188,Marsh-3a
Trainset/Images_tif/70_HE_(d-4_x-10752_y-4608_w-2048_h-2048).tif,Trainset/Labels_tif/70_HE_(d-4_x-10752_y-4608_w-2048_h-2048).tif,Trainset,70,0.18114471435546875,Marsh-3a
Trainset/Images_tif/121_HE_(d-4_x-18432_y-4608_w-2048_h-2048).tif,Trainset/Labels_tif/121_HE_(d-4_x-18432_y-4608_w-2048_h-2048).tif,Trainset,121,0.3194847106933594,Marsh-1
Trainset/Images_tif/2_HE_(d-4_x-29184_y-41472_w-2048_h-2048).tif,Trainset/Labels_tif/2_HE_(d-4_x-29184_y-41472_w-2048_h-2048).tif,Trainset,2,0.3515129089355469,Marsh-0
Trainset/Images_tif/142_HE_(d-4_x-49152_y-9216_w-2048_h-2048).tif,Trainset/Labels_tif/142_HE_(d-4_x-49152_y-9216_w-2048_h-2048).tif,Trainset,142,0.042236328125,Marsh-3b
Trainset/Images_tif/111_HE_(d-4_x-59904_y-27648_w-2048_h-2048).tif,Trainset/Labels_tif/111_HE_(d-4_x-59904_y-27648_w-2048_h-2048).tif,Trainset,111,0.42183685302734375,Marsh-0
Trainset/Images_tif/39_HE_(d-4_x-30720_y-13824_w-2048_h-2048).tif,Trainset/Labels_tif/39_HE_(d-4_x-30720_y-13824_w-2048_h-2048).tif,Trainset,39,0.0,Marsh-3b
Trainset/Images_tif/102_HE_(d-4_x-6144_y-7680_w-2048_h-2048).tif,Trainset/Labels_tif/102_HE_(d-4_x-6144_y-7680_w-2048_h-2048).tif,Trainset,102,0.10230636596679688,Marsh-3b
Trainset/Images_tif/86_HE_(d-4_x-27648_y-9216_w-2048_h-2048).tif,Trainset/Labels_tif/86_HE_(d-4_x-27648_y-9216_w-2048_h-2048).tif,Trainset,86,0.2723388671875,Marsh-1
Trainset/Images_tif/17_HE_(d-4_x-26112_y-3072_w-2048_h-2048).tif,Trainset/Labels_tif/17_HE_(d-4_x-26112_y-3072_w-2048_h-2048).tif,Trainset,17,0.3199272155761719,Marsh-1
Trainset/Images_tif/142_HE_(d-4_x-6144_y-4608_w-2048_h-2048).tif,Trainset/Labels_tif/142_HE_(d-4_x-6144_y-4608_w-2048_h-2048).tif,Trainset,142,0.08215713500976562,Marsh-3b
Trainset/Images_tif/10_HE_(d-4_x-23040_y-6144_w-2048_h-2048).tif,Trainset/Labels_tif/10_HE_(d-4_x-23040_y-6144_w-2048_h-2048).tif,Trainset,10,0.046772003173828125,Marsh-3b
Trainset/Images_tif/112_HE_(d-4_x-7680_y-10752_w-2048_h-2048).tif,Trainset/Labels_tif/112_HE_(d-4_x-7680_y-10752_w-2048_h-2048).tif,Trainset,112,0.1134185791015625,Marsh-3b
Trainset/Images_tif/111_HE_(d-4_x-44544_y-12288_w-2048_h-2048).tif,Trainset/Labels_tif/111_HE_(d-4_x-44544_y-12288_w-2048_h-2048).tif,Trainset,111,0.2913818359375,Marsh-1
Trainset/Images_tif/16_HE_(d-4_x-4608_y-4608_w-2048_h-2048).tif,Trainset/Labels_tif/16_HE_(d-4_x-4608_y-4608_w-2048_h-2048).tif,Trainset,16,0.09812164306640625,Marsh-3b
Trainset/Images_tif/112_HE_(d-4_x-21504_y-4608_w-2048_h-2048).tif,Trainset/Labels_tif/112_HE_(d-4_x-21504_y-4608_w-2048_h-2048).tif,Trainset,112,0.0,Marsh-3b
Trainset/Images_tif/102_HE_(d-4_x-21504_y-38400_w-2048_h-2048).tif,Trainset/Labels_tif/102_HE_(d-4_x-21504_y-38400_w-2048_h-2048).tif,Trainset,102,0.313140869140625,Marsh-1
Trainset/Images_tif/38_HE_(d-4_x-36864_y-24576_w-2048_h-2048).tif,Trainset/Labels_tif/38_HE_(d-4_x-36864_y-24576_w-2048_h-2048).tif,Trainset,38,0.34674835205078125,Marsh-0
Trainset/Images_tif/112_HE_(d-4_x-6144_y-10752_w-2048_h-2048).tif,Trainset/Labels_tif/112_HE_(d-4_x-6144_y-10752_w-2048_h-2048).tif,Trainset,112,0.06995010375976562,Marsh-3b
Trainset/Images_tif/8_HE_(d-4_x-38400_y-23040_w-2048_h-2048).tif,Trainset/Labels_tif/8_HE_(d-4_x-38400_y-23040_w-2048_h-2048).tif,Trainset,8,0.1178131103515625,Marsh-3b
Trainset/Images_tif/18_HE_(d-4_x-23040_y-6144_w-2048_h-2048).tif,Trainset/Labels_tif/18_HE_(d-4_x-23040_y-6144_w-2048_h-2048).tif,Trainset,18,0.4929656982421875,Marsh-0
Trainset/Images_tif/26_HE_(d-4_x-6144_y-10752_w-2048_h-2048).tif,Trainset/Labels_tif/26_HE_(d-4_x-6144_y-10752_w-2048_h-2048).tif,Trainset,26,0.4228096008300781,Marsh-0
Trainset/Images_tif/76_HE_(d-4_x-33792_y-24576_w-2048_h-2048).tif,Trainset/Labels_tif/76_HE_(d-4_x-33792_y-24576_w-2048_h-2048).tif,Trainset,76,0.01560211181640625,Marsh-3b
Trainset/Images_tif/14_HE_(d-4_x-3072_y-6144_w-2048_h-2048).tif,Trainset/Labels_tif/14_HE_(d-4_x-3072_y-6144_w-2048_h-2048).tif,Trainset,14,0.24309539794921875,Marsh-1
Trainset/Images_tif/91_HE_(d-4_x-12288_y-15360_w-2048_h-2048).tif,Trainset/Labels_tif/91_HE_(d-4_x-12288_y-15360_w-2048_h-2048).tif,Trainset,91,0.25177001953125,Marsh-1
Trainset/Images_tif/122_HE_(d-4_x-4608_y-18432_w-2048_h-2048).tif,Trainset/Labels_tif/122_HE_(d-4_x-4608_y-18432_w-2048_h-2048).tif,Trainset,122,0.170562744140625,Marsh-3a
Trainset/Images_tif/89_HE_(d-4_x-10752_y-6144_w-2048_h-2048).tif,Trainset/Labels_tif/89_HE_(d-4_x-10752_y-6144_w-2048_h-2048).tif,Trainset,89,0.042430877685546875,Marsh-3b
Trainset/Images_tif/73_HE_(d-4_x-6144_y-13824_w-2048_h-2048).tif,Trainset/Labels_tif/73_HE_(d-4_x-6144_y-13824_w-2048_h-2048).tif,Trainset,73,0.15748214721679688,Marsh-3a
Trainset/Images_tif/19_HE_(d-4_x-23040_y-9216_w-2048_h-2048).tif,Trainset/Labels_tif/19_HE_(d-4_x-23040_y-9216_w-2048_h-2048).tif,Trainset,19,0.018939971923828125,Marsh-3b
Trainset/Images_tif/73_HE_(d-4_x-10752_y-13824_w-2048_h-2048).tif,Trainset/Labels_tif/73_HE_(d-4_x-10752_y-13824_w-2048_h-2048).tif,Trainset,73,0.10526657104492188,Marsh-3b
Trainset/Images_tif/56_HE_(d-4_x-15360_y-62976_w-2048_h-2048).tif,Trainset/Labels_tif/56_HE_(d-4_x-15360_y-62976_w-2048_h-2048).tif,Trainset,56,0.10135650634765625,Marsh-3b
Trainset/Images_tif/134_HE_(d-4_x-7680_y-29184_w-2048_h-2048).tif,Trainset/Labels_tif/134_HE_(d-4_x-7680_y-29184_w-2048_h-2048).tif,Trainset,134,0.4735527038574219,Marsh-0
Trainset/Images_tif/116_HE_(d-4_x-3072_y-10752_w-2048_h-2048).tif,Trainset/Labels_tif/116_HE_(d-4_x-3072_y-10752_w-2048_h-2048).tif,Trainset,116,0.3425636291503906,Marsh-0
Trainset/Images_tif/118_HE_(d-4_x-38400_y-50688_w-2048_h-2048).tif,Trainset/Labels_tif/118_HE_(d-4_x-38400_y-50688_w-2048_h-2048).tif,Trainset,118,0.4595794677734375,Marsh-0
Trainset/Images_tif/63_HE_(d-4_x-21504_y-16896_w-2048_h-2048).tif,Trainset/Labels_tif/63_HE_(d-4_x-21504_y-16896_w-2048_h-2048).tif,Trainset,63,0.150482177734375,Marsh-3a
Trainset/Images_tif/43_HE_(d-4_x-4608_y-7680_w-2048_h-2048).tif,Trainset/Labels_tif/43_HE_(d-4_x-4608_y-7680_w-2048_h-2048).tif,Trainset,43,0.3785896301269531,Marsh-0
Trainset/Images_tif/62_HE_(d-4_x-33792_y-7680_w-2048_h-2048).tif,Trainset/Labels_tif/62_HE_(d-4_x-33792_y-7680_w-2048_h-2048).tif,Trainset,62,0.455963134765625,Marsh-0
Trainset/Images_tif/58_HE_(d-4_x-27648_y-16896_w-2048_h-2048).tif,Trainset/Labels_tif/58_HE_(d-4_x-27648_y-16896_w-2048_h-2048).tif,Trainset,58,0.5731735229492188,Marsh-0
Trainset/Images_tif/72_HE_(d-4_x-76800_y-59904_w-2048_h-2048).tif,Trainset/Labels_tif/72_HE_(d-4_x-76800_y-59904_w-2048_h-2048).tif,Trainset,72,0.3978233337402344,Marsh-0
Trainset/Images_tif/11_HE_(d-4_x-9216_y-39936_w-2048_h-2048).tif,Trainset/Labels_tif/11_HE_(d-4_x-9216_y-39936_w-2048_h-2048).tif,Trainset,11,0.20595932006835938,Marsh-3a
Trainset/Images_tif/118_HE_(d-4_x-35328_y-53760_w-2048_h-2048).tif,Trainset/Labels_tif/118_HE_(d-4_x-35328_y-53760_w-2048_h-2048).tif,Trainset,118,0.17730712890625,Marsh-3a
Trainset/Images_tif/111_HE_(d-4_x-44544_y-13824_w-2048_h-2048).tif,Trainset/Labels_tif/111_HE_(d-4_x-44544_y-13824_w-2048_h-2048).tif,Trainset,111,0.4327049255371094,Marsh-0
Trainset/Images_tif/56_HE_(d-4_x-7680_y-58368_w-2048_h-2048).tif,Trainset/Labels_tif/56_HE_(d-4_x-7680_y-58368_w-2048_h-2048).tif,Trainset,56,0.17626953125,Marsh-3a
Trainset/Images_tif/39_HE_(d-4_x-10752_y-16896_w-2048_h-2048).tif,Trainset/Labels_tif/39_HE_(d-4_x-10752_y-16896_w-2048_h-2048).tif,Trainset,39,0.32877349853515625,Marsh-1
Trainset/Images_tif/12_HE_(d-4_x-12288_y-9216_w-2048_h-2048).tif,Trainset/Labels_tif/12_HE_(d-4_x-12288_y-9216_w-2048_h-2048).tif,Trainset,12,0.16399765014648438,Marsh-3a
Trainset/Images_tif/2_HE_(d-4_x-7680_y-43008_w-2048_h-2048).tif,Trainset/Labels_tif/2_HE_(d-4_x-7680_y-43008_w-2048_h-2048).tif,Trainset,2,0.08391571044921875,Marsh-3b
Trainset/Images_tif/134_HE_(d-4_x-7680_y-32256_w-2048_h-2048).tif,Trainset/Labels_tif/134_HE_(d-4_x-7680_y-32256_w-2048_h-2048).tif,Trainset,134,0.11918258666992188,Marsh-3b
Trainset/Images_tif/134_HE_(d-4_x-6144_y-29184_w-2048_h-2048).tif,Trainset/Labels_tif/134_HE_(d-4_x-6144_y-29184_w-2048_h-2048).tif,Trainset,134,0.17859268188476562,Marsh-3a
Trainset/Images_tif/82_HE_(d-4_x-16896_y-12288_w-2048_h-2048).tif,Trainset/Labels_tif/82_HE_(d-4_x-16896_y-12288_w-2048_h-2048).tif,Trainset,82,0.4567985534667969,Marsh-0
Trainset/Images_tif/67_HE_(d-4_x-7680_y-15360_w-2048_h-2048).tif,Trainset/Labels_tif/67_HE_(d-4_x-7680_y-15360_w-2048_h-2048).tif,Trainset,67,0.187225341796875,Marsh-3a
Trainset/Images_tif/124_HE_(d-4_x-10752_y-19968_w-2048_h-2048).tif,Trainset/Labels_tif/124_HE_(d-4_x-10752_y-19968_w-2048_h-2048).tif,Trainset,124,0.25495147705078125,Marsh-1
Trainset/Images_tif/97_HE_(d-4_x-10752_y-9216_w-2048_h-2048).tif,Trainset/Labels_tif/97_HE_(d-4_x-10752_y-9216_w-2048_h-2048).tif,Trainset,97,0.08754730224609375,Marsh-3b
Trainset/Images_tif/132_HE_(d-4_x-24576_y-15360_w-2048_h-2048).tif,Trainset/Labels_tif/132_HE_(d-4_x-24576_y-15360_w-2048_h-2048).tif,Trainset,132,0.3355369567871094,Marsh-1
Trainset/Images_tif/91_HE_(d-4_x-12288_y-6144_w-2048_h-2048).tif,Trainset/Labels_tif/91_HE_(d-4_x-12288_y-6144_w-2048_h-2048).tif,Trainset,91,0.14172744750976562,Marsh-3a
Trainset/Images_tif/72_HE_(d-4_x-104448_y-50688_w-2048_h-2048).tif,Trainset/Labels_tif/72_HE_(d-4_x-104448_y-50688_w-2048_h-2048).tif,Trainset,72,0.22081756591796875,Marsh-3a
Trainset/Images_tif/2_HE_(d-4_x-15360_y-44544_w-2048_h-2048).tif,Trainset/Labels_tif/2_HE_(d-4_x-15360_y-44544_w-2048_h-2048).tif,Trainset,2,0.0,Marsh-3b
Trainset/Images_tif/113_HE_(d-4_x-15360_y-9216_w-2048_h-2048).tif,Trainset/Labels_tif/113_HE_(d-4_x-15360_y-9216_w-2048_h-2048).tif,Trainset,113,0.15773391723632812,Marsh-3a
Trainset/Images_tif/67_HE_(d-4_x-4608_y-7680_w-2048_h-2048).tif,Trainset/Labels_tif/67_HE_(d-4_x-4608_y-7680_w-2048_h-2048).tif,Trainset,67,0.17951202392578125,Marsh-3a
Trainset/Images_tif/86_HE_(d-4_x-30720_y-3072_w-2048_h-2048).tif,Trainset/Labels_tif/86_HE_(d-4_x-30720_y-3072_w-2048_h-2048).tif,Trainset,86,0.18028640747070312,Marsh-3a
Trainset/Images_tif/118_HE_(d-4_x-75264_y-52224_w-2048_h-2048).tif,Trainset/Labels_tif/118_HE_(d-4_x-75264_y-52224_w-2048_h-2048).tif,Trainset,118,0.01956939697265625,Marsh-3b
Trainset/Images_tif/109_HE_(d-4_x-6144_y-23040_w-2048_h-2048).tif,Trainset/Labels_tif/109_HE_(d-4_x-6144_y-23040_w-2048_h-2048).tif,Trainset,109,0.35687255859375,Marsh-0
Trainset/Images_tif/84_HE_(d-4_x-13824_y-21504_w-2048_h-2048).tif,Trainset/Labels_tif/84_HE_(d-4_x-13824_y-21504_w-2048_h-2048).tif,Trainset,84,0.2276611328125,Marsh-3a
Trainset/Images_tif/100_HE_(d-4_x-12288_y-61440_w-2048_h-2048).tif,Trainset/Labels_tif/100_HE_(d-4_x-12288_y-61440_w-2048_h-2048).tif,Trainset,100,0.22003173828125,Marsh-3a
Trainset/Images_tif/116_HE_(d-4_x-12288_y-9216_w-2048_h-2048).tif,Trainset/Labels_tif/116_HE_(d-4_x-12288_y-9216_w-2048_h-2048).tif,Trainset,116,0.41193389892578125,Marsh-0
Trainset/Images_tif/17_HE_(d-4_x-33792_y-10752_w-2048_h-2048).tif,Trainset/Labels_tif/17_HE_(d-4_x-33792_y-10752_w-2048_h-2048).tif,Trainset,17,0.19394683837890625,Marsh-3a
Trainset/Images_tif/13_HE_(d-4_x-26112_y-4608_w-2048_h-2048).tif,Trainset/Labels_tif/13_HE_(d-4_x-26112_y-4608_w-2048_h-2048).tif,Trainset,13,0.07245635986328125,Marsh-3b
Trainset/Images_tif/56_HE_(d-4_x-36864_y-61440_w-2048_h-2048).tif,Trainset/Labels_tif/56_HE_(d-4_x-36864_y-61440_w-2048_h-2048).tif,Trainset,56,0.15815353393554688,Marsh-3a
Trainset/Images_tif/76_HE_(d-4_x-36864_y-24576_w-2048_h-2048).tif,Trainset/Labels_tif/76_HE_(d-4_x-36864_y-24576_w-2048_h-2048).tif,Trainset,76,0.4599723815917969,Marsh-0
Trainset/Images_tif/76_HE_(d-4_x-6144_y-21504_w-2048_h-2048).tif,Trainset/Labels_tif/76_HE_(d-4_x-6144_y-21504_w-2048_h-2048).tif,Trainset,76,0.0,Marsh-3b
Trainset/Images_tif/14_HE_(d-4_x-18432_y-4608_w-2048_h-2048).tif,Trainset/Labels_tif/14_HE_(d-4_x-18432_y-4608_w-2048_h-2048).tif,Trainset,14,0.26666259765625,Marsh-1
Trainset/Images_tif/56_HE_(d-4_x-6144_y-56832_w-2048_h-2048).tif,Trainset/Labels_tif/56_HE_(d-4_x-6144_y-56832_w-2048_h-2048).tif,Trainset,56,0.2944793701171875,Marsh-1
Trainset/Images_tif/111_HE_(d-4_x-41472_y-12288_w-2048_h-2048).tif,Trainset/Labels_tif/111_HE_(d-4_x-41472_y-12288_w-2048_h-2048).tif,Trainset,111,0.3841552734375,Marsh-0
Trainset/Images_tif/128_HE_(d-4_x-12288_y-24576_w-2048_h-2048).tif,Trainset/Labels_tif/128_HE_(d-4_x-12288_y-24576_w-2048_h-2048).tif,Trainset,128,0.2905731201171875,Marsh-1
Trainset/Images_tif/49_HE_(d-4_x-6144_y-13824_w-2048_h-2048).tif,Trainset/Labels_tif/49_HE_(d-4_x-6144_y-13824_w-2048_h-2048).tif,Trainset,49,0.21848678588867188,Marsh-3a
Trainset/Images_tif/1_HE_(d-4_x-16896_y-6144_w-2048_h-2048).tif,Trainset/Labels_tif/1_HE_(d-4_x-16896_y-6144_w-2048_h-2048).tif,Trainset,1,0.3967247009277344,Marsh-0
Trainset/Images_tif/53_HE_(d-4_x-15360_y-7680_w-2048_h-2048).tif,Trainset/Labels_tif/53_HE_(d-4_x-15360_y-7680_w-2048_h-2048).tif,Trainset,53,0.034564971923828125,Marsh-3b
Trainset/Images_tif/25_HE_(d-4_x-19968_y-10752_w-2048_h-2048).tif,Trainset/Labels_tif/25_HE_(d-4_x-19968_y-10752_w-2048_h-2048).tif,Trainset,25,0.3375701904296875,Marsh-1
Trainset/Images_tif/70_HE_(d-4_x-12288_y-12288_w-2048_h-2048).tif,Trainset/Labels_tif/70_HE_(d-4_x-12288_y-12288_w-2048_h-2048).tif,Trainset,70,0.3790931701660156,Marsh-0
Trainset/Images_tif/27_HE_(d-4_x-10752_y-32256_w-2048_h-2048).tif,Trainset/Labels_tif/27_HE_(d-4_x-10752_y-32256_w-2048_h-2048).tif,Trainset,27,0.2832374572753906,Marsh-1
Trainset/Images_tif/62_HE_(d-4_x-27648_y-7680_w-2048_h-2048).tif,Trainset/Labels_tif/62_HE_(d-4_x-27648_y-7680_w-2048_h-2048).tif,Trainset,62,0.4910087585449219,Marsh-0
Trainset/Images_tif/86_HE_(d-4_x-4608_y-13824_w-2048_h-2048).tif,Trainset/Labels_tif/86_HE_(d-4_x-4608_y-13824_w-2048_h-2048).tif,Trainset,86,0.6146316528320312,Marsh-0
Trainset/Images_tif/76_HE_(d-4_x-29184_y-26112_w-2048_h-2048).tif,Trainset/Labels_tif/76_HE_(d-4_x-29184_y-26112_w-2048_h-2048).tif,Trainset,76,0.21480178833007812,Marsh-3a
Trainset/Images_tif/127_HE_(d-4_x-4608_y-6144_w-2048_h-2048).tif,Trainset/Labels_tif/127_HE_(d-4_x-4608_y-6144_w-2048_h-2048).tif,Trainset,127,0.23479080200195312,Marsh-1
Trainset/Images_tif/134_HE_(d-4_x-12288_y-27648_w-2048_h-2048).tif,Trainset/Labels_tif/134_HE_(d-4_x-12288_y-27648_w-2048_h-2048).tif,Trainset,134,0.2777099609375,Marsh-1
Trainset/Images_tif/31_HE_(d-4_x-15360_y-53760_w-2048_h-2048).tif,Trainset/Labels_tif/31_HE_(d-4_x-15360_y-53760_w-2048_h-2048).tif,Trainset,31,0.148651123046875,Marsh-3a
Trainset/Images_tif/14_HE_(d-4_x-24576_y-9216_w-2048_h-2048).tif,Trainset/Labels_tif/14_HE_(d-4_x-24576_y-9216_w-2048_h-2048).tif,Trainset,14,0.21831893920898438,Marsh-3a
Trainset/Images_tif/111_HE_(d-4_x-39936_y-12288_w-2048_h-2048).tif,Trainset/Labels_tif/111_HE_(d-4_x-39936_y-12288_w-2048_h-2048).tif,Trainset,111,0.12849044799804688,Marsh-3b
Trainset/Images_tif/84_HE_(d-4_x-33792_y-27648_w-2048_h-2048).tif,Trainset/Labels_tif/84_HE_(d-4_x-33792_y-27648_w-2048_h-2048).tif,Trainset,84,0.4055061340332031,Marsh-0
Trainset/Images_tif/111_HE_(d-4_x-6144_y-15360_w-2048_h-2048).tif,Trainset/Labels_tif/111_HE_(d-4_x-6144_y-15360_w-2048_h-2048).tif,Trainset,111,0.39361572265625,Marsh-0
Trainset/Images_tif/33_HE_(d-4_x-24576_y-12288_w-2048_h-2048).tif,Trainset/Labels_tif/33_HE_(d-4_x-24576_y-12288_w-2048_h-2048).tif,Trainset,33,0.20145797729492188,Marsh-3a
Trainset/Images_tif/111_HE_(d-4_x-41472_y-10752_w-2048_h-2048).tif,Trainset/Labels_tif/111_HE_(d-4_x-41472_y-10752_w-2048_h-2048).tif,Trainset,111,0.3245048522949219,Marsh-1
Trainset/Images_tif/106_HE_(d-4_x-38400_y-47616_w-2048_h-2048).tif,Trainset/Labels_tif/106_HE_(d-4_x-38400_y-47616_w-2048_h-2048).tif,Trainset,106,0.20119476318359375,Marsh-3a
Trainset/Images_tif/74_HE_(d-4_x-4608_y-6144_w-2048_h-2048).tif,Trainset/Labels_tif/74_HE_(d-4_x-4608_y-6144_w-2048_h-2048).tif,Trainset,74,0.4254646301269531,Marsh-0
Trainset/Images_tif/78_HE_(d-4_x-23040_y-19968_w-2048_h-2048).tif,Trainset/Labels_tif/78_HE_(d-4_x-23040_y-19968_w-2048_h-2048).tif,Trainset,78,0.249969482421875,Marsh-1
Trainset/Images_tif/82_HE_(d-4_x-13824_y-6144_w-2048_h-2048).tif,Trainset/Labels_tif/82_HE_(d-4_x-13824_y-6144_w-2048_h-2048).tif,Trainset,82,0.4628791809082031,Marsh-0
Trainset/Images_tif/127_HE_(d-4_x-4608_y-10752_w-2048_h-2048).tif,Trainset/Labels_tif/127_HE_(d-4_x-4608_y-10752_w-2048_h-2048).tif,Trainset,127,0.37378692626953125,Marsh-0
Trainset/Images_tif/111_HE_(d-4_x-36864_y-10752_w-2048_h-2048).tif,Trainset/Labels_tif/111_HE_(d-4_x-36864_y-10752_w-2048_h-2048).tif,Trainset,111,0.4274444580078125,Marsh-0
Trainset/Images_tif/79_HE_(d-4_x-4608_y-10752_w-2048_h-2048).tif,Trainset/Labels_tif/79_HE_(d-4_x-4608_y-10752_w-2048_h-2048).tif,Trainset,79,0.4264564514160156,Marsh-0
Trainset/Images_tif/114_HE_(d-4_x-21504_y-6144_w-2048_h-2048).tif,Trainset/Labels_tif/114_HE_(d-4_x-21504_y-6144_w-2048_h-2048).tif,Trainset,114,0.45821380615234375,Marsh-0
Trainset/Images_tif/133_HE_(d-4_x-9216_y-3072_w-2048_h-2048).tif,Trainset/Labels_tif/133_HE_(d-4_x-9216_y-3072_w-2048_h-2048).tif,Trainset,133,0.21213150024414062,Marsh-3a
Trainset/Images_tif/112_HE_(d-4_x-24576_y-6144_w-2048_h-2048).tif,Trainset/Labels_tif/112_HE_(d-4_x-24576_y-6144_w-2048_h-2048).tif,Trainset,112,0.194488525390625,Marsh-3a
Trainset/Images_tif/112_HE_(d-4_x-27648_y-4608_w-2048_h-2048).tif,Trainset/Labels_tif/112_HE_(d-4_x-27648_y-4608_w-2048_h-2048).tif,Trainset,112,0.001705169677734375,Marsh-3b
Trainset/Images_tif/17_HE_(d-4_x-29184_y-7680_w-2048_h-2048).tif,Trainset/Labels_tif/17_HE_(d-4_x-29184_y-7680_w-2048_h-2048).tif,Trainset,17,0.20117950439453125,Marsh-3a
Trainset/Images_tif/56_HE_(d-4_x-43008_y-58368_w-2048_h-2048).tif,Trainset/Labels_tif/56_HE_(d-4_x-43008_y-58368_w-2048_h-2048).tif,Trainset,56,0.20052719116210938,Marsh-3a
Trainset/Images_tif/120_HE_(d-4_x-19968_y-32256_w-2048_h-2048).tif,Trainset/Labels_tif/120_HE_(d-4_x-19968_y-32256_w-2048_h-2048).tif,Trainset,120,0.4418678283691406,Marsh-0
Trainset/Images_tif/19_HE_(d-4_x-9216_y-33792_w-2048_h-2048).tif,Trainset/Labels_tif/19_HE_(d-4_x-9216_y-33792_w-2048_h-2048).tif,Trainset,19,0.44983673095703125,Marsh-0
Trainset/Images_tif/105_HE_(d-4_x-9216_y-10752_w-2048_h-2048).tif,Trainset/Labels_tif/105_HE_(d-4_x-9216_y-10752_w-2048_h-2048).tif,Trainset,105,0.3318634033203125,Marsh-1
Trainset/Images_tif/114_HE_(d-4_x-29184_y-12288_w-2048_h-2048).tif,Trainset/Labels_tif/114_HE_(d-4_x-29184_y-12288_w-2048_h-2048).tif,Trainset,114,0.2544746398925781,Marsh-1
Trainset/Images_tif/60_HE_(d-4_x-18432_y-10752_w-2048_h-2048).tif,Trainset/Labels_tif/60_HE_(d-4_x-18432_y-10752_w-2048_h-2048).tif,Trainset,60,0.3950767517089844,Marsh-0
Trainset/Images_tif/81_HE_(d-4_x-19968_y-7680_w-2048_h-2048).tif,Trainset/Labels_tif/81_HE_(d-4_x-19968_y-7680_w-2048_h-2048).tif,Trainset,81,0.23386764526367188,Marsh-1
Trainset/Images_tif/35_HE_(d-4_x-15360_y-4608_w-2048_h-2048).tif,Trainset/Labels_tif/35_HE_(d-4_x-15360_y-4608_w-2048_h-2048).tif,Trainset,35,0.015453338623046875,Marsh-3b
Trainset/Images_tif/22_HE_(d-4_x-7680_y-3072_w-2048_h-2048).tif,Trainset/Labels_tif/22_HE_(d-4_x-7680_y-3072_w-2048_h-2048).tif,Trainset,22,0.22320938110351562,Marsh-3a
Trainset/Images_tif/137_HE_(d-4_x-4608_y-9216_w-2048_h-2048).tif,Trainset/Labels_tif/137_HE_(d-4_x-4608_y-9216_w-2048_h-2048).tif,Trainset,137,0.47060394287109375,Marsh-0
Trainset/Images_tif/33_HE_(d-4_x-30720_y-12288_w-2048_h-2048).tif,Trainset/Labels_tif/33_HE_(d-4_x-30720_y-12288_w-2048_h-2048).tif,Trainset,33,0.19871139526367188,Marsh-3a
Trainset/Images_tif/18_HE_(d-4_x-15360_y-7680_w-2048_h-2048).tif,Trainset/Labels_tif/18_HE_(d-4_x-15360_y-7680_w-2048_h-2048).tif,Trainset,18,0.38321685791015625,Marsh-0
Trainset/Images_tif/25_HE_(d-4_x-24576_y-10752_w-2048_h-2048).tif,Trainset/Labels_tif/25_HE_(d-4_x-24576_y-10752_w-2048_h-2048).tif,Trainset,25,0.4029693603515625,Marsh-0
Trainset/Images_tif/55_HE_(d-4_x-4608_y-7680_w-2048_h-2048).tif,Trainset/Labels_tif/55_HE_(d-4_x-4608_y-7680_w-2048_h-2048).tif,Trainset,55,0.18190383911132812,Marsh-3a
Trainset/Images_tif/122_HE_(d-4_x-7680_y-13824_w-2048_h-2048).tif,Trainset/Labels_tif/122_HE_(d-4_x-7680_y-13824_w-2048_h-2048).tif,Trainset,122,0.3511505126953125,Marsh-0
Trainset/Images_tif/32_HE_(d-4_x-69120_y-35328_w-2048_h-2048).tif,Trainset/Labels_tif/32_HE_(d-4_x-69120_y-35328_w-2048_h-2048).tif,Trainset,32,0.4463348388671875,Marsh-0
Trainset/Images_tif/71_HE_(d-4_x-4608_y-30720_w-2048_h-2048).tif,Trainset/Labels_tif/71_HE_(d-4_x-4608_y-30720_w-2048_h-2048).tif,Trainset,71,0.124267578125,Marsh-3b
Trainset/Images_tif/35_HE_(d-4_x-13824_y-4608_w-2048_h-2048).tif,Trainset/Labels_tif/35_HE_(d-4_x-13824_y-4608_w-2048_h-2048).tif,Trainset,35,0.003231048583984375,Marsh-3b
Trainset/Images_tif/112_HE_(d-4_x-10752_y-13824_w-2048_h-2048).tif,Trainset/Labels_tif/112_HE_(d-4_x-10752_y-13824_w-2048_h-2048).tif,Trainset,112,0.054134368896484375,Marsh-3b
Trainset/Images_tif/10_HE_(d-4_x-21504_y-10752_w-2048_h-2048).tif,Trainset/Labels_tif/10_HE_(d-4_x-21504_y-10752_w-2048_h-2048).tif,Trainset,10,0.11155319213867188,Marsh-3b
Trainset/Images_tif/71_HE_(d-4_x-7680_y-33792_w-2048_h-2048).tif,Trainset/Labels_tif/71_HE_(d-4_x-7680_y-33792_w-2048_h-2048).tif,Trainset,71,0.104705810546875,Marsh-3b
Trainset/Images_tif/118_HE_(d-4_x-69120_y-55296_w-2048_h-2048).tif,Trainset/Labels_tif/118_HE_(d-4_x-69120_y-55296_w-2048_h-2048).tif,Trainset,118,0.1879730224609375,Marsh-3a
Trainset/Images_tif/112_HE_(d-4_x-9216_y-16896_w-2048_h-2048).tif,Trainset/Labels_tif/112_HE_(d-4_x-9216_y-16896_w-2048_h-2048).tif,Trainset,112,0.11905288696289062,Marsh-3b
Trainset/Images_tif/82_HE_(d-4_x-39936_y-13824_w-2048_h-2048).tif,Trainset/Labels_tif/82_HE_(d-4_x-39936_y-13824_w-2048_h-2048).tif,Trainset,82,0.05759429931640625,Marsh-3b
Trainset/Images_tif/14_HE_(d-4_x-4608_y-4608_w-2048_h-2048).tif,Trainset/Labels_tif/14_HE_(d-4_x-4608_y-4608_w-2048_h-2048).tif,Trainset,14,0.304443359375,Marsh-1
Trainset/Images_tif/79_HE_(d-4_x-13824_y-6144_w-2048_h-2048).tif,Trainset/Labels_tif/79_HE_(d-4_x-13824_y-6144_w-2048_h-2048).tif,Trainset,79,0.5205230712890625,Marsh-0
Trainset/Images_tif/92_HE_(d-4_x-23040_y-15360_w-2048_h-2048).tif,Trainset/Labels_tif/92_HE_(d-4_x-23040_y-15360_w-2048_h-2048).tif,Trainset,92,0.21615219116210938,Marsh-3a
Trainset/Images_tif/122_HE_(d-4_x-7680_y-18432_w-2048_h-2048).tif,Trainset/Labels_tif/122_HE_(d-4_x-7680_y-18432_w-2048_h-2048).tif,Trainset,122,0.3871269226074219,Marsh-0
Trainset/Images_tif/40_HE_(d-4_x-9216_y-13824_w-2048_h-2048).tif,Trainset/Labels_tif/40_HE_(d-4_x-9216_y-13824_w-2048_h-2048).tif,Trainset,40,0.2572975158691406,Marsh-1
Trainset/Images_tif/112_HE_(d-4_x-27648_y-6144_w-2048_h-2048).tif,Trainset/Labels_tif/112_HE_(d-4_x-27648_y-6144_w-2048_h-2048).tif,Trainset,112,0.07491302490234375,Marsh-3b
Trainset/Images_tif/19_HE_(d-4_x-7680_y-29184_w-2048_h-2048).tif,Trainset/Labels_tif/19_HE_(d-4_x-7680_y-29184_w-2048_h-2048).tif,Trainset,19,0.38082122802734375,Marsh-0
Trainset/Images_tif/47_HE_(d-4_x-12288_y-35328_w-2048_h-2048).tif,Trainset/Labels_tif/47_HE_(d-4_x-12288_y-35328_w-2048_h-2048).tif,Trainset,47,0.17284393310546875,Marsh-3a
Trainset/Images_tif/27_HE_(d-4_x-7680_y-32256_w-2048_h-2048).tif,Trainset/Labels_tif/27_HE_(d-4_x-7680_y-32256_w-2048_h-2048).tif,Trainset,27,0.12140274047851562,Marsh-3b
Trainset/Images_tif/127_HE_(d-4_x-24576_y-10752_w-2048_h-2048).tif,Trainset/Labels_tif/127_HE_(d-4_x-24576_y-10752_w-2048_h-2048).tif,Trainset,127,0.4544105529785156,Marsh-0
Trainset/Images_tif/65_HE_(d-4_x-23040_y-26112_w-2048_h-2048).tif,Trainset/Labels_tif/65_HE_(d-4_x-23040_y-26112_w-2048_h-2048).tif,Trainset,65,0.08073806762695312,Marsh-3b
Trainset/Images_tif/85_HE_(d-4_x-4608_y-3072_w-2048_h-2048).tif,Trainset/Labels_tif/85_HE_(d-4_x-4608_y-3072_w-2048_h-2048).tif,Trainset,85,0.4426002502441406,Marsh-0
Trainset/Images_tif/32_HE_(d-4_x-69120_y-43008_w-2048_h-2048).tif,Trainset/Labels_tif/32_HE_(d-4_x-69120_y-43008_w-2048_h-2048).tif,Trainset,32,0.0236968994140625,Marsh-3b
Trainset/Images_tif/81_HE_(d-4_x-9216_y-15360_w-2048_h-2048).tif,Trainset/Labels_tif/81_HE_(d-4_x-9216_y-15360_w-2048_h-2048).tif,Trainset,81,0.3249168395996094,Marsh-1
Trainset/Images_tif/10_HE_(d-4_x-21504_y-7680_w-2048_h-2048).tif,Trainset/Labels_tif/10_HE_(d-4_x-21504_y-7680_w-2048_h-2048).tif,Trainset,10,0.5997123718261719,Marsh-0
Trainset/Images_tif/86_HE_(d-4_x-26112_y-10752_w-2048_h-2048).tif,Trainset/Labels_tif/86_HE_(d-4_x-26112_y-10752_w-2048_h-2048).tif,Trainset,86,0.3634147644042969,Marsh-0
Trainset/Images_tif/31_HE_(d-4_x-27648_y-58368_w-2048_h-2048).tif,Trainset/Labels_tif/31_HE_(d-4_x-27648_y-58368_w-2048_h-2048).tif,Trainset,31,0.3179473876953125,Marsh-1
Trainset/Images_tif/119_HE_(d-4_x-16896_y-6144_w-2048_h-2048).tif,Trainset/Labels_tif/119_HE_(d-4_x-16896_y-6144_w-2048_h-2048).tif,Trainset,119,0.26752471923828125,Marsh-1
Trainset/Images_tif/124_HE_(d-4_x-7680_y-10752_w-2048_h-2048).tif,Trainset/Labels_tif/124_HE_(d-4_x-7680_y-10752_w-2048_h-2048).tif,Trainset,124,0.3251533508300781,Marsh-1
Trainset/Images_tif/94_HE_(d-4_x-10752_y-49152_w-2048_h-2048).tif,Trainset/Labels_tif/94_HE_(d-4_x-10752_y-49152_w-2048_h-2048).tif,Trainset,94,0.3325080871582031,Marsh-1
Trainset/Images_tif/120_HE_(d-4_x-18432_y-7680_w-2048_h-2048).tif,Trainset/Labels_tif/120_HE_(d-4_x-18432_y-7680_w-2048_h-2048).tif,Trainset,120,0.31722259521484375,Marsh-1
Trainset/Images_tif/12_HE_(d-4_x-15360_y-6144_w-2048_h-2048).tif,Trainset/Labels_tif/12_HE_(d-4_x-15360_y-6144_w-2048_h-2048).tif,Trainset,12,0.08486175537109375,Marsh-3b
Trainset/Images_tif/92_HE_(d-4_x-7680_y-6144_w-2048_h-2048).tif,Trainset/Labels_tif/92_HE_(d-4_x-7680_y-6144_w-2048_h-2048).tif,Trainset,92,0.1721649169921875,Marsh-3a
Trainset/Images_tif/94_HE_(d-4_x-7680_y-52224_w-2048_h-2048).tif,Trainset/Labels_tif/94_HE_(d-4_x-7680_y-52224_w-2048_h-2048).tif,Trainset,94,0.4441795349121094,Marsh-0
Trainset/Images_tif/25_HE_(d-4_x-7680_y-21504_w-2048_h-2048).tif,Trainset/Labels_tif/25_HE_(d-4_x-7680_y-21504_w-2048_h-2048).tif,Trainset,25,0.32073974609375,Marsh-1
Trainset/Images_tif/27_HE_(d-4_x-26112_y-26112_w-2048_h-2048).tif,Trainset/Labels_tif/27_HE_(d-4_x-26112_y-26112_w-2048_h-2048).tif,Trainset,27,0.3235015869140625,Marsh-1
Trainset/Images_tif/138_HE_(d-4_x-9216_y-6144_w-2048_h-2048).tif,Trainset/Labels_tif/138_HE_(d-4_x-9216_y-6144_w-2048_h-2048).tif,Trainset,138,0.23101806640625,Marsh-3a
Trainset/Images_tif/4_HE_(d-4_x-33792_y-15360_w-2048_h-2048).tif,Trainset/Labels_tif/4_HE_(d-4_x-33792_y-15360_w-2048_h-2048).tif,Trainset,4,0.29170989990234375,Marsh-1
Trainset/Images_tif/136_HE_(d-4_x-7680_y-19968_w-2048_h-2048).tif,Trainset/Labels_tif/136_HE_(d-4_x-7680_y-19968_w-2048_h-2048).tif,Trainset,136,0.034931182861328125,Marsh-3b
Trainset/Images_tif/25_HE_(d-4_x-19968_y-4608_w-2048_h-2048).tif,Trainset/Labels_tif/25_HE_(d-4_x-19968_y-4608_w-2048_h-2048).tif,Trainset,25,0.16654205322265625,Marsh-3a
Trainset/Images_tif/79_HE_(d-4_x-4608_y-6144_w-2048_h-2048).tif,Trainset/Labels_tif/79_HE_(d-4_x-4608_y-6144_w-2048_h-2048).tif,Trainset,79,0.0533294677734375,Marsh-3b
Trainset/Images_tif/91_HE_(d-4_x-32256_y-19968_w-2048_h-2048).tif,Trainset/Labels_tif/91_HE_(d-4_x-32256_y-19968_w-2048_h-2048).tif,Trainset,91,0.5506057739257812,Marsh-0
Trainset/Images_tif/2_HE_(d-4_x-15360_y-46080_w-2048_h-2048).tif,Trainset/Labels_tif/2_HE_(d-4_x-15360_y-46080_w-2048_h-2048).tif,Trainset,2,0.0,Marsh-3b
Trainset/Images_tif/109_HE_(d-4_x-21504_y-23040_w-2048_h-2048).tif,Trainset/Labels_tif/109_HE_(d-4_x-21504_y-23040_w-2048_h-2048).tif,Trainset,109,0.12379837036132812,Marsh-3b
Trainset/Images_tif/116_HE_(d-4_x-21504_y-7680_w-2048_h-2048).tif,Trainset/Labels_tif/116_HE_(d-4_x-21504_y-7680_w-2048_h-2048).tif,Trainset,116,0.4654960632324219,Marsh-0
Trainset/Images_tif/89_HE_(d-4_x-36864_y-7680_w-2048_h-2048).tif,Trainset/Labels_tif/89_HE_(d-4_x-36864_y-7680_w-2048_h-2048).tif,Trainset,89,0.245880126953125,Marsh-1
Trainset/Images_tif/26_HE_(d-4_x-13824_y-6144_w-2048_h-2048).tif,Trainset/Labels_tif/26_HE_(d-4_x-13824_y-6144_w-2048_h-2048).tif,Trainset,26,0.2917747497558594,Marsh-1
Trainset/Images_tif/105_HE_(d-4_x-23040_y-18432_w-2048_h-2048).tif,Trainset/Labels_tif/105_HE_(d-4_x-23040_y-18432_w-2048_h-2048).tif,Trainset,105,0.20977401733398438,Marsh-3a
Trainset/Images_tif/1_HE_(d-4_x-23040_y-7680_w-2048_h-2048).tif,Trainset/Labels_tif/1_HE_(d-4_x-23040_y-7680_w-2048_h-2048).tif,Trainset,1,0.09669876098632812,Marsh-3b
Trainset/Images_tif/38_HE_(d-4_x-41472_y-27648_w-2048_h-2048).tif,Trainset/Labels_tif/38_HE_(d-4_x-41472_y-27648_w-2048_h-2048).tif,Trainset,38,0.28450775146484375,Marsh-1
Trainset/Images_tif/122_HE_(d-4_x-6144_y-13824_w-2048_h-2048).tif,Trainset/Labels_tif/122_HE_(d-4_x-6144_y-13824_w-2048_h-2048).tif,Trainset,122,0.2909889221191406,Marsh-1
Trainset/Images_tif/22_HE_(d-4_x-4608_y-6144_w-2048_h-2048).tif,Trainset/Labels_tif/22_HE_(d-4_x-4608_y-6144_w-2048_h-2048).tif,Trainset,22,0.16375732421875,Marsh-3a
Trainset/Images_tif/91_HE_(d-4_x-10752_y-21504_w-2048_h-2048).tif,Trainset/Labels_tif/91_HE_(d-4_x-10752_y-21504_w-2048_h-2048).tif,Trainset,91,0.018558502197265625,Marsh-3b
Trainset/Images_tif/65_HE_(d-4_x-21504_y-35328_w-2048_h-2048).tif,Trainset/Labels_tif/65_HE_(d-4_x-21504_y-35328_w-2048_h-2048).tif,Trainset,65,0.01372528076171875,Marsh-3b
Trainset/Images_tif/86_HE_(d-4_x-29184_y-6144_w-2048_h-2048).tif,Trainset/Labels_tif/86_HE_(d-4_x-29184_y-6144_w-2048_h-2048).tif,Trainset,86,0.18013381958007812,Marsh-3a
Trainset/Images_tif/63_HE_(d-4_x-3072_y-4608_w-2048_h-2048).tif,Trainset/Labels_tif/63_HE_(d-4_x-3072_y-4608_w-2048_h-2048).tif,Trainset,63,0.33263397216796875,Marsh-1
Trainset/Images_tif/100_HE_(d-4_x-13824_y-53760_w-2048_h-2048).tif,Trainset/Labels_tif/100_HE_(d-4_x-13824_y-53760_w-2048_h-2048).tif,Trainset,100,0.19921112060546875,Marsh-3a
Trainset/Images_tif/91_HE_(d-4_x-29184_y-19968_w-2048_h-2048).tif,Trainset/Labels_tif/91_HE_(d-4_x-29184_y-19968_w-2048_h-2048).tif,Trainset,91,0.3637237548828125,Marsh-0
Trainset/Images_tif/113_HE_(d-4_x-13824_y-9216_w-2048_h-2048).tif,Trainset/Labels_tif/113_HE_(d-4_x-13824_y-9216_w-2048_h-2048).tif,Trainset,113,0.232666015625,Marsh-3a
Trainset/Images_tif/125_HE_(d-4_x-30720_y-10752_w-2048_h-2048).tif,Trainset/Labels_tif/125_HE_(d-4_x-30720_y-10752_w-2048_h-2048).tif,Trainset,125,0.4538726806640625,Marsh-0
Trainset/Images_tif/85_HE_(d-4_x-6144_y-9216_w-2048_h-2048).tif,Trainset/Labels_tif/85_HE_(d-4_x-6144_y-9216_w-2048_h-2048).tif,Trainset,85,0.3628387451171875,Marsh-0
Trainset/Images_tif/104_HE_(d-4_x-6144_y-16896_w-2048_h-2048).tif,Trainset/Labels_tif/104_HE_(d-4_x-6144_y-16896_w-2048_h-2048).tif,Trainset,104,0.3350067138671875,Marsh-1
Trainset/Images_tif/47_HE_(d-4_x-7680_y-35328_w-2048_h-2048).tif,Trainset/Labels_tif/47_HE_(d-4_x-7680_y-35328_w-2048_h-2048).tif,Trainset,47,0.15156936645507812,Marsh-3a
Trainset/Images_tif/86_HE_(d-4_x-24576_y-7680_w-2048_h-2048).tif,Trainset/Labels_tif/86_HE_(d-4_x-24576_y-7680_w-2048_h-2048).tif,Trainset,86,0.26097869873046875,Marsh-1
Trainset/Images_tif/125_HE_(d-4_x-32256_y-9216_w-2048_h-2048).tif,Trainset/Labels_tif/125_HE_(d-4_x-32256_y-9216_w-2048_h-2048).tif,Trainset,125,0.4371986389160156,Marsh-0
Trainset/Images_tif/63_HE_(d-4_x-7680_y-12288_w-2048_h-2048).tif,Trainset/Labels_tif/63_HE_(d-4_x-7680_y-12288_w-2048_h-2048).tif,Trainset,63,0.0980072021484375,Marsh-3b
Trainset/Images_tif/122_HE_(d-4_x-9216_y-4608_w-2048_h-2048).tif,Trainset/Labels_tif/122_HE_(d-4_x-9216_y-4608_w-2048_h-2048).tif,Trainset,122,0.2765541076660156,Marsh-1
Trainset/Images_tif/105_HE_(d-4_x-24576_y-13824_w-2048_h-2048).tif,Trainset/Labels_tif/105_HE_(d-4_x-24576_y-13824_w-2048_h-2048).tif,Trainset,105,0.13701629638671875,Marsh-3a
Trainset/Images_tif/32_HE_(d-4_x-61440_y-66048_w-2048_h-2048).tif,Trainset/Labels_tif/32_HE_(d-4_x-61440_y-66048_w-2048_h-2048).tif,Trainset,32,0.22431182861328125,Marsh-3a
Trainset/Images_tif/46_HE_(d-4_x-9216_y-6144_w-2048_h-2048).tif,Trainset/Labels_tif/46_HE_(d-4_x-9216_y-6144_w-2048_h-2048).tif,Trainset,46,0.5093154907226562,Marsh-0
Trainset/Images_tif/105_HE_(d-4_x-19968_y-10752_w-2048_h-2048).tif,Trainset/Labels_tif/105_HE_(d-4_x-19968_y-10752_w-2048_h-2048).tif,Trainset,105,0.23529052734375,Marsh-1
Trainset/Images_tif/43_HE_(d-4_x-4608_y-12288_w-2048_h-2048).tif,Trainset/Labels_tif/43_HE_(d-4_x-4608_y-12288_w-2048_h-2048).tif,Trainset,43,0.11273574829101562,Marsh-3b
Trainset/Images_tif/138_HE_(d-4_x-7680_y-4608_w-2048_h-2048).tif,Trainset/Labels_tif/138_HE_(d-4_x-7680_y-4608_w-2048_h-2048).tif,Trainset,138,0.18933868408203125,Marsh-3a
Trainset/Images_tif/2_HE_(d-4_x-9216_y-44544_w-2048_h-2048).tif,Trainset/Labels_tif/2_HE_(d-4_x-9216_y-44544_w-2048_h-2048).tif,Trainset,2,0.2830619812011719,Marsh-1
Trainset/Images_tif/119_HE_(d-4_x-7680_y-6144_w-2048_h-2048).tif,Trainset/Labels_tif/119_HE_(d-4_x-7680_y-6144_w-2048_h-2048).tif,Trainset,119,0.3367729187011719,Marsh-1
Trainset/Images_tif/43_HE_(d-4_x-29184_y-6144_w-2048_h-2048).tif,Trainset/Labels_tif/43_HE_(d-4_x-29184_y-6144_w-2048_h-2048).tif,Trainset,43,0.27548980712890625,Marsh-1
Trainset/Images_tif/87_HE_(d-4_x-41472_y-21504_w-2048_h-2048).tif,Trainset/Labels_tif/87_HE_(d-4_x-41472_y-21504_w-2048_h-2048).tif,Trainset,87,0.3168792724609375,Marsh-1
Trainset/Images_tif/127_HE_(d-4_x-4608_y-4608_w-2048_h-2048).tif,Trainset/Labels_tif/127_HE_(d-4_x-4608_y-4608_w-2048_h-2048).tif,Trainset,127,0.15227127075195312,Marsh-3a
Trainset/Images_tif/18_HE_(d-4_x-16896_y-4608_w-2048_h-2048).tif,Trainset/Labels_tif/18_HE_(d-4_x-16896_y-4608_w-2048_h-2048).tif,Trainset,18,0.264678955078125,Marsh-1
Trainset/Images_tif/128_HE_(d-4_x-6144_y-7680_w-2048_h-2048).tif,Trainset/Labels_tif/128_HE_(d-4_x-6144_y-7680_w-2048_h-2048).tif,Trainset,128,0.2412567138671875,Marsh-1
Trainset/Images_tif/131_HE_(d-4_x-6144_y-7680_w-2048_h-2048).tif,Trainset/Labels_tif/131_HE_(d-4_x-6144_y-7680_w-2048_h-2048).tif,Trainset,131,0.219024658203125,Marsh-3a
Trainset/Images_tif/59_HE_(d-4_x-59904_y-46080_w-2048_h-2048).tif,Trainset/Labels_tif/59_HE_(d-4_x-59904_y-46080_w-2048_h-2048).tif,Trainset,59,0.04693603515625,Marsh-3b
Trainset/Images_tif/102_HE_(d-4_x-10752_y-15360_w-2048_h-2048).tif,Trainset/Labels_tif/102_HE_(d-4_x-10752_y-15360_w-2048_h-2048).tif,Trainset,102,0.2399749755859375,Marsh-1
Trainset/Images_tif/132_HE_(d-4_x-27648_y-9216_w-2048_h-2048).tif,Trainset/Labels_tif/132_HE_(d-4_x-27648_y-9216_w-2048_h-2048).tif,Trainset,132,0.22841262817382812,Marsh-3a
Trainset/Images_tif/38_HE_(d-4_x-39936_y-26112_w-2048_h-2048).tif,Trainset/Labels_tif/38_HE_(d-4_x-39936_y-26112_w-2048_h-2048).tif,Trainset,38,0.3811492919921875,Marsh-0
Trainset/Images_tif/59_HE_(d-4_x-36864_y-44544_w-2048_h-2048).tif,Trainset/Labels_tif/59_HE_(d-4_x-36864_y-44544_w-2048_h-2048).tif,Trainset,59,0.06790542602539062,Marsh-3b
Trainset/Images_tif/2_HE_(d-4_x-32256_y-41472_w-2048_h-2048).tif,Trainset/Labels_tif/2_HE_(d-4_x-32256_y-41472_w-2048_h-2048).tif,Trainset,2,0.3095588684082031,Marsh-1
Trainset/Images_tif/91_HE_(d-4_x-9216_y-36864_w-2048_h-2048).tif,Trainset/Labels_tif/91_HE_(d-4_x-9216_y-36864_w-2048_h-2048).tif,Trainset,91,0.229705810546875,Marsh-3a
Trainset/Images_tif/127_HE_(d-4_x-30720_y-12288_w-2048_h-2048).tif,Trainset/Labels_tif/127_HE_(d-4_x-30720_y-12288_w-2048_h-2048).tif,Trainset,127,0.2829093933105469,Marsh-1
Trainset/Images_tif/12_HE_(d-4_x-15360_y-7680_w-2048_h-2048).tif,Trainset/Labels_tif/12_HE_(d-4_x-15360_y-7680_w-2048_h-2048).tif,Trainset,12,0.013187408447265625,Marsh-3b
Trainset/Images_tif/51_HE_(d-4_x-1536_y-7680_w-2048_h-2048).tif,Trainset/Labels_tif/51_HE_(d-4_x-1536_y-7680_w-2048_h-2048).tif,Trainset,51,0.11396026611328125,Marsh-3b
Trainset/Images_tif/105_HE_(d-4_x-21504_y-7680_w-2048_h-2048).tif,Trainset/Labels_tif/105_HE_(d-4_x-21504_y-7680_w-2048_h-2048).tif,Trainset,105,0.2672920227050781,Marsh-1
Trainset/Images_tif/73_HE_(d-4_x-9216_y-9216_w-2048_h-2048).tif,Trainset/Labels_tif/73_HE_(d-4_x-9216_y-9216_w-2048_h-2048).tif,Trainset,73,0.11522293090820312,Marsh-3b
Trainset/Images_tif/142_HE_(d-4_x-3072_y-7680_w-2048_h-2048).tif,Trainset/Labels_tif/142_HE_(d-4_x-3072_y-7680_w-2048_h-2048).tif,Trainset,142,0.12947845458984375,Marsh-3b
Trainset/Images_tif/135_HE_(d-4_x-30720_y-44544_w-2048_h-2048).tif,Trainset/Labels_tif/135_HE_(d-4_x-30720_y-44544_w-2048_h-2048).tif,Trainset,135,0.11343002319335938,Marsh-3b
Trainset/Images_tif/72_HE_(d-4_x-109056_y-46080_w-2048_h-2048).tif,Trainset/Labels_tif/72_HE_(d-4_x-109056_y-46080_w-2048_h-2048).tif,Trainset,72,0.3403892517089844,Marsh-0
Trainset/Images_tif/42_HE_(d-4_x-9216_y-4608_w-2048_h-2048).tif,Trainset/Labels_tif/42_HE_(d-4_x-9216_y-4608_w-2048_h-2048).tif,Trainset,42,0.021915435791015625,Marsh-3b
Trainset/Images_tif/32_HE_(d-4_x-155136_y-56832_w-2048_h-2048).tif,Trainset/Labels_tif/32_HE_(d-4_x-155136_y-56832_w-2048_h-2048).tif,Trainset,32,0.0,Marsh-3b
Trainset/Images_tif/142_HE_(d-4_x-52224_y-12288_w-2048_h-2048).tif,Trainset/Labels_tif/142_HE_(d-4_x-52224_y-12288_w-2048_h-2048).tif,Trainset,142,0.21636581420898438,Marsh-3a
Trainset/Images_tif/142_HE_(d-4_x-9216_y-7680_w-2048_h-2048).tif,Trainset/Labels_tif/142_HE_(d-4_x-9216_y-7680_w-2048_h-2048).tif,Trainset,142,0.2981529235839844,Marsh-1
Trainset/Images_tif/102_HE_(d-4_x-23040_y-12288_w-2048_h-2048).tif,Trainset/Labels_tif/102_HE_(d-4_x-23040_y-12288_w-2048_h-2048).tif,Trainset,102,0.14179229736328125,Marsh-3a
Trainset/Images_tif/135_HE_(d-4_x-12288_y-35328_w-2048_h-2048).tif,Trainset/Labels_tif/135_HE_(d-4_x-12288_y-35328_w-2048_h-2048).tif,Trainset,135,0.11133575439453125,Marsh-3b
Trainset/Images_tif/56_HE_(d-4_x-30720_y-52224_w-2048_h-2048).tif,Trainset/Labels_tif/56_HE_(d-4_x-30720_y-52224_w-2048_h-2048).tif,Trainset,56,0.09806442260742188,Marsh-3b
Trainset/Images_tif/38_HE_(d-4_x-43008_y-21504_w-2048_h-2048).tif,Trainset/Labels_tif/38_HE_(d-4_x-43008_y-21504_w-2048_h-2048).tif,Trainset,38,0.21042251586914062,Marsh-3a
Trainset/Images_tif/26_HE_(d-4_x-7680_y-10752_w-2048_h-2048).tif,Trainset/Labels_tif/26_HE_(d-4_x-7680_y-10752_w-2048_h-2048).tif,Trainset,26,0.4004325866699219,Marsh-0
Trainset/Images_tif/112_HE_(d-4_x-21504_y-7680_w-2048_h-2048).tif,Trainset/Labels_tif/112_HE_(d-4_x-21504_y-7680_w-2048_h-2048).tif,Trainset,112,0.21712875366210938,Marsh-3a
Trainset/Images_tif/27_HE_(d-4_x-26112_y-21504_w-2048_h-2048).tif,Trainset/Labels_tif/27_HE_(d-4_x-26112_y-21504_w-2048_h-2048).tif,Trainset,27,0.14984893798828125,Marsh-3a
Trainset/Images_tif/42_HE_(d-4_x-6144_y-10752_w-2048_h-2048).tif,Trainset/Labels_tif/42_HE_(d-4_x-6144_y-10752_w-2048_h-2048).tif,Trainset,42,0.08814620971679688,Marsh-3b
Trainset/Images_tif/8_HE_(d-4_x-19968_y-6144_w-2048_h-2048).tif,Trainset/Labels_tif/8_HE_(d-4_x-19968_y-6144_w-2048_h-2048).tif,Trainset,8,0.2710113525390625,Marsh-1
Trainset/Images_tif/56_HE_(d-4_x-7680_y-55296_w-2048_h-2048).tif,Trainset/Labels_tif/56_HE_(d-4_x-7680_y-55296_w-2048_h-2048).tif,Trainset,56,0.3611335754394531,Marsh-0
Trainset/Images_tif/94_HE_(d-4_x-6144_y-49152_w-2048_h-2048).tif,Trainset/Labels_tif/94_HE_(d-4_x-6144_y-49152_w-2048_h-2048).tif,Trainset,94,0.23364639282226562,Marsh-3a
Trainset/Images_tif/38_HE_(d-4_x-3072_y-26112_w-2048_h-2048).tif,Trainset/Labels_tif/38_HE_(d-4_x-3072_y-26112_w-2048_h-2048).tif,Trainset,38,0.2619361877441406,Marsh-1
Trainset/Images_tif/102_HE_(d-4_x-21504_y-33792_w-2048_h-2048).tif,Trainset/Labels_tif/102_HE_(d-4_x-21504_y-33792_w-2048_h-2048).tif,Trainset,102,0.32880401611328125,Marsh-1
Trainset/Images_tif/120_HE_(d-4_x-16896_y-7680_w-2048_h-2048).tif,Trainset/Labels_tif/120_HE_(d-4_x-16896_y-7680_w-2048_h-2048).tif,Trainset,120,0.5505905151367188,Marsh-0
Trainset/Images_tif/22_HE_(d-4_x-4608_y-4608_w-2048_h-2048).tif,Trainset/Labels_tif/22_HE_(d-4_x-4608_y-4608_w-2048_h-2048).tif,Trainset,22,0.3288841247558594,Marsh-1
Trainset/Images_tif/132_HE_(d-4_x-4608_y-9216_w-2048_h-2048).tif,Trainset/Labels_tif/132_HE_(d-4_x-4608_y-9216_w-2048_h-2048).tif,Trainset,132,0.031497955322265625,Marsh-3b
Trainset/Images_tif/25_HE_(d-4_x-23040_y-10752_w-2048_h-2048).tif,Trainset/Labels_tif/25_HE_(d-4_x-23040_y-10752_w-2048_h-2048).tif,Trainset,25,0.3318138122558594,Marsh-1
Trainset/Images_tif/105_HE_(d-4_x-19968_y-6144_w-2048_h-2048).tif,Trainset/Labels_tif/105_HE_(d-4_x-19968_y-6144_w-2048_h-2048).tif,Trainset,105,0.20526885986328125,Marsh-3a
Trainset/Images_tif/12_HE_(d-4_x-33792_y-7680_w-2048_h-2048).tif,Trainset/Labels_tif/12_HE_(d-4_x-33792_y-7680_w-2048_h-2048).tif,Trainset,12,0.267974853515625,Marsh-1
Trainset/Images_tif/63_HE_(d-4_x-46080_y-23040_w-2048_h-2048).tif,Trainset/Labels_tif/63_HE_(d-4_x-46080_y-23040_w-2048_h-2048).tif,Trainset,63,0.2721824645996094,Marsh-1
Trainset/Images_tif/4_HE_(d-4_x-36864_y-21504_w-2048_h-2048).tif,Trainset/Labels_tif/4_HE_(d-4_x-36864_y-21504_w-2048_h-2048).tif,Trainset,4,0.12212753295898438,Marsh-3b
Trainset/Images_tif/87_HE_(d-4_x-10752_y-18432_w-2048_h-2048).tif,Trainset/Labels_tif/87_HE_(d-4_x-10752_y-18432_w-2048_h-2048).tif,Trainset,87,0.18096160888671875,Marsh-3a
Trainset/Images_tif/65_HE_(d-4_x-29184_y-23040_w-2048_h-2048).tif,Trainset/Labels_tif/65_HE_(d-4_x-29184_y-23040_w-2048_h-2048).tif,Trainset,65,0.09039306640625,Marsh-3b
Trainset/Images_tif/8_HE_(d-4_x-16896_y-12288_w-2048_h-2048).tif,Trainset/Labels_tif/8_HE_(d-4_x-16896_y-12288_w-2048_h-2048).tif,Trainset,8,0.189544677734375,Marsh-3a
Trainset/Images_tif/120_HE_(d-4_x-15360_y-9216_w-2048_h-2048).tif,Trainset/Labels_tif/120_HE_(d-4_x-15360_y-9216_w-2048_h-2048).tif,Trainset,120,0.25673675537109375,Marsh-1
Trainset/Images_tif/51_HE_(d-4_x-9216_y-18432_w-2048_h-2048).tif,Trainset/Labels_tif/51_HE_(d-4_x-9216_y-18432_w-2048_h-2048).tif,Trainset,51,0.1694793701171875,Marsh-3a
Trainset/Images_tif/134_HE_(d-4_x-26112_y-27648_w-2048_h-2048).tif,Trainset/Labels_tif/134_HE_(d-4_x-26112_y-27648_w-2048_h-2048).tif,Trainset,134,0.3065757751464844,Marsh-1
Trainset/Images_tif/2_HE_(d-4_x-18432_y-64512_w-2048_h-2048).tif,Trainset/Labels_tif/2_HE_(d-4_x-18432_y-64512_w-2048_h-2048).tif,Trainset,2,0.18886947631835938,Marsh-3a
Trainset/Images_tif/105_HE_(d-4_x-10752_y-19968_w-2048_h-2048).tif,Trainset/Labels_tif/105_HE_(d-4_x-10752_y-19968_w-2048_h-2048).tif,Trainset,105,0.2913780212402344,Marsh-1
Trainset/Images_tif/65_HE_(d-4_x-12288_y-23040_w-2048_h-2048).tif,Trainset/Labels_tif/65_HE_(d-4_x-12288_y-23040_w-2048_h-2048).tif,Trainset,65,0.2446746826171875,Marsh-1
Trainset/Images_tif/1_HE_(d-4_x-23040_y-4608_w-2048_h-2048).tif,Trainset/Labels_tif/1_HE_(d-4_x-23040_y-4608_w-2048_h-2048).tif,Trainset,1,0.38875579833984375,Marsh-0
Trainset/Images_tif/80_HE_(d-4_x-15360_y-24576_w-2048_h-2048).tif,Trainset/Labels_tif/80_HE_(d-4_x-15360_y-24576_w-2048_h-2048).tif,Trainset,80,0.09466171264648438,Marsh-3b
Trainset/Images_tif/82_HE_(d-4_x-16896_y-15360_w-2048_h-2048).tif,Trainset/Labels_tif/82_HE_(d-4_x-16896_y-15360_w-2048_h-2048).tif,Trainset,82,0.0796966552734375,Marsh-3b
Trainset/Images_tif/135_HE_(d-4_x-24576_y-41472_w-2048_h-2048).tif,Trainset/Labels_tif/135_HE_(d-4_x-24576_y-41472_w-2048_h-2048).tif,Trainset,135,0.14560317993164062,Marsh-3a
Trainset/Images_tif/46_HE_(d-4_x-9216_y-4608_w-2048_h-2048).tif,Trainset/Labels_tif/46_HE_(d-4_x-9216_y-4608_w-2048_h-2048).tif,Trainset,46,0.33974456787109375,Marsh-0
Trainset/Images_tif/63_HE_(d-4_x-44544_y-16896_w-2048_h-2048).tif,Trainset/Labels_tif/63_HE_(d-4_x-44544_y-16896_w-2048_h-2048).tif,Trainset,63,0.15346908569335938,Marsh-3a
Trainset/Images_tif/112_HE_(d-4_x-4608_y-9216_w-2048_h-2048).tif,Trainset/Labels_tif/112_HE_(d-4_x-4608_y-9216_w-2048_h-2048).tif,Trainset,112,0.027408599853515625,Marsh-3b
Trainset/Images_tif/38_HE_(d-4_x-9216_y-24576_w-2048_h-2048).tif,Trainset/Labels_tif/38_HE_(d-4_x-9216_y-24576_w-2048_h-2048).tif,Trainset,38,0.20796585083007812,Marsh-3a
Trainset/Images_tif/33_HE_(d-4_x-27648_y-12288_w-2048_h-2048).tif,Trainset/Labels_tif/33_HE_(d-4_x-27648_y-12288_w-2048_h-2048).tif,Trainset,33,0.3289031982421875,Marsh-1
Trainset/Images_tif/121_HE_(d-4_x-15360_y-9216_w-2048_h-2048).tif,Trainset/Labels_tif/121_HE_(d-4_x-15360_y-9216_w-2048_h-2048).tif,Trainset,121,0.20873641967773438,Marsh-3a
Trainset/Images_tif/32_HE_(d-4_x-67584_y-36864_w-2048_h-2048).tif,Trainset/Labels_tif/32_HE_(d-4_x-67584_y-36864_w-2048_h-2048).tif,Trainset,32,0.3645057678222656,Marsh-0
Trainset/Images_tif/79_HE_(d-4_x-4608_y-9216_w-2048_h-2048).tif,Trainset/Labels_tif/79_HE_(d-4_x-4608_y-9216_w-2048_h-2048).tif,Trainset,79,0.4866294860839844,Marsh-0
Trainset/Images_tif/32_HE_(d-4_x-61440_y-67584_w-2048_h-2048).tif,Trainset/Labels_tif/32_HE_(d-4_x-61440_y-67584_w-2048_h-2048).tif,Trainset,32,0.10205459594726562,Marsh-3b
Trainset/Images_tif/58_HE_(d-4_x-46080_y-7680_w-2048_h-2048).tif,Trainset/Labels_tif/58_HE_(d-4_x-46080_y-7680_w-2048_h-2048).tif,Trainset,58,0.2137603759765625,Marsh-3a
Trainset/Images_tif/38_HE_(d-4_x-7680_y-16896_w-2048_h-2048).tif,Trainset/Labels_tif/38_HE_(d-4_x-7680_y-16896_w-2048_h-2048).tif,Trainset,38,0.3631858825683594,Marsh-0
Trainset/Images_tif/56_HE_(d-4_x-4608_y-58368_w-2048_h-2048).tif,Trainset/Labels_tif/56_HE_(d-4_x-4608_y-58368_w-2048_h-2048).tif,Trainset,56,0.21551895141601562,Marsh-3a
Trainset/Images_tif/31_HE_(d-4_x-7680_y-50688_w-2048_h-2048).tif,Trainset/Labels_tif/31_HE_(d-4_x-7680_y-50688_w-2048_h-2048).tif,Trainset,31,0.14228439331054688,Marsh-3a
Trainset/Images_tif/122_HE_(d-4_x-18432_y-3072_w-2048_h-2048).tif,Trainset/Labels_tif/122_HE_(d-4_x-18432_y-3072_w-2048_h-2048).tif,Trainset,122,0.39422607421875,Marsh-0
Trainset/Images_tif/134_HE_(d-4_x-10752_y-32256_w-2048_h-2048).tif,Trainset/Labels_tif/134_HE_(d-4_x-10752_y-32256_w-2048_h-2048).tif,Trainset,134,0.13066482543945312,Marsh-3b
Trainset/Images_tif/60_HE_(d-4_x-6144_y-15360_w-2048_h-2048).tif,Trainset/Labels_tif/60_HE_(d-4_x-6144_y-15360_w-2048_h-2048).tif,Trainset,60,0.09713363647460938,Marsh-3b
Trainset/Images_tif/49_HE_(d-4_x-7680_y-13824_w-2048_h-2048).tif,Trainset/Labels_tif/49_HE_(d-4_x-7680_y-13824_w-2048_h-2048).tif,Trainset,49,0.09276580810546875,Marsh-3b
Trainset/Images_tif/130_HE_(d-4_x-24576_y-36864_w-2048_h-2048).tif,Trainset/Labels_tif/130_HE_(d-4_x-24576_y-36864_w-2048_h-2048).tif,Trainset,130,0.1572265625,Marsh-3a
Trainset/Images_tif/32_HE_(d-4_x-66048_y-38400_w-2048_h-2048).tif,Trainset/Labels_tif/32_HE_(d-4_x-66048_y-38400_w-2048_h-2048).tif,Trainset,32,0.017574310302734375,Marsh-3b
Trainset/Images_tif/56_HE_(d-4_x-12288_y-61440_w-2048_h-2048).tif,Trainset/Labels_tif/56_HE_(d-4_x-12288_y-61440_w-2048_h-2048).tif,Trainset,56,0.19021224975585938,Marsh-3a
Trainset/Images_tif/1_HE_(d-4_x-4608_y-3072_w-2048_h-2048).tif,Trainset/Labels_tif/1_HE_(d-4_x-4608_y-3072_w-2048_h-2048).tif,Trainset,1,0.6124534606933594,Marsh-0
Trainset/Images_tif/32_HE_(d-4_x-73728_y-46080_w-2048_h-2048).tif,Trainset/Labels_tif/32_HE_(d-4_x-73728_y-46080_w-2048_h-2048).tif,Trainset,32,0.2969970703125,Marsh-1
Trainset/Images_tif/29_HE_(d-4_x-50688_y-7680_w-2048_h-2048).tif,Trainset/Labels_tif/29_HE_(d-4_x-50688_y-7680_w-2048_h-2048).tif,Trainset,29,0.3656044006347656,Marsh-0
Trainset/Images_tif/138_HE_(d-4_x-9216_y-4608_w-2048_h-2048).tif,Trainset/Labels_tif/138_HE_(d-4_x-9216_y-4608_w-2048_h-2048).tif,Trainset,138,0.3487968444824219,Marsh-0
Trainset/Images_tif/63_HE_(d-4_x-9216_y-12288_w-2048_h-2048).tif,Trainset/Labels_tif/63_HE_(d-4_x-9216_y-12288_w-2048_h-2048).tif,Trainset,63,0.20847320556640625,Marsh-3a
Trainset/Images_tif/36_HE_(d-4_x-13824_y-9216_w-2048_h-2048).tif,Trainset/Labels_tif/36_HE_(d-4_x-13824_y-9216_w-2048_h-2048).tif,Trainset,36,0.37940216064453125,Marsh-0
Trainset/Images_tif/72_HE_(d-4_x-73728_y-55296_w-2048_h-2048).tif,Trainset/Labels_tif/72_HE_(d-4_x-73728_y-55296_w-2048_h-2048).tif,Trainset,72,0.16021728515625,Marsh-3a
Trainset/Images_tif/87_HE_(d-4_x-44544_y-18432_w-2048_h-2048).tif,Trainset/Labels_tif/87_HE_(d-4_x-44544_y-18432_w-2048_h-2048).tif,Trainset,87,0.4602165222167969,Marsh-0
Trainset/Images_tif/65_HE_(d-4_x-24576_y-36864_w-2048_h-2048).tif,Trainset/Labels_tif/65_HE_(d-4_x-24576_y-36864_w-2048_h-2048).tif,Trainset,65,0.0,Marsh-3b
Trainset/Images_tif/14_HE_(d-4_x-16896_y-4608_w-2048_h-2048).tif,Trainset/Labels_tif/14_HE_(d-4_x-16896_y-4608_w-2048_h-2048).tif,Trainset,14,0.3220977783203125,Marsh-1
Trainset/Images_tif/8_HE_(d-4_x-7680_y-12288_w-2048_h-2048).tif,Trainset/Labels_tif/8_HE_(d-4_x-7680_y-12288_w-2048_h-2048).tif,Trainset,8,0.08403778076171875,Marsh-3b
Trainset/Images_tif/73_HE_(d-4_x-29184_y-13824_w-2048_h-2048).tif,Trainset/Labels_tif/73_HE_(d-4_x-29184_y-13824_w-2048_h-2048).tif,Trainset,73,0.3040885925292969,Marsh-1
Trainset/Images_tif/13_HE_(d-4_x-27648_y-9216_w-2048_h-2048).tif,Trainset/Labels_tif/13_HE_(d-4_x-27648_y-9216_w-2048_h-2048).tif,Trainset,13,0.3468971252441406,Marsh-0
Trainset/Images_tif/114_HE_(d-4_x-32256_y-15360_w-2048_h-2048).tif,Trainset/Labels_tif/114_HE_(d-4_x-32256_y-15360_w-2048_h-2048).tif,Trainset,114,0.3612098693847656,Marsh-0
Trainset/Images_tif/27_HE_(d-4_x-13824_y-29184_w-2048_h-2048).tif,Trainset/Labels_tif/27_HE_(d-4_x-13824_y-29184_w-2048_h-2048).tif,Trainset,27,0.33997344970703125,Marsh-0
Trainset/Images_tif/8_HE_(d-4_x-33792_y-27648_w-2048_h-2048).tif,Trainset/Labels_tif/8_HE_(d-4_x-33792_y-27648_w-2048_h-2048).tif,Trainset,8,0.23004531860351562,Marsh-3a
Trainset/Images_tif/39_HE_(d-4_x-26112_y-10752_w-2048_h-2048).tif,Trainset/Labels_tif/39_HE_(d-4_x-26112_y-10752_w-2048_h-2048).tif,Trainset,39,0.0,Marsh-3b
Trainset/Images_tif/116_HE_(d-4_x-13824_y-9216_w-2048_h-2048).tif,Trainset/Labels_tif/116_HE_(d-4_x-13824_y-9216_w-2048_h-2048).tif,Trainset,116,0.20842361450195312,Marsh-3a
Trainset/Images_tif/17_HE_(d-4_x-26112_y-7680_w-2048_h-2048).tif,Trainset/Labels_tif/17_HE_(d-4_x-26112_y-7680_w-2048_h-2048).tif,Trainset,17,0.34452056884765625,Marsh-0
Trainset/Images_tif/32_HE_(d-4_x-55296_y-70656_w-2048_h-2048).tif,Trainset/Labels_tif/32_HE_(d-4_x-55296_y-70656_w-2048_h-2048).tif,Trainset,32,0.3166313171386719,Marsh-1
Trainset/Images_tif/91_HE_(d-4_x-10752_y-12288_w-2048_h-2048).tif,Trainset/Labels_tif/91_HE_(d-4_x-10752_y-12288_w-2048_h-2048).tif,Trainset,91,0.24187088012695312,Marsh-1
Trainset/Images_tif/135_HE_(d-4_x-10752_y-44544_w-2048_h-2048).tif,Trainset/Labels_tif/135_HE_(d-4_x-10752_y-44544_w-2048_h-2048).tif,Trainset,135,0.31563568115234375,Marsh-1
Trainset/Images_tif/125_HE_(d-4_x-6144_y-9216_w-2048_h-2048).tif,Trainset/Labels_tif/125_HE_(d-4_x-6144_y-9216_w-2048_h-2048).tif,Trainset,125,0.039562225341796875,Marsh-3b
Trainset/Images_tif/102_HE_(d-4_x-21504_y-13824_w-2048_h-2048).tif,Trainset/Labels_tif/102_HE_(d-4_x-21504_y-13824_w-2048_h-2048).tif,Trainset,102,0.23711776733398438,Marsh-1
Trainset/Images_tif/106_HE_(d-4_x-15360_y-41472_w-2048_h-2048).tif,Trainset/Labels_tif/106_HE_(d-4_x-15360_y-41472_w-2048_h-2048).tif,Trainset,106,0.17327880859375,Marsh-3a
Trainset/Images_tif/93_HE_(d-4_x-10752_y-6144_w-2048_h-2048).tif,Trainset/Labels_tif/93_HE_(d-4_x-10752_y-6144_w-2048_h-2048).tif,Trainset,93,0.3027534484863281,Marsh-1
Trainset/Images_tif/74_HE_(d-4_x-32256_y-3072_w-2048_h-2048).tif,Trainset/Labels_tif/74_HE_(d-4_x-32256_y-3072_w-2048_h-2048).tif,Trainset,74,0.34049224853515625,Marsh-0
Trainset/Images_tif/112_HE_(d-4_x-21504_y-13824_w-2048_h-2048).tif,Trainset/Labels_tif/112_HE_(d-4_x-21504_y-13824_w-2048_h-2048).tif,Trainset,112,0.09404754638671875,Marsh-3b
Trainset/Images_tif/70_HE_(d-4_x-7680_y-13824_w-2048_h-2048).tif,Trainset/Labels_tif/70_HE_(d-4_x-7680_y-13824_w-2048_h-2048).tif,Trainset,70,0.15240478515625,Marsh-3a
Trainset/Images_tif/59_HE_(d-4_x-39936_y-53760_w-2048_h-2048).tif,Trainset/Labels_tif/59_HE_(d-4_x-39936_y-53760_w-2048_h-2048).tif,Trainset,59,0.09160232543945312,Marsh-3b
Trainset/Images_tif/135_HE_(d-4_x-9216_y-38400_w-2048_h-2048).tif,Trainset/Labels_tif/135_HE_(d-4_x-9216_y-38400_w-2048_h-2048).tif,Trainset,135,0.392578125,Marsh-0
Trainset/Images_tif/51_HE_(d-4_x-6144_y-15360_w-2048_h-2048).tif,Trainset/Labels_tif/51_HE_(d-4_x-6144_y-15360_w-2048_h-2048).tif,Trainset,51,0.1711273193359375,Marsh-3a
Trainset/Images_tif/77_HE_(d-4_x-29184_y-23040_w-2048_h-2048).tif,Trainset/Labels_tif/77_HE_(d-4_x-29184_y-23040_w-2048_h-2048).tif,Trainset,77,0.5163650512695312,Marsh-0
Trainset/Images_tif/56_HE_(d-4_x-6144_y-55296_w-2048_h-2048).tif,Trainset/Labels_tif/56_HE_(d-4_x-6144_y-55296_w-2048_h-2048).tif,Trainset,56,0.38287353515625,Marsh-0
Trainset/Images_tif/19_HE_(d-4_x-26112_y-12288_w-2048_h-2048).tif,Trainset/Labels_tif/19_HE_(d-4_x-26112_y-12288_w-2048_h-2048).tif,Trainset,19,0.1728973388671875,Marsh-3a
Trainset/Images_tif/125_HE_(d-4_x-7680_y-9216_w-2048_h-2048).tif,Trainset/Labels_tif/125_HE_(d-4_x-7680_y-9216_w-2048_h-2048).tif,Trainset,125,0.07018661499023438,Marsh-3b
Trainset/Images_tif/1_HE_(d-4_x-9216_y-12288_w-2048_h-2048).tif,Trainset/Labels_tif/1_HE_(d-4_x-9216_y-12288_w-2048_h-2048).tif,Trainset,1,0.10999679565429688,Marsh-3b
Trainset/Images_tif/12_HE_(d-4_x-38400_y-4608_w-2048_h-2048).tif,Trainset/Labels_tif/12_HE_(d-4_x-38400_y-4608_w-2048_h-2048).tif,Trainset,12,0.07355499267578125,Marsh-3b
Trainset/Images_tif/62_HE_(d-4_x-29184_y-12288_w-2048_h-2048).tif,Trainset/Labels_tif/62_HE_(d-4_x-29184_y-12288_w-2048_h-2048).tif,Trainset,62,0.27095794677734375,Marsh-1
Trainset/Images_tif/140_HE_(d-4_x-7680_y-4608_w-2048_h-2048).tif,Trainset/Labels_tif/140_HE_(d-4_x-7680_y-4608_w-2048_h-2048).tif,Trainset,140,0.2862663269042969,Marsh-1
Trainset/Images_tif/131_HE_(d-4_x-7680_y-4608_w-2048_h-2048).tif,Trainset/Labels_tif/131_HE_(d-4_x-7680_y-4608_w-2048_h-2048).tif,Trainset,131,0.23080825805664062,Marsh-3a
Trainset/Images_tif/80_HE_(d-4_x-27648_y-19968_w-2048_h-2048).tif,Trainset/Labels_tif/80_HE_(d-4_x-27648_y-19968_w-2048_h-2048).tif,Trainset,80,0.13812637329101562,Marsh-3a
Trainset/Images_tif/72_HE_(d-4_x-76800_y-53760_w-2048_h-2048).tif,Trainset/Labels_tif/72_HE_(d-4_x-76800_y-53760_w-2048_h-2048).tif,Trainset,72,0.4111518859863281,Marsh-0
Trainset/Images_tif/106_HE_(d-4_x-35328_y-49152_w-2048_h-2048).tif,Trainset/Labels_tif/106_HE_(d-4_x-35328_y-49152_w-2048_h-2048).tif,Trainset,106,0.10209274291992188,Marsh-3b
Trainset/Images_tif/2_HE_(d-4_x-36864_y-43008_w-2048_h-2048).tif,Trainset/Labels_tif/2_HE_(d-4_x-36864_y-43008_w-2048_h-2048).tif,Trainset,2,0.3034019470214844,Marsh-1
Trainset/Images_tif/121_HE_(d-4_x-23040_y-4608_w-2048_h-2048).tif,Trainset/Labels_tif/121_HE_(d-4_x-23040_y-4608_w-2048_h-2048).tif,Trainset,121,0.3547477722167969,Marsh-0
Trainset/Images_tif/71_HE_(d-4_x-6144_y-27648_w-2048_h-2048).tif,Trainset/Labels_tif/71_HE_(d-4_x-6144_y-27648_w-2048_h-2048).tif,Trainset,71,0.1993255615234375,Marsh-3a
Trainset/Images_tif/122_HE_(d-4_x-9216_y-19968_w-2048_h-2048).tif,Trainset/Labels_tif/122_HE_(d-4_x-9216_y-19968_w-2048_h-2048).tif,Trainset,122,0.14687347412109375,Marsh-3a
Trainset/Images_tif/72_HE_(d-4_x-78336_y-53760_w-2048_h-2048).tif,Trainset/Labels_tif/72_HE_(d-4_x-78336_y-53760_w-2048_h-2048).tif,Trainset,72,0.4048614501953125,Marsh-0
Trainset/Images_tif/82_HE_(d-4_x-15360_y-6144_w-2048_h-2048).tif,Trainset/Labels_tif/82_HE_(d-4_x-15360_y-6144_w-2048_h-2048).tif,Trainset,82,0.2897453308105469,Marsh-1
Trainset/Images_tif/35_HE_(d-4_x-13824_y-6144_w-2048_h-2048).tif,Trainset/Labels_tif/35_HE_(d-4_x-13824_y-6144_w-2048_h-2048).tif,Trainset,35,0.2310333251953125,Marsh-3a
Trainset/Images_tif/67_HE_(d-4_x-6144_y-6144_w-2048_h-2048).tif,Trainset/Labels_tif/67_HE_(d-4_x-6144_y-6144_w-2048_h-2048).tif,Trainset,67,0.33600616455078125,Marsh-1
Trainset/Images_tif/78_HE_(d-4_x-23040_y-23040_w-2048_h-2048).tif,Trainset/Labels_tif/78_HE_(d-4_x-23040_y-23040_w-2048_h-2048).tif,Trainset,78,0.19843673706054688,Marsh-3a
Trainset/Images_tif/62_HE_(d-4_x-16896_y-15360_w-2048_h-2048).tif,Trainset/Labels_tif/62_HE_(d-4_x-16896_y-15360_w-2048_h-2048).tif,Trainset,62,0.1646728515625,Marsh-3a
Trainset/Images_tif/67_HE_(d-4_x-49152_y-10752_w-2048_h-2048).tif,Trainset/Labels_tif/67_HE_(d-4_x-49152_y-10752_w-2048_h-2048).tif,Trainset,67,0.29271697998046875,Marsh-1
Trainset/Images_tif/127_HE_(d-4_x-29184_y-12288_w-2048_h-2048).tif,Trainset/Labels_tif/127_HE_(d-4_x-29184_y-12288_w-2048_h-2048).tif,Trainset,127,0.20010757446289062,Marsh-3a
Trainset/Images_tif/74_HE_(d-4_x-7680_y-3072_w-2048_h-2048).tif,Trainset/Labels_tif/74_HE_(d-4_x-7680_y-3072_w-2048_h-2048).tif,Trainset,74,0.25121307373046875,Marsh-1
Trainset/Images_tif/67_HE_(d-4_x-9216_y-16896_w-2048_h-2048).tif,Trainset/Labels_tif/67_HE_(d-4_x-9216_y-16896_w-2048_h-2048).tif,Trainset,67,0.01177978515625,Marsh-3b
Trainset/Images_tif/21_HE_(d-4_x-7680_y-39936_w-2048_h-2048).tif,Trainset/Labels_tif/21_HE_(d-4_x-7680_y-39936_w-2048_h-2048).tif,Trainset,21,0.0,Marsh-3b
Trainset/Images_tif/2_HE_(d-4_x-9216_y-39936_w-2048_h-2048).tif,Trainset/Labels_tif/2_HE_(d-4_x-9216_y-39936_w-2048_h-2048).tif,Trainset,2,0.31957244873046875,Marsh-1
Trainset/Images_tif/26_HE_(d-4_x-10752_y-7680_w-2048_h-2048).tif,Trainset/Labels_tif/26_HE_(d-4_x-10752_y-7680_w-2048_h-2048).tif,Trainset,26,0.022853851318359375,Marsh-3b
Trainset/Images_tif/81_HE_(d-4_x-23040_y-4608_w-2048_h-2048).tif,Trainset/Labels_tif/81_HE_(d-4_x-23040_y-4608_w-2048_h-2048).tif,Trainset,81,0.15436935424804688,Marsh-3a
Trainset/Images_tif/76_HE_(d-4_x-19968_y-24576_w-2048_h-2048).tif,Trainset/Labels_tif/76_HE_(d-4_x-19968_y-24576_w-2048_h-2048).tif,Trainset,76,0.09809494018554688,Marsh-3b
Trainset/Images_tif/18_HE_(d-4_x-7680_y-9216_w-2048_h-2048).tif,Trainset/Labels_tif/18_HE_(d-4_x-7680_y-9216_w-2048_h-2048).tif,Trainset,18,0.13633346557617188,Marsh-3a
Trainset/Images_tif/25_HE_(d-4_x-12288_y-24576_w-2048_h-2048).tif,Trainset/Labels_tif/25_HE_(d-4_x-12288_y-24576_w-2048_h-2048).tif,Trainset,25,0.3234062194824219,Marsh-1
Trainset/Images_tif/65_HE_(d-4_x-27648_y-27648_w-2048_h-2048).tif,Trainset/Labels_tif/65_HE_(d-4_x-27648_y-27648_w-2048_h-2048).tif,Trainset,65,0.20720672607421875,Marsh-3a
Trainset/Images_tif/113_HE_(d-4_x-7680_y-33792_w-2048_h-2048).tif,Trainset/Labels_tif/113_HE_(d-4_x-7680_y-33792_w-2048_h-2048).tif,Trainset,113,0.0705108642578125,Marsh-3b
Trainset/Images_tif/29_HE_(d-4_x-43008_y-6144_w-2048_h-2048).tif,Trainset/Labels_tif/29_HE_(d-4_x-43008_y-6144_w-2048_h-2048).tif,Trainset,29,0.2232818603515625,Marsh-3a
Trainset/Images_tif/17_HE_(d-4_x-7680_y-7680_w-2048_h-2048).tif,Trainset/Labels_tif/17_HE_(d-4_x-7680_y-7680_w-2048_h-2048).tif,Trainset,17,0.18790817260742188,Marsh-3a
Trainset/Images_tif/25_HE_(d-4_x-16896_y-19968_w-2048_h-2048).tif,Trainset/Labels_tif/25_HE_(d-4_x-16896_y-19968_w-2048_h-2048).tif,Trainset,25,0.3583526611328125,Marsh-0
Trainset/Images_tif/39_HE_(d-4_x-35328_y-10752_w-2048_h-2048).tif,Trainset/Labels_tif/39_HE_(d-4_x-35328_y-10752_w-2048_h-2048).tif,Trainset,39,0.28204345703125,Marsh-1
Trainset/Images_tif/35_HE_(d-4_x-12288_y-9216_w-2048_h-2048).tif,Trainset/Labels_tif/35_HE_(d-4_x-12288_y-9216_w-2048_h-2048).tif,Trainset,35,0.302398681640625,Marsh-1
Trainset/Images_tif/114_HE_(d-4_x-19968_y-7680_w-2048_h-2048).tif,Trainset/Labels_tif/114_HE_(d-4_x-19968_y-7680_w-2048_h-2048).tif,Trainset,114,0.3159942626953125,Marsh-1
Trainset/Images_tif/92_HE_(d-4_x-9216_y-10752_w-2048_h-2048).tif,Trainset/Labels_tif/92_HE_(d-4_x-9216_y-10752_w-2048_h-2048).tif,Trainset,92,0.3466835021972656,Marsh-0
Trainset/Images_tif/125_HE_(d-4_x-32256_y-15360_w-2048_h-2048).tif,Trainset/Labels_tif/125_HE_(d-4_x-32256_y-15360_w-2048_h-2048).tif,Trainset,125,0.2333831787109375,Marsh-3a
Trainset/Images_tif/17_HE_(d-4_x-12288_y-4608_w-2048_h-2048).tif,Trainset/Labels_tif/17_HE_(d-4_x-12288_y-4608_w-2048_h-2048).tif,Trainset,17,0.2454986572265625,Marsh-1
Trainset/Images_tif/51_HE_(d-4_x-7680_y-7680_w-2048_h-2048).tif,Trainset/Labels_tif/51_HE_(d-4_x-7680_y-7680_w-2048_h-2048).tif,Trainset,51,0.4035453796386719,Marsh-0
Trainset/Images_tif/126_HE_(d-4_x-9216_y-9216_w-2048_h-2048).tif,Trainset/Labels_tif/126_HE_(d-4_x-9216_y-9216_w-2048_h-2048).tif,Trainset,126,0.02691650390625,Marsh-3b
Trainset/Images_tif/14_HE_(d-4_x-19968_y-4608_w-2048_h-2048).tif,Trainset/Labels_tif/14_HE_(d-4_x-19968_y-4608_w-2048_h-2048).tif,Trainset,14,0.14844512939453125,Marsh-3a
Trainset/Images_tif/111_HE_(d-4_x-62976_y-27648_w-2048_h-2048).tif,Trainset/Labels_tif/111_HE_(d-4_x-62976_y-27648_w-2048_h-2048).tif,Trainset,111,0.4545783996582031,Marsh-0
Trainset/Images_tif/59_HE_(d-4_x-36864_y-55296_w-2048_h-2048).tif,Trainset/Labels_tif/59_HE_(d-4_x-36864_y-55296_w-2048_h-2048).tif,Trainset,59,0.3272438049316406,Marsh-1
Trainset/Images_tif/58_HE_(d-4_x-44544_y-6144_w-2048_h-2048).tif,Trainset/Labels_tif/58_HE_(d-4_x-44544_y-6144_w-2048_h-2048).tif,Trainset,58,0.06917572021484375,Marsh-3b
Trainset/Images_tif/38_HE_(d-4_x-43008_y-24576_w-2048_h-2048).tif,Trainset/Labels_tif/38_HE_(d-4_x-43008_y-24576_w-2048_h-2048).tif,Trainset,38,0.4823799133300781,Marsh-0
Trainset/Images_tif/72_HE_(d-4_x-76800_y-56832_w-2048_h-2048).tif,Trainset/Labels_tif/72_HE_(d-4_x-76800_y-56832_w-2048_h-2048).tif,Trainset,72,0.5086402893066406,Marsh-0
Trainset/Images_tif/60_HE_(d-4_x-18432_y-3072_w-2048_h-2048).tif,Trainset/Labels_tif/60_HE_(d-4_x-18432_y-3072_w-2048_h-2048).tif,Trainset,60,0.29790496826171875,Marsh-1
Trainset/Images_tif/111_HE_(d-4_x-7680_y-16896_w-2048_h-2048).tif,Trainset/Labels_tif/111_HE_(d-4_x-7680_y-16896_w-2048_h-2048).tif,Trainset,111,0.4581146240234375,Marsh-0
Trainset/Images_tif/137_HE_(d-4_x-4608_y-15360_w-2048_h-2048).tif,Trainset/Labels_tif/137_HE_(d-4_x-4608_y-15360_w-2048_h-2048).tif,Trainset,137,0.3101806640625,Marsh-1
Trainset/Images_tif/60_HE_(d-4_x-16896_y-13824_w-2048_h-2048).tif,Trainset/Labels_tif/60_HE_(d-4_x-16896_y-13824_w-2048_h-2048).tif,Trainset,60,0.2921257019042969,Marsh-1
Trainset/Images_tif/53_HE_(d-4_x-10752_y-6144_w-2048_h-2048).tif,Trainset/Labels_tif/53_HE_(d-4_x-10752_y-6144_w-2048_h-2048).tif,Trainset,53,0.4544410705566406,Marsh-0
Trainset/Images_tif/101_HE_(d-4_x-10752_y-12288_w-2048_h-2048).tif,Trainset/Labels_tif/101_HE_(d-4_x-10752_y-12288_w-2048_h-2048).tif,Trainset,101,0.2712364196777344,Marsh-1
Trainset/Images_tif/49_HE_(d-4_x-7680_y-16896_w-2048_h-2048).tif,Trainset/Labels_tif/49_HE_(d-4_x-7680_y-16896_w-2048_h-2048).tif,Trainset,49,0.1773223876953125,Marsh-3a
Trainset/Images_tif/74_HE_(d-4_x-7680_y-6144_w-2048_h-2048).tif,Trainset/Labels_tif/74_HE_(d-4_x-7680_y-6144_w-2048_h-2048).tif,Trainset,74,0.3936004638671875,Marsh-0
Trainset/Images_tif/10_HE_(d-4_x-4608_y-4608_w-2048_h-2048).tif,Trainset/Labels_tif/10_HE_(d-4_x-4608_y-4608_w-2048_h-2048).tif,Trainset,10,0.20975112915039062,Marsh-3a
Trainset/Images_tif/42_HE_(d-4_x-6144_y-13824_w-2048_h-2048).tif,Trainset/Labels_tif/42_HE_(d-4_x-6144_y-13824_w-2048_h-2048).tif,Trainset,42,0.24542999267578125,Marsh-1
Trainset/Images_tif/31_HE_(d-4_x-27648_y-56832_w-2048_h-2048).tif,Trainset/Labels_tif/31_HE_(d-4_x-27648_y-56832_w-2048_h-2048).tif,Trainset,31,0.2730369567871094,Marsh-1
Trainset/Images_tif/53_HE_(d-4_x-7680_y-7680_w-2048_h-2048).tif,Trainset/Labels_tif/53_HE_(d-4_x-7680_y-7680_w-2048_h-2048).tif,Trainset,53,0.21263504028320312,Marsh-3a
Trainset/Images_tif/60_HE_(d-4_x-15360_y-10752_w-2048_h-2048).tif,Trainset/Labels_tif/60_HE_(d-4_x-15360_y-10752_w-2048_h-2048).tif,Trainset,60,0.0,Marsh-3b
Trainset/Images_tif/142_HE_(d-4_x-9216_y-4608_w-2048_h-2048).tif,Trainset/Labels_tif/142_HE_(d-4_x-9216_y-4608_w-2048_h-2048).tif,Trainset,142,0.15832901000976562,Marsh-3a
Trainset/Images_tif/76_HE_(d-4_x-35328_y-27648_w-2048_h-2048).tif,Trainset/Labels_tif/76_HE_(d-4_x-35328_y-27648_w-2048_h-2048).tif,Trainset,76,0.46817779541015625,Marsh-0
Trainset/Images_tif/140_HE_(d-4_x-7680_y-6144_w-2048_h-2048).tif,Trainset/Labels_tif/140_HE_(d-4_x-7680_y-6144_w-2048_h-2048).tif,Trainset,140,0.3758049011230469,Marsh-0
Trainset/Images_tif/25_HE_(d-4_x-30720_y-21504_w-2048_h-2048).tif,Trainset/Labels_tif/25_HE_(d-4_x-30720_y-21504_w-2048_h-2048).tif,Trainset,25,0.19186019897460938,Marsh-3a
Trainset/Images_tif/65_HE_(d-4_x-9216_y-23040_w-2048_h-2048).tif,Trainset/Labels_tif/65_HE_(d-4_x-9216_y-23040_w-2048_h-2048).tif,Trainset,65,0.2867927551269531,Marsh-1
Trainset/Images_tif/87_HE_(d-4_x-46080_y-19968_w-2048_h-2048).tif,Trainset/Labels_tif/87_HE_(d-4_x-46080_y-19968_w-2048_h-2048).tif,Trainset,87,0.21222686767578125,Marsh-3a
Trainset/Images_tif/102_HE_(d-4_x-24576_y-35328_w-2048_h-2048).tif,Trainset/Labels_tif/102_HE_(d-4_x-24576_y-35328_w-2048_h-2048).tif,Trainset,102,0.34609222412109375,Marsh-0
Trainset/Images_tif/53_HE_(d-4_x-13824_y-4608_w-2048_h-2048).tif,Trainset/Labels_tif/53_HE_(d-4_x-13824_y-4608_w-2048_h-2048).tif,Trainset,53,0.4101905822753906,Marsh-0
Trainset/Images_tif/39_HE_(d-4_x-9216_y-12288_w-2048_h-2048).tif,Trainset/Labels_tif/39_HE_(d-4_x-9216_y-12288_w-2048_h-2048).tif,Trainset,39,0.0,Marsh-3b
Trainset/Images_tif/56_HE_(d-4_x-10752_y-59904_w-2048_h-2048).tif,Trainset/Labels_tif/56_HE_(d-4_x-10752_y-59904_w-2048_h-2048).tif,Trainset,56,0.23442459106445312,Marsh-1
Trainset/Images_tif/91_HE_(d-4_x-12288_y-16896_w-2048_h-2048).tif,Trainset/Labels_tif/91_HE_(d-4_x-12288_y-16896_w-2048_h-2048).tif,Trainset,91,0.2485504150390625,Marsh-1
Trainset/Images_tif/72_HE_(d-4_x-73728_y-61440_w-2048_h-2048).tif,Trainset/Labels_tif/72_HE_(d-4_x-73728_y-61440_w-2048_h-2048).tif,Trainset,72,0.24761581420898438,Marsh-1
Trainset/Images_tif/122_HE_(d-4_x-13824_y-4608_w-2048_h-2048).tif,Trainset/Labels_tif/122_HE_(d-4_x-13824_y-4608_w-2048_h-2048).tif,Trainset,122,0.02721405029296875,Marsh-3b
Trainset/Images_tif/102_HE_(d-4_x-18432_y-18432_w-2048_h-2048).tif,Trainset/Labels_tif/102_HE_(d-4_x-18432_y-18432_w-2048_h-2048).tif,Trainset,102,0.203826904296875,Marsh-3a
Trainset/Images_tif/55_HE_(d-4_x-6144_y-4608_w-2048_h-2048).tif,Trainset/Labels_tif/55_HE_(d-4_x-6144_y-4608_w-2048_h-2048).tif,Trainset,55,0.11796951293945312,Marsh-3b
Trainset/Images_tif/102_HE_(d-4_x-15360_y-33792_w-2048_h-2048).tif,Trainset/Labels_tif/102_HE_(d-4_x-15360_y-33792_w-2048_h-2048).tif,Trainset,102,0.3179664611816406,Marsh-1
Trainset/Images_tif/114_HE_(d-4_x-18432_y-15360_w-2048_h-2048).tif,Trainset/Labels_tif/114_HE_(d-4_x-18432_y-15360_w-2048_h-2048).tif,Trainset,114,0.339874267578125,Marsh-0
Trainset/Images_tif/63_HE_(d-4_x-4608_y-7680_w-2048_h-2048).tif,Trainset/Labels_tif/63_HE_(d-4_x-4608_y-7680_w-2048_h-2048).tif,Trainset,63,0.35074615478515625,Marsh-0
Trainset/Images_tif/124_HE_(d-4_x-7680_y-13824_w-2048_h-2048).tif,Trainset/Labels_tif/124_HE_(d-4_x-7680_y-13824_w-2048_h-2048).tif,Trainset,124,0.3481903076171875,Marsh-0
Trainset/Images_tif/72_HE_(d-4_x-107520_y-49152_w-2048_h-2048).tif,Trainset/Labels_tif/72_HE_(d-4_x-107520_y-49152_w-2048_h-2048).tif,Trainset,72,0.031795501708984375,Marsh-3b
Trainset/Images_tif/132_HE_(d-4_x-24576_y-12288_w-2048_h-2048).tif,Trainset/Labels_tif/132_HE_(d-4_x-24576_y-12288_w-2048_h-2048).tif,Trainset,132,0.12282180786132812,Marsh-3b
Trainset/Images_tif/82_HE_(d-4_x-13824_y-15360_w-2048_h-2048).tif,Trainset/Labels_tif/82_HE_(d-4_x-13824_y-15360_w-2048_h-2048).tif,Trainset,82,0.501007080078125,Marsh-0
Trainset/Images_tif/21_HE_(d-4_x-6144_y-43008_w-2048_h-2048).tif,Trainset/Labels_tif/21_HE_(d-4_x-6144_y-43008_w-2048_h-2048).tif,Trainset,21,0.33649444580078125,Marsh-1
Trainset/Images_tif/85_HE_(d-4_x-6144_y-4608_w-2048_h-2048).tif,Trainset/Labels_tif/85_HE_(d-4_x-6144_y-4608_w-2048_h-2048).tif,Trainset,85,0.45360565185546875,Marsh-0
Trainset/Images_tif/38_HE_(d-4_x-9216_y-19968_w-2048_h-2048).tif,Trainset/Labels_tif/38_HE_(d-4_x-9216_y-19968_w-2048_h-2048).tif,Trainset,38,0.175445556640625,Marsh-3a
Trainset/Images_tif/138_HE_(d-4_x-13824_y-9216_w-2048_h-2048).tif,Trainset/Labels_tif/138_HE_(d-4_x-13824_y-9216_w-2048_h-2048).tif,Trainset,138,0.4219627380371094,Marsh-0
Trainset/Images_tif/70_HE_(d-4_x-7680_y-12288_w-2048_h-2048).tif,Trainset/Labels_tif/70_HE_(d-4_x-7680_y-12288_w-2048_h-2048).tif,Trainset,70,0.053112030029296875,Marsh-3b
Trainset/Images_tif/38_HE_(d-4_x-9216_y-18432_w-2048_h-2048).tif,Trainset/Labels_tif/38_HE_(d-4_x-9216_y-18432_w-2048_h-2048).tif,Trainset,38,0.09145355224609375,Marsh-3b
Trainset/Images_tif/39_HE_(d-4_x-10752_y-13824_w-2048_h-2048).tif,Trainset/Labels_tif/39_HE_(d-4_x-10752_y-13824_w-2048_h-2048).tif,Trainset,39,0.0,Marsh-3b
Trainset/Images_tif/81_HE_(d-4_x-6144_y-15360_w-2048_h-2048).tif,Trainset/Labels_tif/81_HE_(d-4_x-6144_y-15360_w-2048_h-2048).tif,Trainset,81,0.3854942321777344,Marsh-0
Trainset/Images_tif/26_HE_(d-4_x-13824_y-9216_w-2048_h-2048).tif,Trainset/Labels_tif/26_HE_(d-4_x-13824_y-9216_w-2048_h-2048).tif,Trainset,26,0.500274658203125,Marsh-0
Trainset/Images_tif/62_HE_(d-4_x-7680_y-4608_w-2048_h-2048).tif,Trainset/Labels_tif/62_HE_(d-4_x-7680_y-4608_w-2048_h-2048).tif,Trainset,62,0.0353240966796875,Marsh-3b
Trainset/Images_tif/2_HE_(d-4_x-16896_y-47616_w-2048_h-2048).tif,Trainset/Labels_tif/2_HE_(d-4_x-16896_y-47616_w-2048_h-2048).tif,Trainset,2,0.014911651611328125,Marsh-3b
Trainset/Images_tif/114_HE_(d-4_x-27648_y-12288_w-2048_h-2048).tif,Trainset/Labels_tif/114_HE_(d-4_x-27648_y-12288_w-2048_h-2048).tif,Trainset,114,0.3169136047363281,Marsh-1
Trainset/Images_tif/73_HE_(d-4_x-33792_y-7680_w-2048_h-2048).tif,Trainset/Labels_tif/73_HE_(d-4_x-33792_y-7680_w-2048_h-2048).tif,Trainset,73,0.2894134521484375,Marsh-1
Trainset/Images_tif/101_HE_(d-4_x-7680_y-12288_w-2048_h-2048).tif,Trainset/Labels_tif/101_HE_(d-4_x-7680_y-12288_w-2048_h-2048).tif,Trainset,101,0.3865089416503906,Marsh-0
Trainset/Images_tif/109_HE_(d-4_x-4608_y-26112_w-2048_h-2048).tif,Trainset/Labels_tif/109_HE_(d-4_x-4608_y-26112_w-2048_h-2048).tif,Trainset,109,0.23809432983398438,Marsh-1
Trainset/Images_tif/42_HE_(d-4_x-6144_y-6144_w-2048_h-2048).tif,Trainset/Labels_tif/42_HE_(d-4_x-6144_y-6144_w-2048_h-2048).tif,Trainset,42,0.3211174011230469,Marsh-1
Trainset/Images_tif/142_HE_(d-4_x-9216_y-9216_w-2048_h-2048).tif,Trainset/Labels_tif/142_HE_(d-4_x-9216_y-9216_w-2048_h-2048).tif,Trainset,142,0.23386383056640625,Marsh-1
Trainset/Images_tif/112_HE_(d-4_x-26112_y-6144_w-2048_h-2048).tif,Trainset/Labels_tif/112_HE_(d-4_x-26112_y-6144_w-2048_h-2048).tif,Trainset,112,0.21283721923828125,Marsh-3a
Trainset/Images_tif/105_HE_(d-4_x-7680_y-12288_w-2048_h-2048).tif,Trainset/Labels_tif/105_HE_(d-4_x-7680_y-12288_w-2048_h-2048).tif,Trainset,105,0.0068817138671875,Marsh-3b
Trainset/Images_tif/102_HE_(d-4_x-16896_y-38400_w-2048_h-2048).tif,Trainset/Labels_tif/102_HE_(d-4_x-16896_y-38400_w-2048_h-2048).tif,Trainset,102,0.4665718078613281,Marsh-0
Trainset/Images_tif/85_HE_(d-4_x-30720_y-15360_w-2048_h-2048).tif,Trainset/Labels_tif/85_HE_(d-4_x-30720_y-15360_w-2048_h-2048).tif,Trainset,85,0.032123565673828125,Marsh-3b
Trainset/Images_tif/135_HE_(d-4_x-29184_y-44544_w-2048_h-2048).tif,Trainset/Labels_tif/135_HE_(d-4_x-29184_y-44544_w-2048_h-2048).tif,Trainset,135,0.3371772766113281,Marsh-1
Trainset/Images_tif/102_HE_(d-4_x-10752_y-4608_w-2048_h-2048).tif,Trainset/Labels_tif/102_HE_(d-4_x-10752_y-4608_w-2048_h-2048).tif,Trainset,102,0.2575645446777344,Marsh-1
Trainset/Images_tif/126_HE_(d-4_x-13824_y-7680_w-2048_h-2048).tif,Trainset/Labels_tif/126_HE_(d-4_x-13824_y-7680_w-2048_h-2048).tif,Trainset,126,0.3964653015136719,Marsh-0
Trainset/Images_tif/18_HE_(d-4_x-13824_y-7680_w-2048_h-2048).tif,Trainset/Labels_tif/18_HE_(d-4_x-13824_y-7680_w-2048_h-2048).tif,Trainset,18,0.3626861572265625,Marsh-0
Trainset/Images_tif/121_HE_(d-4_x-4608_y-12288_w-2048_h-2048).tif,Trainset/Labels_tif/121_HE_(d-4_x-4608_y-12288_w-2048_h-2048).tif,Trainset,121,0.3566169738769531,Marsh-0
Trainset/Images_tif/73_HE_(d-4_x-4608_y-15360_w-2048_h-2048).tif,Trainset/Labels_tif/73_HE_(d-4_x-4608_y-15360_w-2048_h-2048).tif,Trainset,73,0.12052154541015625,Marsh-3b
Trainset/Images_tif/120_HE_(d-4_x-13824_y-6144_w-2048_h-2048).tif,Trainset/Labels_tif/120_HE_(d-4_x-13824_y-6144_w-2048_h-2048).tif,Trainset,120,0.4245033264160156,Marsh-0
Trainset/Images_tif/14_HE_(d-4_x-4608_y-10752_w-2048_h-2048).tif,Trainset/Labels_tif/14_HE_(d-4_x-4608_y-10752_w-2048_h-2048).tif,Trainset,14,0.16627120971679688,Marsh-3a
Trainset/Images_tif/84_HE_(d-4_x-33792_y-29184_w-2048_h-2048).tif,Trainset/Labels_tif/84_HE_(d-4_x-33792_y-29184_w-2048_h-2048).tif,Trainset,84,0.442657470703125,Marsh-0
Trainset/Images_tif/21_HE_(d-4_x-16896_y-32256_w-2048_h-2048).tif,Trainset/Labels_tif/21_HE_(d-4_x-16896_y-32256_w-2048_h-2048).tif,Trainset,21,0.09297561645507812,Marsh-3b
Trainset/Images_tif/47_HE_(d-4_x-9216_y-33792_w-2048_h-2048).tif,Trainset/Labels_tif/47_HE_(d-4_x-9216_y-33792_w-2048_h-2048).tif,Trainset,47,0.17199325561523438,Marsh-3a
Trainset/Images_tif/13_HE_(d-4_x-27648_y-6144_w-2048_h-2048).tif,Trainset/Labels_tif/13_HE_(d-4_x-27648_y-6144_w-2048_h-2048).tif,Trainset,13,0.2929496765136719,Marsh-1
Trainset/Images_tif/92_HE_(d-4_x-4608_y-6144_w-2048_h-2048).tif,Trainset/Labels_tif/92_HE_(d-4_x-4608_y-6144_w-2048_h-2048).tif,Trainset,92,0.15416336059570312,Marsh-3a
Trainset/Images_tif/128_HE_(d-4_x-12288_y-23040_w-2048_h-2048).tif,Trainset/Labels_tif/128_HE_(d-4_x-12288_y-23040_w-2048_h-2048).tif,Trainset,128,0.3617095947265625,Marsh-0
Trainset/Images_tif/33_HE_(d-4_x-6144_y-3072_w-2048_h-2048).tif,Trainset/Labels_tif/33_HE_(d-4_x-6144_y-3072_w-2048_h-2048).tif,Trainset,33,0.15230560302734375,Marsh-3a
Trainset/Images_tif/86_HE_(d-4_x-10752_y-6144_w-2048_h-2048).tif,Trainset/Labels_tif/86_HE_(d-4_x-10752_y-6144_w-2048_h-2048).tif,Trainset,86,0.21323013305664062,Marsh-3a
Trainset/Images_tif/102_HE_(d-4_x-21504_y-15360_w-2048_h-2048).tif,Trainset/Labels_tif/102_HE_(d-4_x-21504_y-15360_w-2048_h-2048).tif,Trainset,102,0.4077720642089844,Marsh-0
Trainset/Images_tif/33_HE_(d-4_x-27648_y-9216_w-2048_h-2048).tif,Trainset/Labels_tif/33_HE_(d-4_x-27648_y-9216_w-2048_h-2048).tif,Trainset,33,0.18571853637695312,Marsh-3a
Trainset/Images_tif/49_HE_(d-4_x-35328_y-7680_w-2048_h-2048).tif,Trainset/Labels_tif/49_HE_(d-4_x-35328_y-7680_w-2048_h-2048).tif,Trainset,49,0.20604705810546875,Marsh-3a
Trainset/Images_tif/55_HE_(d-4_x-16896_y-7680_w-2048_h-2048).tif,Trainset/Labels_tif/55_HE_(d-4_x-16896_y-7680_w-2048_h-2048).tif,Trainset,55,0.2672843933105469,Marsh-1
Trainset/Images_tif/135_HE_(d-4_x-12288_y-43008_w-2048_h-2048).tif,Trainset/Labels_tif/135_HE_(d-4_x-12288_y-43008_w-2048_h-2048).tif,Trainset,135,0.14284515380859375,Marsh-3a
Trainset/Images_tif/113_HE_(d-4_x-16896_y-10752_w-2048_h-2048).tif,Trainset/Labels_tif/113_HE_(d-4_x-16896_y-10752_w-2048_h-2048).tif,Trainset,113,0.1442108154296875,Marsh-3a
Trainset/Images_tif/19_HE_(d-4_x-6144_y-9216_w-2048_h-2048).tif,Trainset/Labels_tif/19_HE_(d-4_x-6144_y-9216_w-2048_h-2048).tif,Trainset,19,0.004192352294921875,Marsh-3b
Trainset/Images_tif/118_HE_(d-4_x-39936_y-59904_w-2048_h-2048).tif,Trainset/Labels_tif/118_HE_(d-4_x-39936_y-59904_w-2048_h-2048).tif,Trainset,118,0.27008056640625,Marsh-1
Trainset/Images_tif/32_HE_(d-4_x-67584_y-39936_w-2048_h-2048).tif,Trainset/Labels_tif/32_HE_(d-4_x-67584_y-39936_w-2048_h-2048).tif,Trainset,32,0.225738525390625,Marsh-3a
Trainset/Images_tif/91_HE_(d-4_x-15360_y-12288_w-2048_h-2048).tif,Trainset/Labels_tif/91_HE_(d-4_x-15360_y-12288_w-2048_h-2048).tif,Trainset,91,0.2973518371582031,Marsh-1
Trainset/Images_tif/105_HE_(d-4_x-7680_y-13824_w-2048_h-2048).tif,Trainset/Labels_tif/105_HE_(d-4_x-7680_y-13824_w-2048_h-2048).tif,Trainset,105,0.040233612060546875,Marsh-3b
Trainset/Images_tif/40_HE_(d-4_x-15360_y-6144_w-2048_h-2048).tif,Trainset/Labels_tif/40_HE_(d-4_x-15360_y-6144_w-2048_h-2048).tif,Trainset,40,0.3170433044433594,Marsh-1
Trainset/Images_tif/92_HE_(d-4_x-7680_y-12288_w-2048_h-2048).tif,Trainset/Labels_tif/92_HE_(d-4_x-7680_y-12288_w-2048_h-2048).tif,Trainset,92,0.32294464111328125,Marsh-1
Trainset/Images_tif/48_HE_(d-4_x-23040_y-4608_w-2048_h-2048).tif,Trainset/Labels_tif/48_HE_(d-4_x-23040_y-4608_w-2048_h-2048).tif,Trainset,48,0.3959922790527344,Marsh-0
Trainset/Images_tif/112_HE_(d-4_x-6144_y-7680_w-2048_h-2048).tif,Trainset/Labels_tif/112_HE_(d-4_x-6144_y-7680_w-2048_h-2048).tif,Trainset,112,0.034877777099609375,Marsh-3b
Trainset/Images_tif/87_HE_(d-4_x-12288_y-13824_w-2048_h-2048).tif,Trainset/Labels_tif/87_HE_(d-4_x-12288_y-13824_w-2048_h-2048).tif,Trainset,87,0.2676544189453125,Marsh-1
Trainset/Images_tif/4_HE_(d-4_x-46080_y-4608_w-2048_h-2048).tif,Trainset/Labels_tif/4_HE_(d-4_x-46080_y-4608_w-2048_h-2048).tif,Trainset,4,0.11406326293945312,Marsh-3b
Trainset/Images_tif/100_HE_(d-4_x-13824_y-58368_w-2048_h-2048).tif,Trainset/Labels_tif/100_HE_(d-4_x-13824_y-58368_w-2048_h-2048).tif,Trainset,100,0.39194488525390625,Marsh-0
Trainset/Images_tif/82_HE_(d-4_x-35328_y-7680_w-2048_h-2048).tif,Trainset/Labels_tif/82_HE_(d-4_x-35328_y-7680_w-2048_h-2048).tif,Trainset,82,0.3075103759765625,Marsh-1
Trainset/Images_tif/77_HE_(d-4_x-43008_y-16896_w-2048_h-2048).tif,Trainset/Labels_tif/77_HE_(d-4_x-43008_y-16896_w-2048_h-2048).tif,Trainset,77,0.2563934326171875,Marsh-1
Trainset/Images_tif/119_HE_(d-4_x-16896_y-9216_w-2048_h-2048).tif,Trainset/Labels_tif/119_HE_(d-4_x-16896_y-9216_w-2048_h-2048).tif,Trainset,119,0.16895294189453125,Marsh-3a
Trainset/Images_tif/63_HE_(d-4_x-47616_y-19968_w-2048_h-2048).tif,Trainset/Labels_tif/63_HE_(d-4_x-47616_y-19968_w-2048_h-2048).tif,Trainset,63,0.11279296875,Marsh-3b
Trainset/Images_tif/45_HE_(d-4_x-73728_y-12288_w-2048_h-2048).tif,Trainset/Labels_tif/45_HE_(d-4_x-73728_y-12288_w-2048_h-2048).tif,Trainset,45,0.19395828247070312,Marsh-3a
Trainset/Images_tif/72_HE_(d-4_x-112128_y-44544_w-2048_h-2048).tif,Trainset/Labels_tif/72_HE_(d-4_x-112128_y-44544_w-2048_h-2048).tif,Trainset,72,0.3344535827636719,Marsh-1
Trainset/Images_tif/126_HE_(d-4_x-12288_y-9216_w-2048_h-2048).tif,Trainset/Labels_tif/126_HE_(d-4_x-12288_y-9216_w-2048_h-2048).tif,Trainset,126,0.5285453796386719,Marsh-0
Trainset/Images_tif/65_HE_(d-4_x-10752_y-21504_w-2048_h-2048).tif,Trainset/Labels_tif/65_HE_(d-4_x-10752_y-21504_w-2048_h-2048).tif,Trainset,65,0.19187164306640625,Marsh-3a
Trainset/Images_tif/131_HE_(d-4_x-10752_y-4608_w-2048_h-2048).tif,Trainset/Labels_tif/131_HE_(d-4_x-10752_y-4608_w-2048_h-2048).tif,Trainset,131,0.2726097106933594,Marsh-1
Trainset/Images_tif/25_HE_(d-4_x-7680_y-18432_w-2048_h-2048).tif,Trainset/Labels_tif/25_HE_(d-4_x-7680_y-18432_w-2048_h-2048).tif,Trainset,25,0.4287223815917969,Marsh-0
Trainset/Images_tif/76_HE_(d-4_x-30720_y-23040_w-2048_h-2048).tif,Trainset/Labels_tif/76_HE_(d-4_x-30720_y-23040_w-2048_h-2048).tif,Trainset,76,0.00026702880859375,Marsh-3b
Trainset/Images_tif/72_HE_(d-4_x-81408_y-53760_w-2048_h-2048).tif,Trainset/Labels_tif/72_HE_(d-4_x-81408_y-53760_w-2048_h-2048).tif,Trainset,72,0.2562217712402344,Marsh-1
Trainset/Images_tif/65_HE_(d-4_x-12288_y-21504_w-2048_h-2048).tif,Trainset/Labels_tif/65_HE_(d-4_x-12288_y-21504_w-2048_h-2048).tif,Trainset,65,0.07124710083007812,Marsh-3b
Trainset/Images_tif/25_HE_(d-4_x-27648_y-13824_w-2048_h-2048).tif,Trainset/Labels_tif/25_HE_(d-4_x-27648_y-13824_w-2048_h-2048).tif,Trainset,25,0.20291519165039062,Marsh-3a
Trainset/Images_tif/36_HE_(d-4_x-15360_y-9216_w-2048_h-2048).tif,Trainset/Labels_tif/36_HE_(d-4_x-15360_y-9216_w-2048_h-2048).tif,Trainset,36,0.5094146728515625,Marsh-0
Trainset/Images_tif/19_HE_(d-4_x-9216_y-32256_w-2048_h-2048).tif,Trainset/Labels_tif/19_HE_(d-4_x-9216_y-32256_w-2048_h-2048).tif,Trainset,19,0.4695701599121094,Marsh-0
Trainset/Images_tif/114_HE_(d-4_x-26112_y-18432_w-2048_h-2048).tif,Trainset/Labels_tif/114_HE_(d-4_x-26112_y-18432_w-2048_h-2048).tif,Trainset,114,0.4761161804199219,Marsh-0
Trainset/Images_tif/26_HE_(d-4_x-6144_y-12288_w-2048_h-2048).tif,Trainset/Labels_tif/26_HE_(d-4_x-6144_y-12288_w-2048_h-2048).tif,Trainset,26,0.1526641845703125,Marsh-3a
Trainset/Images_tif/67_HE_(d-4_x-9216_y-18432_w-2048_h-2048).tif,Trainset/Labels_tif/67_HE_(d-4_x-9216_y-18432_w-2048_h-2048).tif,Trainset,67,0.302703857421875,Marsh-1
Trainset/Images_tif/19_HE_(d-4_x-27648_y-10752_w-2048_h-2048).tif,Trainset/Labels_tif/19_HE_(d-4_x-27648_y-10752_w-2048_h-2048).tif,Trainset,19,0.28400421142578125,Marsh-1
Trainset/Images_tif/82_HE_(d-4_x-38400_y-13824_w-2048_h-2048).tif,Trainset/Labels_tif/82_HE_(d-4_x-38400_y-13824_w-2048_h-2048).tif,Trainset,82,0.0,Marsh-3b
Trainset/Images_tif/87_HE_(d-4_x-29184_y-19968_w-2048_h-2048).tif,Trainset/Labels_tif/87_HE_(d-4_x-29184_y-19968_w-2048_h-2048).tif,Trainset,87,0.18157196044921875,Marsh-3a
Trainset/Images_tif/39_HE_(d-4_x-12288_y-12288_w-2048_h-2048).tif,Trainset/Labels_tif/39_HE_(d-4_x-12288_y-12288_w-2048_h-2048).tif,Trainset,39,0.0,Marsh-3b
Trainset/Images_tif/102_HE_(d-4_x-21504_y-35328_w-2048_h-2048).tif,Trainset/Labels_tif/102_HE_(d-4_x-21504_y-35328_w-2048_h-2048).tif,Trainset,102,0.39052581787109375,Marsh-0
Trainset/Images_tif/84_HE_(d-4_x-15360_y-18432_w-2048_h-2048).tif,Trainset/Labels_tif/84_HE_(d-4_x-15360_y-18432_w-2048_h-2048).tif,Trainset,84,0.31707763671875,Marsh-1
Trainset/Images_tif/36_HE_(d-4_x-10752_y-27648_w-2048_h-2048).tif,Trainset/Labels_tif/36_HE_(d-4_x-10752_y-27648_w-2048_h-2048).tif,Trainset,36,0.4760017395019531,Marsh-0
Trainset/Images_tif/132_HE_(d-4_x-26112_y-12288_w-2048_h-2048).tif,Trainset/Labels_tif/132_HE_(d-4_x-26112_y-12288_w-2048_h-2048).tif,Trainset,132,0.08493423461914062,Marsh-3b
Trainset/Images_tif/76_HE_(d-4_x-27648_y-27648_w-2048_h-2048).tif,Trainset/Labels_tif/76_HE_(d-4_x-27648_y-27648_w-2048_h-2048).tif,Trainset,76,0.3125267028808594,Marsh-1
Trainset/Images_tif/138_HE_(d-4_x-15360_y-10752_w-2048_h-2048).tif,Trainset/Labels_tif/138_HE_(d-4_x-15360_y-10752_w-2048_h-2048).tif,Trainset,138,0.4919929504394531,Marsh-0
Trainset/Images_tif/43_HE_(d-4_x-10752_y-7680_w-2048_h-2048).tif,Trainset/Labels_tif/43_HE_(d-4_x-10752_y-7680_w-2048_h-2048).tif,Trainset,43,0.3639335632324219,Marsh-0
Trainset/Images_tif/21_HE_(d-4_x-4608_y-38400_w-2048_h-2048).tif,Trainset/Labels_tif/21_HE_(d-4_x-4608_y-38400_w-2048_h-2048).tif,Trainset,21,0.2716255187988281,Marsh-1
Trainset/Images_tif/39_HE_(d-4_x-26112_y-18432_w-2048_h-2048).tif,Trainset/Labels_tif/39_HE_(d-4_x-26112_y-18432_w-2048_h-2048).tif,Trainset,39,0.18341445922851562,Marsh-3a
Trainset/Images_tif/27_HE_(d-4_x-27648_y-23040_w-2048_h-2048).tif,Trainset/Labels_tif/27_HE_(d-4_x-27648_y-23040_w-2048_h-2048).tif,Trainset,27,0.3203010559082031,Marsh-1
Trainset/Images_tif/26_HE_(d-4_x-9216_y-6144_w-2048_h-2048).tif,Trainset/Labels_tif/26_HE_(d-4_x-9216_y-6144_w-2048_h-2048).tif,Trainset,26,0.32938385009765625,Marsh-1
Trainset/Images_tif/100_HE_(d-4_x-44544_y-53760_w-2048_h-2048).tif,Trainset/Labels_tif/100_HE_(d-4_x-44544_y-53760_w-2048_h-2048).tif,Trainset,100,0.16188430786132812,Marsh-3a
Trainset/Images_tif/8_HE_(d-4_x-33792_y-30720_w-2048_h-2048).tif,Trainset/Labels_tif/8_HE_(d-4_x-33792_y-30720_w-2048_h-2048).tif,Trainset,8,0.2934417724609375,Marsh-1
Trainset/Images_tif/134_HE_(d-4_x-9216_y-30720_w-2048_h-2048).tif,Trainset/Labels_tif/134_HE_(d-4_x-9216_y-30720_w-2048_h-2048).tif,Trainset,134,0.4909706115722656,Marsh-0
Trainset/Images_tif/91_HE_(d-4_x-32256_y-18432_w-2048_h-2048).tif,Trainset/Labels_tif/91_HE_(d-4_x-32256_y-18432_w-2048_h-2048).tif,Trainset,91,0.5115127563476562,Marsh-0
Trainset/Images_tif/19_HE_(d-4_x-21504_y-6144_w-2048_h-2048).tif,Trainset/Labels_tif/19_HE_(d-4_x-21504_y-6144_w-2048_h-2048).tif,Trainset,19,0.2796592712402344,Marsh-1
Trainset/Images_tif/86_HE_(d-4_x-3072_y-9216_w-2048_h-2048).tif,Trainset/Labels_tif/86_HE_(d-4_x-3072_y-9216_w-2048_h-2048).tif,Trainset,86,0.2693748474121094,Marsh-1
Trainset/Images_tif/87_HE_(d-4_x-13824_y-6144_w-2048_h-2048).tif,Trainset/Labels_tif/87_HE_(d-4_x-13824_y-6144_w-2048_h-2048).tif,Trainset,87,0.09972000122070312,Marsh-3b
Trainset/Images_tif/19_HE_(d-4_x-18432_y-4608_w-2048_h-2048).tif,Trainset/Labels_tif/19_HE_(d-4_x-18432_y-4608_w-2048_h-2048).tif,Trainset,19,0.14970016479492188,Marsh-3a
Trainset/Images_tif/74_HE_(d-4_x-30720_y-4608_w-2048_h-2048).tif,Trainset/Labels_tif/74_HE_(d-4_x-30720_y-4608_w-2048_h-2048).tif,Trainset,74,0.3898811340332031,Marsh-0
Trainset/Images_tif/77_HE_(d-4_x-39936_y-18432_w-2048_h-2048).tif,Trainset/Labels_tif/77_HE_(d-4_x-39936_y-18432_w-2048_h-2048).tif,Trainset,77,0.07782745361328125,Marsh-3b
Trainset/Images_tif/67_HE_(d-4_x-47616_y-13824_w-2048_h-2048).tif,Trainset/Labels_tif/67_HE_(d-4_x-47616_y-13824_w-2048_h-2048).tif,Trainset,67,0.4207763671875,Marsh-0
Trainset/Images_tif/101_HE_(d-4_x-13824_y-7680_w-2048_h-2048).tif,Trainset/Labels_tif/101_HE_(d-4_x-13824_y-7680_w-2048_h-2048).tif,Trainset,101,0.4246711730957031,Marsh-0
Trainset/Images_tif/116_HE_(d-4_x-9216_y-9216_w-2048_h-2048).tif,Trainset/Labels_tif/116_HE_(d-4_x-9216_y-9216_w-2048_h-2048).tif,Trainset,116,0.00492095947265625,Marsh-3b
Trainset/Images_tif/29_HE_(d-4_x-59904_y-18432_w-2048_h-2048).tif,Trainset/Labels_tif/29_HE_(d-4_x-59904_y-18432_w-2048_h-2048).tif,Trainset,29,0.3096351623535156,Marsh-1
Trainset/Images_tif/142_HE_(d-4_x-9216_y-6144_w-2048_h-2048).tif,Trainset/Labels_tif/142_HE_(d-4_x-9216_y-6144_w-2048_h-2048).tif,Trainset,142,0.310333251953125,Marsh-1
Trainset/Images_tif/82_HE_(d-4_x-35328_y-4608_w-2048_h-2048).tif,Trainset/Labels_tif/82_HE_(d-4_x-35328_y-4608_w-2048_h-2048).tif,Trainset,82,0.5084304809570312,Marsh-0
Trainset/Images_tif/19_HE_(d-4_x-27648_y-9216_w-2048_h-2048).tif,Trainset/Labels_tif/19_HE_(d-4_x-27648_y-9216_w-2048_h-2048).tif,Trainset,19,0.316558837890625,Marsh-1
Trainset/Images_tif/32_HE_(d-4_x-55296_y-62976_w-2048_h-2048).tif,Trainset/Labels_tif/32_HE_(d-4_x-55296_y-62976_w-2048_h-2048).tif,Trainset,32,0.08898162841796875,Marsh-3b
Trainset/Images_tif/47_HE_(d-4_x-12288_y-33792_w-2048_h-2048).tif,Trainset/Labels_tif/47_HE_(d-4_x-12288_y-33792_w-2048_h-2048).tif,Trainset,47,0.04528045654296875,Marsh-3b
Trainset/Images_tif/84_HE_(d-4_x-38400_y-26112_w-2048_h-2048).tif,Trainset/Labels_tif/84_HE_(d-4_x-38400_y-26112_w-2048_h-2048).tif,Trainset,84,0.26473236083984375,Marsh-1
Trainset/Images_tif/4_HE_(d-4_x-39936_y-16896_w-2048_h-2048).tif,Trainset/Labels_tif/4_HE_(d-4_x-39936_y-16896_w-2048_h-2048).tif,Trainset,4,0.4233207702636719,Marsh-0
Trainset/Images_tif/62_HE_(d-4_x-33792_y-12288_w-2048_h-2048).tif,Trainset/Labels_tif/62_HE_(d-4_x-33792_y-12288_w-2048_h-2048).tif,Trainset,62,0.3042144775390625,Marsh-1
Trainset/Images_tif/38_HE_(d-4_x-41472_y-24576_w-2048_h-2048).tif,Trainset/Labels_tif/38_HE_(d-4_x-41472_y-24576_w-2048_h-2048).tif,Trainset,38,0.518341064453125,Marsh-0
Trainset/Images_tif/42_HE_(d-4_x-7680_y-13824_w-2048_h-2048).tif,Trainset/Labels_tif/42_HE_(d-4_x-7680_y-13824_w-2048_h-2048).tif,Trainset,42,0.45482635498046875,Marsh-0
Trainset/Images_tif/70_HE_(d-4_x-7680_y-10752_w-2048_h-2048).tif,Trainset/Labels_tif/70_HE_(d-4_x-7680_y-10752_w-2048_h-2048).tif,Trainset,70,0.00057220458984375,Marsh-3b
Trainset/Images_tif/25_HE_(d-4_x-33792_y-18432_w-2048_h-2048).tif,Trainset/Labels_tif/25_HE_(d-4_x-33792_y-18432_w-2048_h-2048).tif,Trainset,25,0.3560943603515625,Marsh-0
Trainset/Images_tif/32_HE_(d-4_x-59904_y-62976_w-2048_h-2048).tif,Trainset/Labels_tif/32_HE_(d-4_x-59904_y-62976_w-2048_h-2048).tif,Trainset,32,0.0,Marsh-3b
Trainset/Images_tif/92_HE_(d-4_x-18432_y-6144_w-2048_h-2048).tif,Trainset/Labels_tif/92_HE_(d-4_x-18432_y-6144_w-2048_h-2048).tif,Trainset,92,0.38513946533203125,Marsh-0
Trainset/Images_tif/17_HE_(d-4_x-30720_y-3072_w-2048_h-2048).tif,Trainset/Labels_tif/17_HE_(d-4_x-30720_y-3072_w-2048_h-2048).tif,Trainset,17,0.38068389892578125,Marsh-0
Trainset/Images_tif/121_HE_(d-4_x-4608_y-4608_w-2048_h-2048).tif,Trainset/Labels_tif/121_HE_(d-4_x-4608_y-4608_w-2048_h-2048).tif,Trainset,121,0.43670654296875,Marsh-0
Trainset/Images_tif/135_HE_(d-4_x-9216_y-33792_w-2048_h-2048).tif,Trainset/Labels_tif/135_HE_(d-4_x-9216_y-33792_w-2048_h-2048).tif,Trainset,135,0.0,Marsh-3b
Trainset/Images_tif/93_HE_(d-4_x-7680_y-3072_w-2048_h-2048).tif,Trainset/Labels_tif/93_HE_(d-4_x-7680_y-3072_w-2048_h-2048).tif,Trainset,93,0.2788581848144531,Marsh-1
Trainset/Images_tif/120_HE_(d-4_x-19968_y-30720_w-2048_h-2048).tif,Trainset/Labels_tif/120_HE_(d-4_x-19968_y-30720_w-2048_h-2048).tif,Trainset,120,0.3839988708496094,Marsh-0
Trainset/Images_tif/132_HE_(d-4_x-29184_y-18432_w-2048_h-2048).tif,Trainset/Labels_tif/132_HE_(d-4_x-29184_y-18432_w-2048_h-2048).tif,Trainset,132,0.2816619873046875,Marsh-1
Trainset/Images_tif/89_HE_(d-4_x-9216_y-6144_w-2048_h-2048).tif,Trainset/Labels_tif/89_HE_(d-4_x-9216_y-6144_w-2048_h-2048).tif,Trainset,89,0.11851119995117188,Marsh-3b
Trainset/Images_tif/14_HE_(d-4_x-1536_y-9216_w-2048_h-2048).tif,Trainset/Labels_tif/14_HE_(d-4_x-1536_y-9216_w-2048_h-2048).tif,Trainset,14,0.21812820434570312,Marsh-3a
Trainset/Images_tif/76_HE_(d-4_x-15360_y-24576_w-2048_h-2048).tif,Trainset/Labels_tif/76_HE_(d-4_x-15360_y-24576_w-2048_h-2048).tif,Trainset,76,0.44670867919921875,Marsh-0
Trainset/Images_tif/26_HE_(d-4_x-12288_y-6144_w-2048_h-2048).tif,Trainset/Labels_tif/26_HE_(d-4_x-12288_y-6144_w-2048_h-2048).tif,Trainset,26,0.19728851318359375,Marsh-3a
Trainset/Images_tif/27_HE_(d-4_x-26112_y-27648_w-2048_h-2048).tif,Trainset/Labels_tif/27_HE_(d-4_x-26112_y-27648_w-2048_h-2048).tif,Trainset,27,0.1998291015625,Marsh-3a
Trainset/Images_tif/118_HE_(d-4_x-32256_y-56832_w-2048_h-2048).tif,Trainset/Labels_tif/118_HE_(d-4_x-32256_y-56832_w-2048_h-2048).tif,Trainset,118,0.21529006958007812,Marsh-3a
Trainset/Images_tif/135_HE_(d-4_x-6144_y-38400_w-2048_h-2048).tif,Trainset/Labels_tif/135_HE_(d-4_x-6144_y-38400_w-2048_h-2048).tif,Trainset,135,0.30133056640625,Marsh-1
Trainset/Images_tif/31_HE_(d-4_x-7680_y-52224_w-2048_h-2048).tif,Trainset/Labels_tif/31_HE_(d-4_x-7680_y-52224_w-2048_h-2048).tif,Trainset,31,0.08078765869140625,Marsh-3b
Trainset/Images_tif/142_HE_(d-4_x-50688_y-12288_w-2048_h-2048).tif,Trainset/Labels_tif/142_HE_(d-4_x-50688_y-12288_w-2048_h-2048).tif,Trainset,142,0.07515716552734375,Marsh-3b
Trainset/Images_tif/45_HE_(d-4_x-59904_y-10752_w-2048_h-2048).tif,Trainset/Labels_tif/45_HE_(d-4_x-59904_y-10752_w-2048_h-2048).tif,Trainset,45,0.14290237426757812,Marsh-3a
Trainset/Images_tif/94_HE_(d-4_x-23040_y-47616_w-2048_h-2048).tif,Trainset/Labels_tif/94_HE_(d-4_x-23040_y-47616_w-2048_h-2048).tif,Trainset,94,0.29514312744140625,Marsh-1
Trainset/Images_tif/32_HE_(d-4_x-69120_y-41472_w-2048_h-2048).tif,Trainset/Labels_tif/32_HE_(d-4_x-69120_y-41472_w-2048_h-2048).tif,Trainset,32,0.07806396484375,Marsh-3b
Trainset/Images_tif/100_HE_(d-4_x-39936_y-59904_w-2048_h-2048).tif,Trainset/Labels_tif/100_HE_(d-4_x-39936_y-59904_w-2048_h-2048).tif,Trainset,100,0.007022857666015625,Marsh-3b
Trainset/Images_tif/121_HE_(d-4_x-7680_y-12288_w-2048_h-2048).tif,Trainset/Labels_tif/121_HE_(d-4_x-7680_y-12288_w-2048_h-2048).tif,Trainset,121,0.21837615966796875,Marsh-3a
Trainset/Images_tif/25_HE_(d-4_x-7680_y-24576_w-2048_h-2048).tif,Trainset/Labels_tif/25_HE_(d-4_x-7680_y-24576_w-2048_h-2048).tif,Trainset,25,0.13945388793945312,Marsh-3a
Trainset/Images_tif/106_HE_(d-4_x-4608_y-41472_w-2048_h-2048).tif,Trainset/Labels_tif/106_HE_(d-4_x-4608_y-41472_w-2048_h-2048).tif,Trainset,106,0.17645645141601562,Marsh-3a
Trainset/Images_tif/111_HE_(d-4_x-6144_y-7680_w-2048_h-2048).tif,Trainset/Labels_tif/111_HE_(d-4_x-6144_y-7680_w-2048_h-2048).tif,Trainset,111,0.17561721801757812,Marsh-3a
Trainset/Images_tif/29_HE_(d-4_x-52224_y-13824_w-2048_h-2048).tif,Trainset/Labels_tif/29_HE_(d-4_x-52224_y-13824_w-2048_h-2048).tif,Trainset,29,0.3642997741699219,Marsh-0
Trainset/Images_tif/81_HE_(d-4_x-21504_y-10752_w-2048_h-2048).tif,Trainset/Labels_tif/81_HE_(d-4_x-21504_y-10752_w-2048_h-2048).tif,Trainset,81,0.23057937622070312,Marsh-3a
Trainset/Images_tif/77_HE_(d-4_x-41472_y-18432_w-2048_h-2048).tif,Trainset/Labels_tif/77_HE_(d-4_x-41472_y-18432_w-2048_h-2048).tif,Trainset,77,0.31139373779296875,Marsh-1
Trainset/Images_tif/119_HE_(d-4_x-16896_y-4608_w-2048_h-2048).tif,Trainset/Labels_tif/119_HE_(d-4_x-16896_y-4608_w-2048_h-2048).tif,Trainset,119,0.07171630859375,Marsh-3b
Trainset/Images_tif/100_HE_(d-4_x-9216_y-58368_w-2048_h-2048).tif,Trainset/Labels_tif/100_HE_(d-4_x-9216_y-58368_w-2048_h-2048).tif,Trainset,100,0.13843536376953125,Marsh-3a
Trainset/Images_tif/27_HE_(d-4_x-9216_y-30720_w-2048_h-2048).tif,Trainset/Labels_tif/27_HE_(d-4_x-9216_y-30720_w-2048_h-2048).tif,Trainset,27,0.4313926696777344,Marsh-0
Trainset/Images_tif/73_HE_(d-4_x-9216_y-7680_w-2048_h-2048).tif,Trainset/Labels_tif/73_HE_(d-4_x-9216_y-7680_w-2048_h-2048).tif,Trainset,73,0.25270843505859375,Marsh-1
Trainset/Images_tif/74_HE_(d-4_x-12288_y-7680_w-2048_h-2048).tif,Trainset/Labels_tif/74_HE_(d-4_x-12288_y-7680_w-2048_h-2048).tif,Trainset,74,0.410064697265625,Marsh-0
Trainset/Images_tif/65_HE_(d-4_x-10752_y-29184_w-2048_h-2048).tif,Trainset/Labels_tif/65_HE_(d-4_x-10752_y-29184_w-2048_h-2048).tif,Trainset,65,0.0,Marsh-3b
Trainset/Images_tif/39_HE_(d-4_x-10752_y-19968_w-2048_h-2048).tif,Trainset/Labels_tif/39_HE_(d-4_x-10752_y-19968_w-2048_h-2048).tif,Trainset,39,0.21271514892578125,Marsh-3a
Trainset/Images_tif/132_HE_(d-4_x-27648_y-16896_w-2048_h-2048).tif,Trainset/Labels_tif/132_HE_(d-4_x-27648_y-16896_w-2048_h-2048).tif,Trainset,132,0.07696914672851562,Marsh-3b
Trainset/Images_tif/109_HE_(d-4_x-6144_y-24576_w-2048_h-2048).tif,Trainset/Labels_tif/109_HE_(d-4_x-6144_y-24576_w-2048_h-2048).tif,Trainset,109,0.32871246337890625,Marsh-1
Trainset/Images_tif/2_HE_(d-4_x-15360_y-59904_w-2048_h-2048).tif,Trainset/Labels_tif/2_HE_(d-4_x-15360_y-59904_w-2048_h-2048).tif,Trainset,2,0.04660797119140625,Marsh-3b
Trainset/Images_tif/74_HE_(d-4_x-33792_y-6144_w-2048_h-2048).tif,Trainset/Labels_tif/74_HE_(d-4_x-33792_y-6144_w-2048_h-2048).tif,Trainset,74,0.272796630859375,Marsh-1
Trainset/Images_tif/120_HE_(d-4_x-15360_y-4608_w-2048_h-2048).tif,Trainset/Labels_tif/120_HE_(d-4_x-15360_y-4608_w-2048_h-2048).tif,Trainset,120,0.34529876708984375,Marsh-0
Trainset/Images_tif/111_HE_(d-4_x-58368_y-30720_w-2048_h-2048).tif,Trainset/Labels_tif/111_HE_(d-4_x-58368_y-30720_w-2048_h-2048).tif,Trainset,111,0.4712333679199219,Marsh-0
Trainset/Images_tif/56_HE_(d-4_x-41472_y-55296_w-2048_h-2048).tif,Trainset/Labels_tif/56_HE_(d-4_x-41472_y-55296_w-2048_h-2048).tif,Trainset,56,0.343719482421875,Marsh-0
Trainset/Images_tif/77_HE_(d-4_x-29184_y-19968_w-2048_h-2048).tif,Trainset/Labels_tif/77_HE_(d-4_x-29184_y-19968_w-2048_h-2048).tif,Trainset,77,0.14692306518554688,Marsh-3a
Trainset/Images_tif/113_HE_(d-4_x-15360_y-6144_w-2048_h-2048).tif,Trainset/Labels_tif/113_HE_(d-4_x-15360_y-6144_w-2048_h-2048).tif,Trainset,113,0.12459182739257812,Marsh-3b
Trainset/Images_tif/11_HE_(d-4_x-7680_y-38400_w-2048_h-2048).tif,Trainset/Labels_tif/11_HE_(d-4_x-7680_y-38400_w-2048_h-2048).tif,Trainset,11,0.30304718017578125,Marsh-1
Trainset/Images_tif/126_HE_(d-4_x-10752_y-6144_w-2048_h-2048).tif,Trainset/Labels_tif/126_HE_(d-4_x-10752_y-6144_w-2048_h-2048).tif,Trainset,126,0.19810867309570312,Marsh-3a
Trainset/Images_tif/125_HE_(d-4_x-33792_y-10752_w-2048_h-2048).tif,Trainset/Labels_tif/125_HE_(d-4_x-33792_y-10752_w-2048_h-2048).tif,Trainset,125,0.3350334167480469,Marsh-1
Trainset/Images_tif/87_HE_(d-4_x-12288_y-12288_w-2048_h-2048).tif,Trainset/Labels_tif/87_HE_(d-4_x-12288_y-12288_w-2048_h-2048).tif,Trainset,87,0.4409828186035156,Marsh-0
Trainset/Images_tif/114_HE_(d-4_x-7680_y-16896_w-2048_h-2048).tif,Trainset/Labels_tif/114_HE_(d-4_x-7680_y-16896_w-2048_h-2048).tif,Trainset,114,0.296051025390625,Marsh-1
Trainset/Images_tif/2_HE_(d-4_x-35328_y-41472_w-2048_h-2048).tif,Trainset/Labels_tif/2_HE_(d-4_x-35328_y-41472_w-2048_h-2048).tif,Trainset,2,0.29943084716796875,Marsh-1
Trainset/Images_tif/120_HE_(d-4_x-19968_y-23040_w-2048_h-2048).tif,Trainset/Labels_tif/120_HE_(d-4_x-19968_y-23040_w-2048_h-2048).tif,Trainset,120,0.23164749145507812,Marsh-3a
Trainset/Images_tif/60_HE_(d-4_x-19968_y-4608_w-2048_h-2048).tif,Trainset/Labels_tif/60_HE_(d-4_x-19968_y-4608_w-2048_h-2048).tif,Trainset,60,0.23775100708007812,Marsh-1
Trainset/Images_tif/142_HE_(d-4_x-10752_y-10752_w-2048_h-2048).tif,Trainset/Labels_tif/142_HE_(d-4_x-10752_y-10752_w-2048_h-2048).tif,Trainset,142,0.2745933532714844,Marsh-1
Trainset/Images_tif/82_HE_(d-4_x-15360_y-7680_w-2048_h-2048).tif,Trainset/Labels_tif/82_HE_(d-4_x-15360_y-7680_w-2048_h-2048).tif,Trainset,82,0.47393035888671875,Marsh-0
Trainset/Images_tif/67_HE_(d-4_x-6144_y-18432_w-2048_h-2048).tif,Trainset/Labels_tif/67_HE_(d-4_x-6144_y-18432_w-2048_h-2048).tif,Trainset,67,0.1356201171875,Marsh-3a
Trainset/Images_tif/67_HE_(d-4_x-7680_y-6144_w-2048_h-2048).tif,Trainset/Labels_tif/67_HE_(d-4_x-7680_y-6144_w-2048_h-2048).tif,Trainset,67,0.410552978515625,Marsh-0
Trainset/Images_tif/31_HE_(d-4_x-16896_y-55296_w-2048_h-2048).tif,Trainset/Labels_tif/31_HE_(d-4_x-16896_y-55296_w-2048_h-2048).tif,Trainset,31,0.12165451049804688,Marsh-3b
Trainset/Images_tif/63_HE_(d-4_x-6144_y-7680_w-2048_h-2048).tif,Trainset/Labels_tif/63_HE_(d-4_x-6144_y-7680_w-2048_h-2048).tif,Trainset,63,0.2987327575683594,Marsh-1
Trainset/Images_tif/32_HE_(d-4_x-56832_y-59904_w-2048_h-2048).tif,Trainset/Labels_tif/32_HE_(d-4_x-56832_y-59904_w-2048_h-2048).tif,Trainset,32,0.36151123046875,Marsh-0
Trainset/Images_tif/111_HE_(d-4_x-39936_y-13824_w-2048_h-2048).tif,Trainset/Labels_tif/111_HE_(d-4_x-39936_y-13824_w-2048_h-2048).tif,Trainset,111,0.1662445068359375,Marsh-3a
Trainset/Images_tif/118_HE_(d-4_x-70656_y-53760_w-2048_h-2048).tif,Trainset/Labels_tif/118_HE_(d-4_x-70656_y-53760_w-2048_h-2048).tif,Trainset,118,0.31464385986328125,Marsh-1
Trainset/Images_tif/137_HE_(d-4_x-19968_y-16896_w-2048_h-2048).tif,Trainset/Labels_tif/137_HE_(d-4_x-19968_y-16896_w-2048_h-2048).tif,Trainset,137,0.3678932189941406,Marsh-0
Trainset/Images_tif/92_HE_(d-4_x-9216_y-16896_w-2048_h-2048).tif,Trainset/Labels_tif/92_HE_(d-4_x-9216_y-16896_w-2048_h-2048).tif,Trainset,92,0.43378448486328125,Marsh-0
Trainset/Images_tif/25_HE_(d-4_x-19968_y-7680_w-2048_h-2048).tif,Trainset/Labels_tif/25_HE_(d-4_x-19968_y-7680_w-2048_h-2048).tif,Trainset,25,0.56549072265625,Marsh-0
Trainset/Images_tif/114_HE_(d-4_x-18432_y-10752_w-2048_h-2048).tif,Trainset/Labels_tif/114_HE_(d-4_x-18432_y-10752_w-2048_h-2048).tif,Trainset,114,0.28452301025390625,Marsh-1
Trainset/Images_tif/127_HE_(d-4_x-27648_y-9216_w-2048_h-2048).tif,Trainset/Labels_tif/127_HE_(d-4_x-27648_y-9216_w-2048_h-2048).tif,Trainset,127,0.5291366577148438,Marsh-0
Trainset/Images_tif/19_HE_(d-4_x-24576_y-3072_w-2048_h-2048).tif,Trainset/Labels_tif/19_HE_(d-4_x-24576_y-3072_w-2048_h-2048).tif,Trainset,19,0.3078193664550781,Marsh-1
Trainset/Images_tif/130_HE_(d-4_x-19968_y-36864_w-2048_h-2048).tif,Trainset/Labels_tif/130_HE_(d-4_x-19968_y-36864_w-2048_h-2048).tif,Trainset,130,0.11389541625976562,Marsh-3b
Trainset/Images_tif/113_HE_(d-4_x-19968_y-7680_w-2048_h-2048).tif,Trainset/Labels_tif/113_HE_(d-4_x-19968_y-7680_w-2048_h-2048).tif,Trainset,113,0.23521041870117188,Marsh-1
Trainset/Images_tif/127_HE_(d-4_x-4608_y-9216_w-2048_h-2048).tif,Trainset/Labels_tif/127_HE_(d-4_x-4608_y-9216_w-2048_h-2048).tif,Trainset,127,0.18454742431640625,Marsh-3a
Trainset/Images_tif/1_HE_(d-4_x-23040_y-6144_w-2048_h-2048).tif,Trainset/Labels_tif/1_HE_(d-4_x-23040_y-6144_w-2048_h-2048).tif,Trainset,1,0.2559928894042969,Marsh-1
Trainset/Images_tif/58_HE_(d-4_x-47616_y-7680_w-2048_h-2048).tif,Trainset/Labels_tif/58_HE_(d-4_x-47616_y-7680_w-2048_h-2048).tif,Trainset,58,0.0,Marsh-3b
Trainset/Images_tif/79_HE_(d-4_x-9216_y-10752_w-2048_h-2048).tif,Trainset/Labels_tif/79_HE_(d-4_x-9216_y-10752_w-2048_h-2048).tif,Trainset,79,0.12411880493164062,Marsh-3b
Trainset/Images_tif/73_HE_(d-4_x-29184_y-7680_w-2048_h-2048).tif,Trainset/Labels_tif/73_HE_(d-4_x-29184_y-7680_w-2048_h-2048).tif,Trainset,73,0.4164390563964844,Marsh-0
Trainset/Images_tif/29_HE_(d-4_x-62976_y-12288_w-2048_h-2048).tif,Trainset/Labels_tif/29_HE_(d-4_x-62976_y-12288_w-2048_h-2048).tif,Trainset,29,0.4660797119140625,Marsh-0
Trainset/Images_tif/103_HE_(d-4_x-9216_y-4608_w-2048_h-2048).tif,Trainset/Labels_tif/103_HE_(d-4_x-9216_y-4608_w-2048_h-2048).tif,Trainset,103,0.3631401062011719,Marsh-0
Trainset/Images_tif/17_HE_(d-4_x-24576_y-4608_w-2048_h-2048).tif,Trainset/Labels_tif/17_HE_(d-4_x-24576_y-4608_w-2048_h-2048).tif,Trainset,17,0.04380035400390625,Marsh-3b
Trainset/Images_tif/29_HE_(d-4_x-59904_y-9216_w-2048_h-2048).tif,Trainset/Labels_tif/29_HE_(d-4_x-59904_y-9216_w-2048_h-2048).tif,Trainset,29,0.22146987915039062,Marsh-3a
Trainset/Images_tif/27_HE_(d-4_x-23040_y-27648_w-2048_h-2048).tif,Trainset/Labels_tif/27_HE_(d-4_x-23040_y-27648_w-2048_h-2048).tif,Trainset,27,0.4021492004394531,Marsh-0
Trainset/Images_tif/70_HE_(d-4_x-10752_y-10752_w-2048_h-2048).tif,Trainset/Labels_tif/70_HE_(d-4_x-10752_y-10752_w-2048_h-2048).tif,Trainset,70,0.04126739501953125,Marsh-3b
Trainset/Images_tif/112_HE_(d-4_x-18432_y-10752_w-2048_h-2048).tif,Trainset/Labels_tif/112_HE_(d-4_x-18432_y-10752_w-2048_h-2048).tif,Trainset,112,0.0865478515625,Marsh-3b
Trainset/Images_tif/17_HE_(d-4_x-26112_y-6144_w-2048_h-2048).tif,Trainset/Labels_tif/17_HE_(d-4_x-26112_y-6144_w-2048_h-2048).tif,Trainset,17,0.18217086791992188,Marsh-3a
Trainset/Images_tif/97_HE_(d-4_x-12288_y-6144_w-2048_h-2048).tif,Trainset/Labels_tif/97_HE_(d-4_x-12288_y-6144_w-2048_h-2048).tif,Trainset,97,0.45282745361328125,Marsh-0
Trainset/Images_tif/135_HE_(d-4_x-33792_y-41472_w-2048_h-2048).tif,Trainset/Labels_tif/135_HE_(d-4_x-33792_y-41472_w-2048_h-2048).tif,Trainset,135,0.17316436767578125,Marsh-3a
Trainset/Images_tif/84_HE_(d-4_x-9216_y-16896_w-2048_h-2048).tif,Trainset/Labels_tif/84_HE_(d-4_x-9216_y-16896_w-2048_h-2048).tif,Trainset,84,0.0687103271484375,Marsh-3b
Trainset/Images_tif/120_HE_(d-4_x-18432_y-6144_w-2048_h-2048).tif,Trainset/Labels_tif/120_HE_(d-4_x-18432_y-6144_w-2048_h-2048).tif,Trainset,120,0.219146728515625,Marsh-3a
Trainset/Images_tif/142_HE_(d-4_x-50688_y-9216_w-2048_h-2048).tif,Trainset/Labels_tif/142_HE_(d-4_x-50688_y-9216_w-2048_h-2048).tif,Trainset,142,0.13794708251953125,Marsh-3a
Trainset/Images_tif/125_HE_(d-4_x-9216_y-10752_w-2048_h-2048).tif,Trainset/Labels_tif/125_HE_(d-4_x-9216_y-10752_w-2048_h-2048).tif,Trainset,125,0.3954505920410156,Marsh-0
Trainset/Images_tif/25_HE_(d-4_x-26112_y-10752_w-2048_h-2048).tif,Trainset/Labels_tif/25_HE_(d-4_x-26112_y-10752_w-2048_h-2048).tif,Trainset,25,0.26795196533203125,Marsh-1
Trainset/Images_tif/124_HE_(d-4_x-7680_y-24576_w-2048_h-2048).tif,Trainset/Labels_tif/124_HE_(d-4_x-7680_y-24576_w-2048_h-2048).tif,Trainset,124,0.17158126831054688,Marsh-3a
Trainset/Images_tif/93_HE_(d-4_x-7680_y-7680_w-2048_h-2048).tif,Trainset/Labels_tif/93_HE_(d-4_x-7680_y-7680_w-2048_h-2048).tif,Trainset,93,0.1211700439453125,Marsh-3b
Trainset/Images_tif/111_HE_(d-4_x-12288_y-13824_w-2048_h-2048).tif,Trainset/Labels_tif/111_HE_(d-4_x-12288_y-13824_w-2048_h-2048).tif,Trainset,111,0.4277801513671875,Marsh-0
Trainset/Images_tif/13_HE_(d-4_x-7680_y-4608_w-2048_h-2048).tif,Trainset/Labels_tif/13_HE_(d-4_x-7680_y-4608_w-2048_h-2048).tif,Trainset,13,0.21291351318359375,Marsh-3a
Trainset/Images_tif/91_HE_(d-4_x-12288_y-19968_w-2048_h-2048).tif,Trainset/Labels_tif/91_HE_(d-4_x-12288_y-19968_w-2048_h-2048).tif,Trainset,91,0.3778266906738281,Marsh-0
Trainset/Images_tif/29_HE_(d-4_x-50688_y-10752_w-2048_h-2048).tif,Trainset/Labels_tif/29_HE_(d-4_x-50688_y-10752_w-2048_h-2048).tif,Trainset,29,0.06833267211914062,Marsh-3b
Trainset/Images_tif/65_HE_(d-4_x-7680_y-27648_w-2048_h-2048).tif,Trainset/Labels_tif/65_HE_(d-4_x-7680_y-27648_w-2048_h-2048).tif,Trainset,65,0.23943710327148438,Marsh-1
Trainset/Images_tif/121_HE_(d-4_x-6144_y-9216_w-2048_h-2048).tif,Trainset/Labels_tif/121_HE_(d-4_x-6144_y-9216_w-2048_h-2048).tif,Trainset,121,0.4431114196777344,Marsh-0
Trainset/Images_tif/73_HE_(d-4_x-12288_y-6144_w-2048_h-2048).tif,Trainset/Labels_tif/73_HE_(d-4_x-12288_y-6144_w-2048_h-2048).tif,Trainset,73,0.14677047729492188,Marsh-3a
Trainset/Images_tif/32_HE_(d-4_x-67584_y-47616_w-2048_h-2048).tif,Trainset/Labels_tif/32_HE_(d-4_x-67584_y-47616_w-2048_h-2048).tif,Trainset,32,0.3759040832519531,Marsh-0
Trainset/Images_tif/56_HE_(d-4_x-6144_y-58368_w-2048_h-2048).tif,Trainset/Labels_tif/56_HE_(d-4_x-6144_y-58368_w-2048_h-2048).tif,Trainset,56,0.38854217529296875,Marsh-0
Trainset/Images_tif/25_HE_(d-4_x-35328_y-19968_w-2048_h-2048).tif,Trainset/Labels_tif/25_HE_(d-4_x-35328_y-19968_w-2048_h-2048).tif,Trainset,25,0.24605560302734375,Marsh-1
Trainset/Images_tif/78_HE_(d-4_x-15360_y-13824_w-2048_h-2048).tif,Trainset/Labels_tif/78_HE_(d-4_x-15360_y-13824_w-2048_h-2048).tif,Trainset,78,0.22412109375,Marsh-3a
Trainset/Images_tif/77_HE_(d-4_x-43008_y-21504_w-2048_h-2048).tif,Trainset/Labels_tif/77_HE_(d-4_x-43008_y-21504_w-2048_h-2048).tif,Trainset,77,0.3852577209472656,Marsh-0
Trainset/Images_tif/65_HE_(d-4_x-9216_y-26112_w-2048_h-2048).tif,Trainset/Labels_tif/65_HE_(d-4_x-9216_y-26112_w-2048_h-2048).tif,Trainset,65,0.0,Marsh-3b
Trainset/Images_tif/114_HE_(d-4_x-16896_y-7680_w-2048_h-2048).tif,Trainset/Labels_tif/114_HE_(d-4_x-16896_y-7680_w-2048_h-2048).tif,Trainset,114,0.2369537353515625,Marsh-1
Trainset/Images_tif/86_HE_(d-4_x-24576_y-9216_w-2048_h-2048).tif,Trainset/Labels_tif/86_HE_(d-4_x-24576_y-9216_w-2048_h-2048).tif,Trainset,86,0.2885780334472656,Marsh-1
Trainset/Images_tif/63_HE_(d-4_x-21504_y-18432_w-2048_h-2048).tif,Trainset/Labels_tif/63_HE_(d-4_x-21504_y-18432_w-2048_h-2048).tif,Trainset,63,0.13086700439453125,Marsh-3b
Trainset/Images_tif/80_HE_(d-4_x-13824_y-27648_w-2048_h-2048).tif,Trainset/Labels_tif/80_HE_(d-4_x-13824_y-27648_w-2048_h-2048).tif,Trainset,80,0.20044326782226562,Marsh-3a
Trainset/Images_tif/2_HE_(d-4_x-35328_y-44544_w-2048_h-2048).tif,Trainset/Labels_tif/2_HE_(d-4_x-35328_y-44544_w-2048_h-2048).tif,Trainset,2,0.4198036193847656,Marsh-0
Trainset/Images_tif/102_HE_(d-4_x-23040_y-15360_w-2048_h-2048).tif,Trainset/Labels_tif/102_HE_(d-4_x-23040_y-15360_w-2048_h-2048).tif,Trainset,102,0.21680068969726562,Marsh-3a
Trainset/Images_tif/116_HE_(d-4_x-24576_y-6144_w-2048_h-2048).tif,Trainset/Labels_tif/116_HE_(d-4_x-24576_y-6144_w-2048_h-2048).tif,Trainset,116,0.1059417724609375,Marsh-3b
Trainset/Images_tif/91_HE_(d-4_x-10752_y-9216_w-2048_h-2048).tif,Trainset/Labels_tif/91_HE_(d-4_x-10752_y-9216_w-2048_h-2048).tif,Trainset,91,0.41886138916015625,Marsh-0
Trainset/Images_tif/102_HE_(d-4_x-9216_y-6144_w-2048_h-2048).tif,Trainset/Labels_tif/102_HE_(d-4_x-9216_y-6144_w-2048_h-2048).tif,Trainset,102,0.5256195068359375,Marsh-0
Trainset/Images_tif/25_HE_(d-4_x-10752_y-16896_w-2048_h-2048).tif,Trainset/Labels_tif/25_HE_(d-4_x-10752_y-16896_w-2048_h-2048).tif,Trainset,25,0.4305229187011719,Marsh-0
Trainset/Images_tif/81_HE_(d-4_x-9216_y-12288_w-2048_h-2048).tif,Trainset/Labels_tif/81_HE_(d-4_x-9216_y-12288_w-2048_h-2048).tif,Trainset,81,0.46967315673828125,Marsh-0
Trainset/Images_tif/130_HE_(d-4_x-10752_y-41472_w-2048_h-2048).tif,Trainset/Labels_tif/130_HE_(d-4_x-10752_y-41472_w-2048_h-2048).tif,Trainset,130,0.19239425659179688,Marsh-3a
Trainset/Images_tif/73_HE_(d-4_x-7680_y-9216_w-2048_h-2048).tif,Trainset/Labels_tif/73_HE_(d-4_x-7680_y-9216_w-2048_h-2048).tif,Trainset,73,0.2261962890625,Marsh-3a
Trainset/Images_tif/84_HE_(d-4_x-36864_y-27648_w-2048_h-2048).tif,Trainset/Labels_tif/84_HE_(d-4_x-36864_y-27648_w-2048_h-2048).tif,Trainset,84,0.3143463134765625,Marsh-1
Trainset/Images_tif/97_HE_(d-4_x-10752_y-4608_w-2048_h-2048).tif,Trainset/Labels_tif/97_HE_(d-4_x-10752_y-4608_w-2048_h-2048).tif,Trainset,97,0.24479293823242188,Marsh-1
Trainset/Images_tif/132_HE_(d-4_x-10752_y-12288_w-2048_h-2048).tif,Trainset/Labels_tif/132_HE_(d-4_x-10752_y-12288_w-2048_h-2048).tif,Trainset,132,0.14537811279296875,Marsh-3a
Trainset/Images_tif/87_HE_(d-4_x-43008_y-16896_w-2048_h-2048).tif,Trainset/Labels_tif/87_HE_(d-4_x-43008_y-16896_w-2048_h-2048).tif,Trainset,87,0.07511520385742188,Marsh-3b
Trainset/Images_tif/8_HE_(d-4_x-18432_y-7680_w-2048_h-2048).tif,Trainset/Labels_tif/8_HE_(d-4_x-18432_y-7680_w-2048_h-2048).tif,Trainset,8,0.24509811401367188,Marsh-1
Trainset/Images_tif/116_HE_(d-4_x-23040_y-6144_w-2048_h-2048).tif,Trainset/Labels_tif/116_HE_(d-4_x-23040_y-6144_w-2048_h-2048).tif,Trainset,116,0.43447113037109375,Marsh-0
Trainset/Images_tif/17_HE_(d-4_x-27648_y-7680_w-2048_h-2048).tif,Trainset/Labels_tif/17_HE_(d-4_x-27648_y-7680_w-2048_h-2048).tif,Trainset,17,0.46346282958984375,Marsh-0
Trainset/Images_tif/85_HE_(d-4_x-4608_y-4608_w-2048_h-2048).tif,Trainset/Labels_tif/85_HE_(d-4_x-4608_y-4608_w-2048_h-2048).tif,Trainset,85,0.3928947448730469,Marsh-0
Trainset/Images_tif/137_HE_(d-4_x-21504_y-7680_w-2048_h-2048).tif,Trainset/Labels_tif/137_HE_(d-4_x-21504_y-7680_w-2048_h-2048).tif,Trainset,137,0.1757049560546875,Marsh-3a
Trainset/Images_tif/13_HE_(d-4_x-3072_y-6144_w-2048_h-2048).tif,Trainset/Labels_tif/13_HE_(d-4_x-3072_y-6144_w-2048_h-2048).tif,Trainset,13,0.14282608032226562,Marsh-3a
Trainset/Images_tif/128_HE_(d-4_x-9216_y-3072_w-2048_h-2048).tif,Trainset/Labels_tif/128_HE_(d-4_x-9216_y-3072_w-2048_h-2048).tif,Trainset,128,0.278289794921875,Marsh-1
Trainset/Images_tif/39_HE_(d-4_x-12288_y-10752_w-2048_h-2048).tif,Trainset/Labels_tif/39_HE_(d-4_x-12288_y-10752_w-2048_h-2048).tif,Trainset,39,0.0,Marsh-3b
Trainset/Images_tif/109_HE_(d-4_x-21504_y-26112_w-2048_h-2048).tif,Trainset/Labels_tif/109_HE_(d-4_x-21504_y-26112_w-2048_h-2048).tif,Trainset,109,0.22947311401367188,Marsh-3a
Trainset/Images_tif/63_HE_(d-4_x-3072_y-9216_w-2048_h-2048).tif,Trainset/Labels_tif/63_HE_(d-4_x-3072_y-9216_w-2048_h-2048).tif,Trainset,63,0.12836456298828125,Marsh-3b
Trainset/Images_tif/78_HE_(d-4_x-29184_y-18432_w-2048_h-2048).tif,Trainset/Labels_tif/78_HE_(d-4_x-29184_y-18432_w-2048_h-2048).tif,Trainset,78,0.15409088134765625,Marsh-3a
Trainset/Images_tif/128_HE_(d-4_x-6144_y-26112_w-2048_h-2048).tif,Trainset/Labels_tif/128_HE_(d-4_x-6144_y-26112_w-2048_h-2048).tif,Trainset,128,0.1832122802734375,Marsh-3a
Trainset/Images_tif/137_HE_(d-4_x-23040_y-12288_w-2048_h-2048).tif,Trainset/Labels_tif/137_HE_(d-4_x-23040_y-12288_w-2048_h-2048).tif,Trainset,137,0.22491836547851562,Marsh-3a
Trainset/Images_tif/40_HE_(d-4_x-10752_y-6144_w-2048_h-2048).tif,Trainset/Labels_tif/40_HE_(d-4_x-10752_y-6144_w-2048_h-2048).tif,Trainset,40,0.17377471923828125,Marsh-3a
Trainset/Images_tif/2_HE_(d-4_x-27648_y-41472_w-2048_h-2048).tif,Trainset/Labels_tif/2_HE_(d-4_x-27648_y-41472_w-2048_h-2048).tif,Trainset,2,0.09813308715820312,Marsh-3b
Trainset/Images_tif/125_HE_(d-4_x-3072_y-4608_w-2048_h-2048).tif,Trainset/Labels_tif/125_HE_(d-4_x-3072_y-4608_w-2048_h-2048).tif,Trainset,125,0.044384002685546875,Marsh-3b
Trainset/Images_tif/38_HE_(d-4_x-4608_y-26112_w-2048_h-2048).tif,Trainset/Labels_tif/38_HE_(d-4_x-4608_y-26112_w-2048_h-2048).tif,Trainset,38,0.511810302734375,Marsh-0
Trainset/Images_tif/73_HE_(d-4_x-32256_y-12288_w-2048_h-2048).tif,Trainset/Labels_tif/73_HE_(d-4_x-32256_y-12288_w-2048_h-2048).tif,Trainset,73,0.09760284423828125,Marsh-3b
Trainset/Images_tif/136_HE_(d-4_x-30720_y-7680_w-2048_h-2048).tif,Trainset/Labels_tif/136_HE_(d-4_x-30720_y-7680_w-2048_h-2048).tif,Trainset,136,0.2682037353515625,Marsh-1
Trainset/Images_tif/56_HE_(d-4_x-12288_y-62976_w-2048_h-2048).tif,Trainset/Labels_tif/56_HE_(d-4_x-12288_y-62976_w-2048_h-2048).tif,Trainset,56,0.2810516357421875,Marsh-1
Trainset/Images_tif/49_HE_(d-4_x-12288_y-15360_w-2048_h-2048).tif,Trainset/Labels_tif/49_HE_(d-4_x-12288_y-15360_w-2048_h-2048).tif,Trainset,49,0.15734481811523438,Marsh-3a
Trainset/Images_tif/97_HE_(d-4_x-13824_y-10752_w-2048_h-2048).tif,Trainset/Labels_tif/97_HE_(d-4_x-13824_y-10752_w-2048_h-2048).tif,Trainset,97,0.3342628479003906,Marsh-1
Trainset/Images_tif/101_HE_(d-4_x-4608_y-10752_w-2048_h-2048).tif,Trainset/Labels_tif/101_HE_(d-4_x-4608_y-10752_w-2048_h-2048).tif,Trainset,101,0.19556808471679688,Marsh-3a
Trainset/Images_tif/142_HE_(d-4_x-49152_y-12288_w-2048_h-2048).tif,Trainset/Labels_tif/142_HE_(d-4_x-49152_y-12288_w-2048_h-2048).tif,Trainset,142,0.033695220947265625,Marsh-3b
Trainset/Images_tif/105_HE_(d-4_x-21504_y-18432_w-2048_h-2048).tif,Trainset/Labels_tif/105_HE_(d-4_x-21504_y-18432_w-2048_h-2048).tif,Trainset,105,0.2718391418457031,Marsh-1
Trainset/Images_tif/127_HE_(d-4_x-3072_y-10752_w-2048_h-2048).tif,Trainset/Labels_tif/127_HE_(d-4_x-3072_y-10752_w-2048_h-2048).tif,Trainset,127,0.4953269958496094,Marsh-0
Trainset/Images_tif/121_HE_(d-4_x-21504_y-10752_w-2048_h-2048).tif,Trainset/Labels_tif/121_HE_(d-4_x-21504_y-10752_w-2048_h-2048).tif,Trainset,121,0.2770576477050781,Marsh-1
Trainset/Images_tif/128_HE_(d-4_x-4608_y-6144_w-2048_h-2048).tif,Trainset/Labels_tif/128_HE_(d-4_x-4608_y-6144_w-2048_h-2048).tif,Trainset,128,0.474761962890625,Marsh-0
Trainset/Images_tif/91_HE_(d-4_x-9216_y-19968_w-2048_h-2048).tif,Trainset/Labels_tif/91_HE_(d-4_x-9216_y-19968_w-2048_h-2048).tif,Trainset,91,0.006145477294921875,Marsh-3b
Trainset/Images_tif/76_HE_(d-4_x-29184_y-24576_w-2048_h-2048).tif,Trainset/Labels_tif/76_HE_(d-4_x-29184_y-24576_w-2048_h-2048).tif,Trainset,76,0.3181915283203125,Marsh-1
Trainset/Images_tif/52_HE_(d-4_x-10752_y-6144_w-2048_h-2048).tif,Trainset/Labels_tif/52_HE_(d-4_x-10752_y-6144_w-2048_h-2048).tif,Trainset,52,0.3056526184082031,Marsh-1
Trainset/Images_tif/136_HE_(d-4_x-6144_y-15360_w-2048_h-2048).tif,Trainset/Labels_tif/136_HE_(d-4_x-6144_y-15360_w-2048_h-2048).tif,Trainset,136,0.057270050048828125,Marsh-3b
Trainset/Images_tif/63_HE_(d-4_x-44544_y-18432_w-2048_h-2048).tif,Trainset/Labels_tif/63_HE_(d-4_x-44544_y-18432_w-2048_h-2048).tif,Trainset,63,0.21002197265625,Marsh-3a
Trainset/Images_tif/21_HE_(d-4_x-19968_y-33792_w-2048_h-2048).tif,Trainset/Labels_tif/21_HE_(d-4_x-19968_y-33792_w-2048_h-2048).tif,Trainset,21,0.3816337585449219,Marsh-0
Trainset/Images_tif/59_HE_(d-4_x-33792_y-47616_w-2048_h-2048).tif,Trainset/Labels_tif/59_HE_(d-4_x-33792_y-47616_w-2048_h-2048).tif,Trainset,59,0.057140350341796875,Marsh-3b
Trainset/Images_tif/77_HE_(d-4_x-26112_y-23040_w-2048_h-2048).tif,Trainset/Labels_tif/77_HE_(d-4_x-26112_y-23040_w-2048_h-2048).tif,Trainset,77,0.4667778015136719,Marsh-0
Trainset/Images_tif/91_HE_(d-4_x-6144_y-21504_w-2048_h-2048).tif,Trainset/Labels_tif/91_HE_(d-4_x-6144_y-21504_w-2048_h-2048).tif,Trainset,91,0.0,Marsh-3b
Trainset/Images_tif/38_HE_(d-4_x-9216_y-23040_w-2048_h-2048).tif,Trainset/Labels_tif/38_HE_(d-4_x-9216_y-23040_w-2048_h-2048).tif,Trainset,38,0.1303558349609375,Marsh-3b
Trainset/Images_tif/63_HE_(d-4_x-47616_y-23040_w-2048_h-2048).tif,Trainset/Labels_tif/63_HE_(d-4_x-47616_y-23040_w-2048_h-2048).tif,Trainset,63,0.1954803466796875,Marsh-3a
Trainset/Images_tif/25_HE_(d-4_x-7680_y-19968_w-2048_h-2048).tif,Trainset/Labels_tif/25_HE_(d-4_x-7680_y-19968_w-2048_h-2048).tif,Trainset,25,0.466644287109375,Marsh-0
Trainset/Images_tif/17_HE_(d-4_x-9216_y-4608_w-2048_h-2048).tif,Trainset/Labels_tif/17_HE_(d-4_x-9216_y-4608_w-2048_h-2048).tif,Trainset,17,0.5304069519042969,Marsh-0
Trainset/Images_tif/137_HE_(d-4_x-21504_y-13824_w-2048_h-2048).tif,Trainset/Labels_tif/137_HE_(d-4_x-21504_y-13824_w-2048_h-2048).tif,Trainset,137,0.4135093688964844,Marsh-0
Trainset/Images_tif/82_HE_(d-4_x-33792_y-3072_w-2048_h-2048).tif,Trainset/Labels_tif/82_HE_(d-4_x-33792_y-3072_w-2048_h-2048).tif,Trainset,82,0.226715087890625,Marsh-3a
Trainset/Images_tif/116_HE_(d-4_x-23040_y-9216_w-2048_h-2048).tif,Trainset/Labels_tif/116_HE_(d-4_x-23040_y-9216_w-2048_h-2048).tif,Trainset,116,0.382781982421875,Marsh-0
Trainset/Images_tif/89_HE_(d-4_x-6144_y-6144_w-2048_h-2048).tif,Trainset/Labels_tif/89_HE_(d-4_x-6144_y-6144_w-2048_h-2048).tif,Trainset,89,0.14630126953125,Marsh-3a
Trainset/Images_tif/132_HE_(d-4_x-30720_y-10752_w-2048_h-2048).tif,Trainset/Labels_tif/132_HE_(d-4_x-30720_y-10752_w-2048_h-2048).tif,Trainset,132,0.20318222045898438,Marsh-3a
Trainset/Images_tif/33_HE_(d-4_x-10752_y-7680_w-2048_h-2048).tif,Trainset/Labels_tif/33_HE_(d-4_x-10752_y-7680_w-2048_h-2048).tif,Trainset,33,0.16754913330078125,Marsh-3a
Trainset/Images_tif/49_HE_(d-4_x-27648_y-12288_w-2048_h-2048).tif,Trainset/Labels_tif/49_HE_(d-4_x-27648_y-12288_w-2048_h-2048).tif,Trainset,49,0.1877899169921875,Marsh-3a
Trainset/Images_tif/82_HE_(d-4_x-12288_y-15360_w-2048_h-2048).tif,Trainset/Labels_tif/82_HE_(d-4_x-12288_y-15360_w-2048_h-2048).tif,Trainset,82,0.166900634765625,Marsh-3a
Trainset/Images_tif/33_HE_(d-4_x-26112_y-10752_w-2048_h-2048).tif,Trainset/Labels_tif/33_HE_(d-4_x-26112_y-10752_w-2048_h-2048).tif,Trainset,33,0.4296875,Marsh-0
Trainset/Images_tif/142_HE_(d-4_x-53760_y-4608_w-2048_h-2048).tif,Trainset/Labels_tif/142_HE_(d-4_x-53760_y-4608_w-2048_h-2048).tif,Trainset,142,0.07150650024414062,Marsh-3b
Trainset/Images_tif/94_HE_(d-4_x-6144_y-50688_w-2048_h-2048).tif,Trainset/Labels_tif/94_HE_(d-4_x-6144_y-50688_w-2048_h-2048).tif,Trainset,94,0.3116912841796875,Marsh-1
Trainset/Images_tif/78_HE_(d-4_x-33792_y-16896_w-2048_h-2048).tif,Trainset/Labels_tif/78_HE_(d-4_x-33792_y-16896_w-2048_h-2048).tif,Trainset,78,0.19729232788085938,Marsh-3a
Trainset/Images_tif/118_HE_(d-4_x-38400_y-59904_w-2048_h-2048).tif,Trainset/Labels_tif/118_HE_(d-4_x-38400_y-59904_w-2048_h-2048).tif,Trainset,118,0.4592781066894531,Marsh-0
Trainset/Images_tif/122_HE_(d-4_x-4608_y-21504_w-2048_h-2048).tif,Trainset/Labels_tif/122_HE_(d-4_x-4608_y-21504_w-2048_h-2048).tif,Trainset,122,0.14439773559570312,Marsh-3a
Trainset/Images_tif/82_HE_(d-4_x-7680_y-12288_w-2048_h-2048).tif,Trainset/Labels_tif/82_HE_(d-4_x-7680_y-12288_w-2048_h-2048).tif,Trainset,82,0.0,Marsh-3b
Trainset/Images_tif/111_HE_(d-4_x-59904_y-30720_w-2048_h-2048).tif,Trainset/Labels_tif/111_HE_(d-4_x-59904_y-30720_w-2048_h-2048).tif,Trainset,111,0.2629508972167969,Marsh-1
Trainset/Images_tif/72_HE_(d-4_x-81408_y-52224_w-2048_h-2048).tif,Trainset/Labels_tif/72_HE_(d-4_x-81408_y-52224_w-2048_h-2048).tif,Trainset,72,0.178985595703125,Marsh-3a
Trainset/Images_tif/125_HE_(d-4_x-1536_y-4608_w-2048_h-2048).tif,Trainset/Labels_tif/125_HE_(d-4_x-1536_y-4608_w-2048_h-2048).tif,Trainset,125,0.054042816162109375,Marsh-3b
Trainset/Images_tif/140_HE_(d-4_x-10752_y-4608_w-2048_h-2048).tif,Trainset/Labels_tif/140_HE_(d-4_x-10752_y-4608_w-2048_h-2048).tif,Trainset,140,0.3011627197265625,Marsh-1
Trainset/Images_tif/65_HE_(d-4_x-9216_y-29184_w-2048_h-2048).tif,Trainset/Labels_tif/65_HE_(d-4_x-9216_y-29184_w-2048_h-2048).tif,Trainset,65,0.041839599609375,Marsh-3b
Trainset/Images_tif/40_HE_(d-4_x-10752_y-13824_w-2048_h-2048).tif,Trainset/Labels_tif/40_HE_(d-4_x-10752_y-13824_w-2048_h-2048).tif,Trainset,40,0.3129234313964844,Marsh-1
Trainset/Images_tif/19_HE_(d-4_x-24576_y-7680_w-2048_h-2048).tif,Trainset/Labels_tif/19_HE_(d-4_x-24576_y-7680_w-2048_h-2048).tif,Trainset,19,0.42641448974609375,Marsh-0
Trainset/Images_tif/111_HE_(d-4_x-3072_y-15360_w-2048_h-2048).tif,Trainset/Labels_tif/111_HE_(d-4_x-3072_y-15360_w-2048_h-2048).tif,Trainset,111,0.13241195678710938,Marsh-3b
Trainset/Images_tif/100_HE_(d-4_x-46080_y-59904_w-2048_h-2048).tif,Trainset/Labels_tif/100_HE_(d-4_x-46080_y-59904_w-2048_h-2048).tif,Trainset,100,0.39493560791015625,Marsh-0
Trainset/Images_tif/87_HE_(d-4_x-43008_y-18432_w-2048_h-2048).tif,Trainset/Labels_tif/87_HE_(d-4_x-43008_y-18432_w-2048_h-2048).tif,Trainset,87,0.0956573486328125,Marsh-3b
Trainset/Images_tif/33_HE_(d-4_x-32256_y-13824_w-2048_h-2048).tif,Trainset/Labels_tif/33_HE_(d-4_x-32256_y-13824_w-2048_h-2048).tif,Trainset,33,0.17744827270507812,Marsh-3a
Trainset/Images_tif/32_HE_(d-4_x-70656_y-47616_w-2048_h-2048).tif,Trainset/Labels_tif/32_HE_(d-4_x-70656_y-47616_w-2048_h-2048).tif,Trainset,32,0.3969917297363281,Marsh-0
Trainset/Images_tif/91_HE_(d-4_x-9216_y-21504_w-2048_h-2048).tif,Trainset/Labels_tif/91_HE_(d-4_x-9216_y-21504_w-2048_h-2048).tif,Trainset,91,0.004917144775390625,Marsh-3b
Trainset/Images_tif/120_HE_(d-4_x-21504_y-30720_w-2048_h-2048).tif,Trainset/Labels_tif/120_HE_(d-4_x-21504_y-30720_w-2048_h-2048).tif,Trainset,120,0.20486831665039062,Marsh-3a
Trainset/Images_tif/43_HE_(d-4_x-26112_y-7680_w-2048_h-2048).tif,Trainset/Labels_tif/43_HE_(d-4_x-26112_y-7680_w-2048_h-2048).tif,Trainset,43,0.02095794677734375,Marsh-3b
Trainset/Images_tif/114_HE_(d-4_x-24576_y-3072_w-2048_h-2048).tif,Trainset/Labels_tif/114_HE_(d-4_x-24576_y-3072_w-2048_h-2048).tif,Trainset,114,0.2118682861328125,Marsh-3a
Trainset/Images_tif/127_HE_(d-4_x-27648_y-6144_w-2048_h-2048).tif,Trainset/Labels_tif/127_HE_(d-4_x-27648_y-6144_w-2048_h-2048).tif,Trainset,127,0.1947479248046875,Marsh-3a
Trainset/Images_tif/25_HE_(d-4_x-13824_y-27648_w-2048_h-2048).tif,Trainset/Labels_tif/25_HE_(d-4_x-13824_y-27648_w-2048_h-2048).tif,Trainset,25,0.22426986694335938,Marsh-3a
Trainset/Images_tif/10_HE_(d-4_x-19968_y-6144_w-2048_h-2048).tif,Trainset/Labels_tif/10_HE_(d-4_x-19968_y-6144_w-2048_h-2048).tif,Trainset,10,0.5630340576171875,Marsh-0
Trainset/Images_tif/26_HE_(d-4_x-7680_y-6144_w-2048_h-2048).tif,Trainset/Labels_tif/26_HE_(d-4_x-7680_y-6144_w-2048_h-2048).tif,Trainset,26,0.6043052673339844,Marsh-0
Trainset/Images_tif/136_HE_(d-4_x-10752_y-21504_w-2048_h-2048).tif,Trainset/Labels_tif/136_HE_(d-4_x-10752_y-21504_w-2048_h-2048).tif,Trainset,136,0.180267333984375,Marsh-3a
Trainset/Images_tif/106_HE_(d-4_x-35328_y-41472_w-2048_h-2048).tif,Trainset/Labels_tif/106_HE_(d-4_x-35328_y-41472_w-2048_h-2048).tif,Trainset,106,0.23579025268554688,Marsh-1
Trainset/Images_tif/12_HE_(d-4_x-32256_y-12288_w-2048_h-2048).tif,Trainset/Labels_tif/12_HE_(d-4_x-32256_y-12288_w-2048_h-2048).tif,Trainset,12,0.38393402099609375,Marsh-0
Trainset/Images_tif/62_HE_(d-4_x-7680_y-1536_w-2048_h-2048).tif,Trainset/Labels_tif/62_HE_(d-4_x-7680_y-1536_w-2048_h-2048).tif,Trainset,62,0.3065223693847656,Marsh-1
Trainset/Images_tif/82_HE_(d-4_x-9216_y-15360_w-2048_h-2048).tif,Trainset/Labels_tif/82_HE_(d-4_x-9216_y-15360_w-2048_h-2048).tif,Trainset,82,0.0,Marsh-3b
Trainset/Images_tif/111_HE_(d-4_x-35328_y-10752_w-2048_h-2048).tif,Trainset/Labels_tif/111_HE_(d-4_x-35328_y-10752_w-2048_h-2048).tif,Trainset,111,0.2397308349609375,Marsh-1
Trainset/Images_tif/17_HE_(d-4_x-6144_y-4608_w-2048_h-2048).tif,Trainset/Labels_tif/17_HE_(d-4_x-6144_y-4608_w-2048_h-2048).tif,Trainset,17,0.3063087463378906,Marsh-1
Trainset/Images_tif/81_HE_(d-4_x-19968_y-10752_w-2048_h-2048).tif,Trainset/Labels_tif/81_HE_(d-4_x-19968_y-10752_w-2048_h-2048).tif,Trainset,81,0.46498870849609375,Marsh-0
Trainset/Images_tif/111_HE_(d-4_x-43008_y-12288_w-2048_h-2048).tif,Trainset/Labels_tif/111_HE_(d-4_x-43008_y-12288_w-2048_h-2048).tif,Trainset,111,0.4262847900390625,Marsh-0
Trainset/Images_tif/36_HE_(d-4_x-21504_y-12288_w-2048_h-2048).tif,Trainset/Labels_tif/36_HE_(d-4_x-21504_y-12288_w-2048_h-2048).tif,Trainset,36,0.36586761474609375,Marsh-0
Trainset/Images_tif/60_HE_(d-4_x-18432_y-4608_w-2048_h-2048).tif,Trainset/Labels_tif/60_HE_(d-4_x-18432_y-4608_w-2048_h-2048).tif,Trainset,60,0.5255393981933594,Marsh-0
Trainset/Images_tif/113_HE_(d-4_x-7680_y-32256_w-2048_h-2048).tif,Trainset/Labels_tif/113_HE_(d-4_x-7680_y-32256_w-2048_h-2048).tif,Trainset,113,0.29010009765625,Marsh-1
Trainset/Images_tif/77_HE_(d-4_x-27648_y-23040_w-2048_h-2048).tif,Trainset/Labels_tif/77_HE_(d-4_x-27648_y-23040_w-2048_h-2048).tif,Trainset,77,0.4173431396484375,Marsh-0
Trainset/Images_tif/72_HE_(d-4_x-75264_y-58368_w-2048_h-2048).tif,Trainset/Labels_tif/72_HE_(d-4_x-75264_y-58368_w-2048_h-2048).tif,Trainset,72,0.26503753662109375,Marsh-1
Trainset/Images_tif/43_HE_(d-4_x-27648_y-12288_w-2048_h-2048).tif,Trainset/Labels_tif/43_HE_(d-4_x-27648_y-12288_w-2048_h-2048).tif,Trainset,43,0.2460784912109375,Marsh-1
Trainset/Images_tif/125_HE_(d-4_x-36864_y-6144_w-2048_h-2048).tif,Trainset/Labels_tif/125_HE_(d-4_x-36864_y-6144_w-2048_h-2048).tif,Trainset,125,0.3974571228027344,Marsh-0
Trainset/Images_tif/2_HE_(d-4_x-13824_y-64512_w-2048_h-2048).tif,Trainset/Labels_tif/2_HE_(d-4_x-13824_y-64512_w-2048_h-2048).tif,Trainset,2,0.0098724365234375,Marsh-3b
Trainset/Images_tif/43_HE_(d-4_x-29184_y-4608_w-2048_h-2048).tif,Trainset/Labels_tif/43_HE_(d-4_x-29184_y-4608_w-2048_h-2048).tif,Trainset,43,0.137451171875,Marsh-3a
Trainset/Images_tif/124_HE_(d-4_x-4608_y-15360_w-2048_h-2048).tif,Trainset/Labels_tif/124_HE_(d-4_x-4608_y-15360_w-2048_h-2048).tif,Trainset,124,0.03926849365234375,Marsh-3b
Trainset/Images_tif/137_HE_(d-4_x-9216_y-16896_w-2048_h-2048).tif,Trainset/Labels_tif/137_HE_(d-4_x-9216_y-16896_w-2048_h-2048).tif,Trainset,137,0.15834808349609375,Marsh-3a
Trainset/Images_tif/60_HE_(d-4_x-6144_y-9216_w-2048_h-2048).tif,Trainset/Labels_tif/60_HE_(d-4_x-6144_y-9216_w-2048_h-2048).tif,Trainset,60,0.17408370971679688,Marsh-3a
Trainset/Images_tif/19_HE_(d-4_x-6144_y-6144_w-2048_h-2048).tif,Trainset/Labels_tif/19_HE_(d-4_x-6144_y-6144_w-2048_h-2048).tif,Trainset,19,0.0,Marsh-3b
Trainset/Images_tif/17_HE_(d-4_x-36864_y-9216_w-2048_h-2048).tif,Trainset/Labels_tif/17_HE_(d-4_x-36864_y-9216_w-2048_h-2048).tif,Trainset,17,0.3242607116699219,Marsh-1
Trainset/Images_tif/121_HE_(d-4_x-7680_y-6144_w-2048_h-2048).tif,Trainset/Labels_tif/121_HE_(d-4_x-7680_y-6144_w-2048_h-2048).tif,Trainset,121,0.4873008728027344,Marsh-0
Trainset/Images_tif/142_HE_(d-4_x-52224_y-13824_w-2048_h-2048).tif,Trainset/Labels_tif/142_HE_(d-4_x-52224_y-13824_w-2048_h-2048).tif,Trainset,142,0.07837677001953125,Marsh-3b
Trainset/Images_tif/26_HE_(d-4_x-9216_y-4608_w-2048_h-2048).tif,Trainset/Labels_tif/26_HE_(d-4_x-9216_y-4608_w-2048_h-2048).tif,Trainset,26,0.3156776428222656,Marsh-1
Trainset/Images_tif/112_HE_(d-4_x-7680_y-13824_w-2048_h-2048).tif,Trainset/Labels_tif/112_HE_(d-4_x-7680_y-13824_w-2048_h-2048).tif,Trainset,112,0.06581497192382812,Marsh-3b
Trainset/Images_tif/85_HE_(d-4_x-9216_y-4608_w-2048_h-2048).tif,Trainset/Labels_tif/85_HE_(d-4_x-9216_y-4608_w-2048_h-2048).tif,Trainset,85,0.1336822509765625,Marsh-3b
Trainset/Images_tif/116_HE_(d-4_x-23040_y-10752_w-2048_h-2048).tif,Trainset/Labels_tif/116_HE_(d-4_x-23040_y-10752_w-2048_h-2048).tif,Trainset,116,0.4905281066894531,Marsh-0
Trainset/Images_tif/72_HE_(d-4_x-105984_y-47616_w-2048_h-2048).tif,Trainset/Labels_tif/72_HE_(d-4_x-105984_y-47616_w-2048_h-2048).tif,Trainset,72,0.3524932861328125,Marsh-0
Trainset/Images_tif/31_HE_(d-4_x-53760_y-70656_w-2048_h-2048).tif,Trainset/Labels_tif/31_HE_(d-4_x-53760_y-70656_w-2048_h-2048).tif,Trainset,31,0.15702056884765625,Marsh-3a
Trainset/Images_tif/2_HE_(d-4_x-21504_y-62976_w-2048_h-2048).tif,Trainset/Labels_tif/2_HE_(d-4_x-21504_y-62976_w-2048_h-2048).tif,Trainset,2,0.13081741333007812,Marsh-3b
Trainset/Images_tif/48_HE_(d-4_x-6144_y-12288_w-2048_h-2048).tif,Trainset/Labels_tif/48_HE_(d-4_x-6144_y-12288_w-2048_h-2048).tif,Trainset,48,0.45961761474609375,Marsh-0
Trainset/Images_tif/65_HE_(d-4_x-24576_y-27648_w-2048_h-2048).tif,Trainset/Labels_tif/65_HE_(d-4_x-24576_y-27648_w-2048_h-2048).tif,Trainset,65,0.33283233642578125,Marsh-1
Trainset/Images_tif/112_HE_(d-4_x-21504_y-6144_w-2048_h-2048).tif,Trainset/Labels_tif/112_HE_(d-4_x-21504_y-6144_w-2048_h-2048).tif,Trainset,112,0.060150146484375,Marsh-3b
Trainset/Images_tif/78_HE_(d-4_x-24576_y-18432_w-2048_h-2048).tif,Trainset/Labels_tif/78_HE_(d-4_x-24576_y-18432_w-2048_h-2048).tif,Trainset,78,0.16339874267578125,Marsh-3a
Trainset/Images_tif/104_HE_(d-4_x-13824_y-13824_w-2048_h-2048).tif,Trainset/Labels_tif/104_HE_(d-4_x-13824_y-13824_w-2048_h-2048).tif,Trainset,104,0.19287872314453125,Marsh-3a
Trainset/Images_tif/124_HE_(d-4_x-7680_y-16896_w-2048_h-2048).tif,Trainset/Labels_tif/124_HE_(d-4_x-7680_y-16896_w-2048_h-2048).tif,Trainset,124,0.3638801574707031,Marsh-0
Trainset/Images_tif/77_HE_(d-4_x-44544_y-24576_w-2048_h-2048).tif,Trainset/Labels_tif/77_HE_(d-4_x-44544_y-24576_w-2048_h-2048).tif,Trainset,77,0.36791229248046875,Marsh-0
Trainset/Images_tif/55_HE_(d-4_x-7680_y-6144_w-2048_h-2048).tif,Trainset/Labels_tif/55_HE_(d-4_x-7680_y-6144_w-2048_h-2048).tif,Trainset,55,0.2760009765625,Marsh-1
Trainset/Images_tif/62_HE_(d-4_x-35328_y-15360_w-2048_h-2048).tif,Trainset/Labels_tif/62_HE_(d-4_x-35328_y-15360_w-2048_h-2048).tif,Trainset,62,0.26239776611328125,Marsh-1
Trainset/Images_tif/137_HE_(d-4_x-6144_y-16896_w-2048_h-2048).tif,Trainset/Labels_tif/137_HE_(d-4_x-6144_y-16896_w-2048_h-2048).tif,Trainset,137,0.14113616943359375,Marsh-3a
Trainset/Images_tif/13_HE_(d-4_x-23040_y-10752_w-2048_h-2048).tif,Trainset/Labels_tif/13_HE_(d-4_x-23040_y-10752_w-2048_h-2048).tif,Trainset,13,0.18949508666992188,Marsh-3a
Trainset/Images_tif/72_HE_(d-4_x-78336_y-59904_w-2048_h-2048).tif,Trainset/Labels_tif/72_HE_(d-4_x-78336_y-59904_w-2048_h-2048).tif,Trainset,72,0.3461494445800781,Marsh-0
Trainset/Images_tif/54_HE_(d-4_x-13824_y-13824_w-2048_h-2048).tif,Trainset/Labels_tif/54_HE_(d-4_x-13824_y-13824_w-2048_h-2048).tif,Trainset,54,0.10000991821289062,Marsh-3b
Trainset/Images_tif/2_HE_(d-4_x-15360_y-62976_w-2048_h-2048).tif,Trainset/Labels_tif/2_HE_(d-4_x-15360_y-62976_w-2048_h-2048).tif,Trainset,2,0.0,Marsh-3b
Trainset/Images_tif/122_HE_(d-4_x-6144_y-21504_w-2048_h-2048).tif,Trainset/Labels_tif/122_HE_(d-4_x-6144_y-21504_w-2048_h-2048).tif,Trainset,122,0.24755096435546875,Marsh-1
Trainset/Images_tif/58_HE_(d-4_x-27648_y-15360_w-2048_h-2048).tif,Trainset/Labels_tif/58_HE_(d-4_x-27648_y-15360_w-2048_h-2048).tif,Trainset,58,0.35895538330078125,Marsh-0
Trainset/Images_tif/1_HE_(d-4_x-18432_y-4608_w-2048_h-2048).tif,Trainset/Labels_tif/1_HE_(d-4_x-18432_y-4608_w-2048_h-2048).tif,Trainset,1,0.3228721618652344,Marsh-1
Trainset/Images_tif/124_HE_(d-4_x-13824_y-21504_w-2048_h-2048).tif,Trainset/Labels_tif/124_HE_(d-4_x-13824_y-21504_w-2048_h-2048).tif,Trainset,124,0.20471954345703125,Marsh-3a
Trainset/Images_tif/91_HE_(d-4_x-13824_y-19968_w-2048_h-2048).tif,Trainset/Labels_tif/91_HE_(d-4_x-13824_y-19968_w-2048_h-2048).tif,Trainset,91,0.3502616882324219,Marsh-0
Trainset/Images_tif/8_HE_(d-4_x-19968_y-4608_w-2048_h-2048).tif,Trainset/Labels_tif/8_HE_(d-4_x-19968_y-4608_w-2048_h-2048).tif,Trainset,8,0.18181610107421875,Marsh-3a
Trainset/Images_tif/60_HE_(d-4_x-10752_y-10752_w-2048_h-2048).tif,Trainset/Labels_tif/60_HE_(d-4_x-10752_y-10752_w-2048_h-2048).tif,Trainset,60,0.109161376953125,Marsh-3b
Trainset/Images_tif/91_HE_(d-4_x-9216_y-35328_w-2048_h-2048).tif,Trainset/Labels_tif/91_HE_(d-4_x-9216_y-35328_w-2048_h-2048).tif,Trainset,91,0.08089065551757812,Marsh-3b
Trainset/Images_tif/29_HE_(d-4_x-47616_y-12288_w-2048_h-2048).tif,Trainset/Labels_tif/29_HE_(d-4_x-47616_y-12288_w-2048_h-2048).tif,Trainset,29,0.34163665771484375,Marsh-0
Trainset/Images_tif/38_HE_(d-4_x-7680_y-24576_w-2048_h-2048).tif,Trainset/Labels_tif/38_HE_(d-4_x-7680_y-24576_w-2048_h-2048).tif,Trainset,38,0.10950851440429688,Marsh-3b
Trainset/Images_tif/84_HE_(d-4_x-10752_y-21504_w-2048_h-2048).tif,Trainset/Labels_tif/84_HE_(d-4_x-10752_y-21504_w-2048_h-2048).tif,Trainset,84,0.2791938781738281,Marsh-1
Trainset/Images_tif/63_HE_(d-4_x-47616_y-18432_w-2048_h-2048).tif,Trainset/Labels_tif/63_HE_(d-4_x-47616_y-18432_w-2048_h-2048).tif,Trainset,63,0.23012542724609375,Marsh-3a
Trainset/Images_tif/113_HE_(d-4_x-18432_y-6144_w-2048_h-2048).tif,Trainset/Labels_tif/113_HE_(d-4_x-18432_y-6144_w-2048_h-2048).tif,Trainset,113,0.3998756408691406,Marsh-0
Trainset/Images_tif/142_HE_(d-4_x-50688_y-7680_w-2048_h-2048).tif,Trainset/Labels_tif/142_HE_(d-4_x-50688_y-7680_w-2048_h-2048).tif,Trainset,142,0.07472991943359375,Marsh-3b
Trainset/Images_tif/25_HE_(d-4_x-9216_y-16896_w-2048_h-2048).tif,Trainset/Labels_tif/25_HE_(d-4_x-9216_y-16896_w-2048_h-2048).tif,Trainset,25,0.27655029296875,Marsh-1
Trainset/Images_tif/19_HE_(d-4_x-6144_y-7680_w-2048_h-2048).tif,Trainset/Labels_tif/19_HE_(d-4_x-6144_y-7680_w-2048_h-2048).tif,Trainset,19,0.007415771484375,Marsh-3b
Trainset/Images_tif/130_HE_(d-4_x-24576_y-33792_w-2048_h-2048).tif,Trainset/Labels_tif/130_HE_(d-4_x-24576_y-33792_w-2048_h-2048).tif,Trainset,130,0.3725738525390625,Marsh-0
Trainset/Images_tif/13_HE_(d-4_x-24576_y-4608_w-2048_h-2048).tif,Trainset/Labels_tif/13_HE_(d-4_x-24576_y-4608_w-2048_h-2048).tif,Trainset,13,0.06020355224609375,Marsh-3b
Trainset/Images_tif/26_HE_(d-4_x-13824_y-4608_w-2048_h-2048).tif,Trainset/Labels_tif/26_HE_(d-4_x-13824_y-4608_w-2048_h-2048).tif,Trainset,26,0.4406623840332031,Marsh-0
Trainset/Images_tif/51_HE_(d-4_x-3072_y-4608_w-2048_h-2048).tif,Trainset/Labels_tif/51_HE_(d-4_x-3072_y-4608_w-2048_h-2048).tif,Trainset,51,0.108367919921875,Marsh-3b
Trainset/Images_tif/82_HE_(d-4_x-15360_y-10752_w-2048_h-2048).tif,Trainset/Labels_tif/82_HE_(d-4_x-15360_y-10752_w-2048_h-2048).tif,Trainset,82,0.17082977294921875,Marsh-3a
Trainset/Images_tif/134_HE_(d-4_x-9216_y-26112_w-2048_h-2048).tif,Trainset/Labels_tif/134_HE_(d-4_x-9216_y-26112_w-2048_h-2048).tif,Trainset,134,0.2675018310546875,Marsh-1
Trainset/Images_tif/142_HE_(d-4_x-53760_y-12288_w-2048_h-2048).tif,Trainset/Labels_tif/142_HE_(d-4_x-53760_y-12288_w-2048_h-2048).tif,Trainset,142,0.2608680725097656,Marsh-1
Trainset/Images_tif/76_HE_(d-4_x-33792_y-29184_w-2048_h-2048).tif,Trainset/Labels_tif/76_HE_(d-4_x-33792_y-29184_w-2048_h-2048).tif,Trainset,76,0.44423675537109375,Marsh-0
Trainset/Images_tif/128_HE_(d-4_x-6144_y-4608_w-2048_h-2048).tif,Trainset/Labels_tif/128_HE_(d-4_x-6144_y-4608_w-2048_h-2048).tif,Trainset,128,0.142181396484375,Marsh-3a
Trainset/Images_tif/91_HE_(d-4_x-7680_y-35328_w-2048_h-2048).tif,Trainset/Labels_tif/91_HE_(d-4_x-7680_y-35328_w-2048_h-2048).tif,Trainset,91,0.18184661865234375,Marsh-3a
Trainset/Images_tif/89_HE_(d-4_x-9216_y-9216_w-2048_h-2048).tif,Trainset/Labels_tif/89_HE_(d-4_x-9216_y-9216_w-2048_h-2048).tif,Trainset,89,0.03624725341796875,Marsh-3b
Trainset/Images_tif/40_HE_(d-4_x-7680_y-12288_w-2048_h-2048).tif,Trainset/Labels_tif/40_HE_(d-4_x-7680_y-12288_w-2048_h-2048).tif,Trainset,40,0.16436004638671875,Marsh-3a
Trainset/Images_tif/120_HE_(d-4_x-18432_y-30720_w-2048_h-2048).tif,Trainset/Labels_tif/120_HE_(d-4_x-18432_y-30720_w-2048_h-2048).tif,Trainset,120,0.22765350341796875,Marsh-3a
Trainset/Images_tif/29_HE_(d-4_x-46080_y-6144_w-2048_h-2048).tif,Trainset/Labels_tif/29_HE_(d-4_x-46080_y-6144_w-2048_h-2048).tif,Trainset,29,0.3805694580078125,Marsh-0
Trainset/Images_tif/134_HE_(d-4_x-6144_y-32256_w-2048_h-2048).tif,Trainset/Labels_tif/134_HE_(d-4_x-6144_y-32256_w-2048_h-2048).tif,Trainset,134,0.028354644775390625,Marsh-3b
Trainset/Images_tif/120_HE_(d-4_x-4608_y-19968_w-2048_h-2048).tif,Trainset/Labels_tif/120_HE_(d-4_x-4608_y-19968_w-2048_h-2048).tif,Trainset,120,0.2920722961425781,Marsh-1
Trainset/Images_tif/63_HE_(d-4_x-3072_y-6144_w-2048_h-2048).tif,Trainset/Labels_tif/63_HE_(d-4_x-3072_y-6144_w-2048_h-2048).tif,Trainset,63,0.3823089599609375,Marsh-0
Trainset/Images_tif/52_HE_(d-4_x-4608_y-10752_w-2048_h-2048).tif,Trainset/Labels_tif/52_HE_(d-4_x-4608_y-10752_w-2048_h-2048).tif,Trainset,52,0.22242355346679688,Marsh-3a
Trainset/Images_tif/137_HE_(d-4_x-4608_y-12288_w-2048_h-2048).tif,Trainset/Labels_tif/137_HE_(d-4_x-4608_y-12288_w-2048_h-2048).tif,Trainset,137,0.40752410888671875,Marsh-0
Trainset/Images_tif/102_HE_(d-4_x-7680_y-9216_w-2048_h-2048).tif,Trainset/Labels_tif/102_HE_(d-4_x-7680_y-9216_w-2048_h-2048).tif,Trainset,102,0.3952789306640625,Marsh-0
Trainset/Images_tif/82_HE_(d-4_x-41472_y-12288_w-2048_h-2048).tif,Trainset/Labels_tif/82_HE_(d-4_x-41472_y-12288_w-2048_h-2048).tif,Trainset,82,0.17002105712890625,Marsh-3a
Trainset/Images_tif/48_HE_(d-4_x-7680_y-9216_w-2048_h-2048).tif,Trainset/Labels_tif/48_HE_(d-4_x-7680_y-9216_w-2048_h-2048).tif,Trainset,48,0.216217041015625,Marsh-3a
Trainset/Images_tif/17_HE_(d-4_x-35328_y-10752_w-2048_h-2048).tif,Trainset/Labels_tif/17_HE_(d-4_x-35328_y-10752_w-2048_h-2048).tif,Trainset,17,0.13879013061523438,Marsh-3a
Trainset/Images_tif/43_HE_(d-4_x-27648_y-4608_w-2048_h-2048).tif,Trainset/Labels_tif/43_HE_(d-4_x-27648_y-4608_w-2048_h-2048).tif,Trainset,43,0.2890777587890625,Marsh-1
Trainset/Images_tif/71_HE_(d-4_x-9216_y-27648_w-2048_h-2048).tif,Trainset/Labels_tif/71_HE_(d-4_x-9216_y-27648_w-2048_h-2048).tif,Trainset,71,0.39730072021484375,Marsh-0
Trainset/Images_tif/56_HE_(d-4_x-7680_y-61440_w-2048_h-2048).tif,Trainset/Labels_tif/56_HE_(d-4_x-7680_y-61440_w-2048_h-2048).tif,Trainset,56,0.282958984375,Marsh-1
Trainset/Images_tif/134_HE_(d-4_x-10752_y-29184_w-2048_h-2048).tif,Trainset/Labels_tif/134_HE_(d-4_x-10752_y-29184_w-2048_h-2048).tif,Trainset,134,0.5183792114257812,Marsh-0
Trainset/Images_tif/135_HE_(d-4_x-10752_y-35328_w-2048_h-2048).tif,Trainset/Labels_tif/135_HE_(d-4_x-10752_y-35328_w-2048_h-2048).tif,Trainset,135,0.22229766845703125,Marsh-3a
Trainset/Images_tif/38_HE_(d-4_x-12288_y-26112_w-2048_h-2048).tif,Trainset/Labels_tif/38_HE_(d-4_x-12288_y-26112_w-2048_h-2048).tif,Trainset,38,0.0735321044921875,Marsh-3b
Trainset/Images_tif/55_HE_(d-4_x-9216_y-7680_w-2048_h-2048).tif,Trainset/Labels_tif/55_HE_(d-4_x-9216_y-7680_w-2048_h-2048).tif,Trainset,55,0.1779632568359375,Marsh-3a
Trainset/Images_tif/58_HE_(d-4_x-29184_y-15360_w-2048_h-2048).tif,Trainset/Labels_tif/58_HE_(d-4_x-29184_y-15360_w-2048_h-2048).tif,Trainset,58,0.4112968444824219,Marsh-0
Trainset/Images_tif/38_HE_(d-4_x-10752_y-15360_w-2048_h-2048).tif,Trainset/Labels_tif/38_HE_(d-4_x-10752_y-15360_w-2048_h-2048).tif,Trainset,38,0.2660026550292969,Marsh-1
Trainset/Images_tif/113_HE_(d-4_x-18432_y-10752_w-2048_h-2048).tif,Trainset/Labels_tif/113_HE_(d-4_x-18432_y-10752_w-2048_h-2048).tif,Trainset,113,0.2632713317871094,Marsh-1
Trainset/Images_tif/2_HE_(d-4_x-7680_y-41472_w-2048_h-2048).tif,Trainset/Labels_tif/2_HE_(d-4_x-7680_y-41472_w-2048_h-2048).tif,Trainset,2,0.2793426513671875,Marsh-1
Trainset/Images_tif/101_HE_(d-4_x-6144_y-10752_w-2048_h-2048).tif,Trainset/Labels_tif/101_HE_(d-4_x-6144_y-10752_w-2048_h-2048).tif,Trainset,101,0.3171653747558594,Marsh-1
Trainset/Images_tif/111_HE_(d-4_x-9216_y-18432_w-2048_h-2048).tif,Trainset/Labels_tif/111_HE_(d-4_x-9216_y-18432_w-2048_h-2048).tif,Trainset,111,0.2799797058105469,Marsh-1
Trainset/Images_tif/87_HE_(d-4_x-12288_y-6144_w-2048_h-2048).tif,Trainset/Labels_tif/87_HE_(d-4_x-12288_y-6144_w-2048_h-2048).tif,Trainset,87,0.30509185791015625,Marsh-1
Trainset/Images_tif/31_HE_(d-4_x-4608_y-49152_w-2048_h-2048).tif,Trainset/Labels_tif/31_HE_(d-4_x-4608_y-49152_w-2048_h-2048).tif,Trainset,31,0.10650253295898438,Marsh-3b
Trainset/Images_tif/78_HE_(d-4_x-32256_y-19968_w-2048_h-2048).tif,Trainset/Labels_tif/78_HE_(d-4_x-32256_y-19968_w-2048_h-2048).tif,Trainset,78,0.3276939392089844,Marsh-1
Trainset/Images_tif/63_HE_(d-4_x-46080_y-24576_w-2048_h-2048).tif,Trainset/Labels_tif/63_HE_(d-4_x-46080_y-24576_w-2048_h-2048).tif,Trainset,63,0.18529510498046875,Marsh-3a
Trainset/Images_tif/87_HE_(d-4_x-9216_y-12288_w-2048_h-2048).tif,Trainset/Labels_tif/87_HE_(d-4_x-9216_y-12288_w-2048_h-2048).tif,Trainset,87,0.3411102294921875,Marsh-0
Trainset/Images_tif/65_HE_(d-4_x-27648_y-24576_w-2048_h-2048).tif,Trainset/Labels_tif/65_HE_(d-4_x-27648_y-24576_w-2048_h-2048).tif,Trainset,65,0.0872650146484375,Marsh-3b
Trainset/Images_tif/62_HE_(d-4_x-32256_y-6144_w-2048_h-2048).tif,Trainset/Labels_tif/62_HE_(d-4_x-32256_y-6144_w-2048_h-2048).tif,Trainset,62,0.20029067993164062,Marsh-3a
Trainset/Images_tif/140_HE_(d-4_x-9216_y-7680_w-2048_h-2048).tif,Trainset/Labels_tif/140_HE_(d-4_x-9216_y-7680_w-2048_h-2048).tif,Trainset,140,0.14827346801757812,Marsh-3a
Trainset/Images_tif/106_HE_(d-4_x-35328_y-47616_w-2048_h-2048).tif,Trainset/Labels_tif/106_HE_(d-4_x-35328_y-47616_w-2048_h-2048).tif,Trainset,106,0.310546875,Marsh-1
Trainset/Images_tif/22_HE_(d-4_x-9216_y-7680_w-2048_h-2048).tif,Trainset/Labels_tif/22_HE_(d-4_x-9216_y-7680_w-2048_h-2048).tif,Trainset,22,0.2646293640136719,Marsh-1
Trainset/Images_tif/70_HE_(d-4_x-6144_y-13824_w-2048_h-2048).tif,Trainset/Labels_tif/70_HE_(d-4_x-6144_y-13824_w-2048_h-2048).tif,Trainset,70,0.36334228515625,Marsh-0
Trainset/Images_tif/142_HE_(d-4_x-53760_y-13824_w-2048_h-2048).tif,Trainset/Labels_tif/142_HE_(d-4_x-53760_y-13824_w-2048_h-2048).tif,Trainset,142,0.108367919921875,Marsh-3b
Trainset/Images_tif/10_HE_(d-4_x-6144_y-7680_w-2048_h-2048).tif,Trainset/Labels_tif/10_HE_(d-4_x-6144_y-7680_w-2048_h-2048).tif,Trainset,10,0.5150680541992188,Marsh-0
Trainset/Images_tif/45_HE_(d-4_x-75264_y-10752_w-2048_h-2048).tif,Trainset/Labels_tif/45_HE_(d-4_x-75264_y-10752_w-2048_h-2048).tif,Trainset,45,0.03339385986328125,Marsh-3b
Trainset/Images_tif/112_HE_(d-4_x-19968_y-12288_w-2048_h-2048).tif,Trainset/Labels_tif/112_HE_(d-4_x-19968_y-12288_w-2048_h-2048).tif,Trainset,112,0.262115478515625,Marsh-1
Trainset/Images_tif/137_HE_(d-4_x-19968_y-10752_w-2048_h-2048).tif,Trainset/Labels_tif/137_HE_(d-4_x-19968_y-10752_w-2048_h-2048).tif,Trainset,137,0.10810470581054688,Marsh-3b
Trainset/Images_tif/82_HE_(d-4_x-12288_y-12288_w-2048_h-2048).tif,Trainset/Labels_tif/82_HE_(d-4_x-12288_y-12288_w-2048_h-2048).tif,Trainset,82,0.03653717041015625,Marsh-3b
Trainset/Images_tif/81_HE_(d-4_x-4608_y-15360_w-2048_h-2048).tif,Trainset/Labels_tif/81_HE_(d-4_x-4608_y-15360_w-2048_h-2048).tif,Trainset,81,0.36602020263671875,Marsh-0
Trainset/Images_tif/113_HE_(d-4_x-3072_y-33792_w-2048_h-2048).tif,Trainset/Labels_tif/113_HE_(d-4_x-3072_y-33792_w-2048_h-2048).tif,Trainset,113,0.2063751220703125,Marsh-3a
Trainset/Images_tif/104_HE_(d-4_x-12288_y-18432_w-2048_h-2048).tif,Trainset/Labels_tif/104_HE_(d-4_x-12288_y-18432_w-2048_h-2048).tif,Trainset,104,0.23725128173828125,Marsh-1
Trainset/Images_tif/17_HE_(d-4_x-23040_y-7680_w-2048_h-2048).tif,Trainset/Labels_tif/17_HE_(d-4_x-23040_y-7680_w-2048_h-2048).tif,Trainset,17,0.2582206726074219,Marsh-1
Trainset/Images_tif/54_HE_(d-4_x-3072_y-4608_w-2048_h-2048).tif,Trainset/Labels_tif/54_HE_(d-4_x-3072_y-4608_w-2048_h-2048).tif,Trainset,54,0.3648262023925781,Marsh-0
Trainset/Images_tif/87_HE_(d-4_x-9216_y-13824_w-2048_h-2048).tif,Trainset/Labels_tif/87_HE_(d-4_x-9216_y-13824_w-2048_h-2048).tif,Trainset,87,0.367034912109375,Marsh-0
Trainset/Images_tif/13_HE_(d-4_x-6144_y-9216_w-2048_h-2048).tif,Trainset/Labels_tif/13_HE_(d-4_x-6144_y-9216_w-2048_h-2048).tif,Trainset,13,0.11926651000976562,Marsh-3b
Trainset/Images_tif/33_HE_(d-4_x-7680_y-9216_w-2048_h-2048).tif,Trainset/Labels_tif/33_HE_(d-4_x-7680_y-9216_w-2048_h-2048).tif,Trainset,33,0.3193931579589844,Marsh-1
Trainset/Images_tif/40_HE_(d-4_x-12288_y-4608_w-2048_h-2048).tif,Trainset/Labels_tif/40_HE_(d-4_x-12288_y-4608_w-2048_h-2048).tif,Trainset,40,0.20248031616210938,Marsh-3a
Trainset/Images_tif/97_HE_(d-4_x-13824_y-6144_w-2048_h-2048).tif,Trainset/Labels_tif/97_HE_(d-4_x-13824_y-6144_w-2048_h-2048).tif,Trainset,97,0.3638572692871094,Marsh-0
Trainset/Images_tif/36_HE_(d-4_x-9216_y-27648_w-2048_h-2048).tif,Trainset/Labels_tif/36_HE_(d-4_x-9216_y-27648_w-2048_h-2048).tif,Trainset,36,0.4256172180175781,Marsh-0
Trainset/Images_tif/105_HE_(d-4_x-24576_y-10752_w-2048_h-2048).tif,Trainset/Labels_tif/105_HE_(d-4_x-24576_y-10752_w-2048_h-2048).tif,Trainset,105,0.17844772338867188,Marsh-3a
Trainset/Images_tif/62_HE_(d-4_x-16896_y-13824_w-2048_h-2048).tif,Trainset/Labels_tif/62_HE_(d-4_x-16896_y-13824_w-2048_h-2048).tif,Trainset,62,0.4408912658691406,Marsh-0
Trainset/Images_tif/128_HE_(d-4_x-7680_y-24576_w-2048_h-2048).tif,Trainset/Labels_tif/128_HE_(d-4_x-7680_y-24576_w-2048_h-2048).tif,Trainset,128,0.3439292907714844,Marsh-0
Trainset/Images_tif/62_HE_(d-4_x-30720_y-13824_w-2048_h-2048).tif,Trainset/Labels_tif/62_HE_(d-4_x-30720_y-13824_w-2048_h-2048).tif,Trainset,62,0.06510543823242188,Marsh-3b
Trainset/Images_tif/39_HE_(d-4_x-7680_y-13824_w-2048_h-2048).tif,Trainset/Labels_tif/39_HE_(d-4_x-7680_y-13824_w-2048_h-2048).tif,Trainset,39,0.0,Marsh-3b
Trainset/Images_tif/63_HE_(d-4_x-7680_y-10752_w-2048_h-2048).tif,Trainset/Labels_tif/63_HE_(d-4_x-7680_y-10752_w-2048_h-2048).tif,Trainset,63,0.13088226318359375,Marsh-3b
Trainset/Images_tif/86_HE_(d-4_x-27648_y-6144_w-2048_h-2048).tif,Trainset/Labels_tif/86_HE_(d-4_x-27648_y-6144_w-2048_h-2048).tif,Trainset,86,0.4966850280761719,Marsh-0
Trainset/Images_tif/134_HE_(d-4_x-24576_y-27648_w-2048_h-2048).tif,Trainset/Labels_tif/134_HE_(d-4_x-24576_y-27648_w-2048_h-2048).tif,Trainset,134,0.2607269287109375,Marsh-1
Trainset/Images_tif/127_HE_(d-4_x-4608_y-12288_w-2048_h-2048).tif,Trainset/Labels_tif/127_HE_(d-4_x-4608_y-12288_w-2048_h-2048).tif,Trainset,127,0.3450202941894531,Marsh-0
Trainset/Images_tif/33_HE_(d-4_x-7680_y-12288_w-2048_h-2048).tif,Trainset/Labels_tif/33_HE_(d-4_x-7680_y-12288_w-2048_h-2048).tif,Trainset,33,0.2884025573730469,Marsh-1
Trainset/Images_tif/43_HE_(d-4_x-29184_y-13824_w-2048_h-2048).tif,Trainset/Labels_tif/43_HE_(d-4_x-29184_y-13824_w-2048_h-2048).tif,Trainset,43,0.20689010620117188,Marsh-3a
Trainset/Images_tif/67_HE_(d-4_x-41472_y-7680_w-2048_h-2048).tif,Trainset/Labels_tif/67_HE_(d-4_x-41472_y-7680_w-2048_h-2048).tif,Trainset,67,0.4358673095703125,Marsh-0
Trainset/Images_tif/49_HE_(d-4_x-33792_y-13824_w-2048_h-2048).tif,Trainset/Labels_tif/49_HE_(d-4_x-33792_y-13824_w-2048_h-2048).tif,Trainset,49,0.11739730834960938,Marsh-3b
Trainset/Images_tif/89_HE_(d-4_x-7680_y-12288_w-2048_h-2048).tif,Trainset/Labels_tif/89_HE_(d-4_x-7680_y-12288_w-2048_h-2048).tif,Trainset,89,0.23830795288085938,Marsh-1
Trainset/Images_tif/65_HE_(d-4_x-27648_y-23040_w-2048_h-2048).tif,Trainset/Labels_tif/65_HE_(d-4_x-27648_y-23040_w-2048_h-2048).tif,Trainset,65,0.005977630615234375,Marsh-3b
Trainset/Images_tif/25_HE_(d-4_x-18432_y-18432_w-2048_h-2048).tif,Trainset/Labels_tif/25_HE_(d-4_x-18432_y-18432_w-2048_h-2048).tif,Trainset,25,0.13323593139648438,Marsh-3b
Trainset/Images_tif/101_HE_(d-4_x-12288_y-9216_w-2048_h-2048).tif,Trainset/Labels_tif/101_HE_(d-4_x-12288_y-9216_w-2048_h-2048).tif,Trainset,101,0.18046951293945312,Marsh-3a
Trainset/Images_tif/32_HE_(d-4_x-55296_y-67584_w-2048_h-2048).tif,Trainset/Labels_tif/32_HE_(d-4_x-55296_y-67584_w-2048_h-2048).tif,Trainset,32,0.0,Marsh-3b
Trainset/Images_tif/104_HE_(d-4_x-15360_y-12288_w-2048_h-2048).tif,Trainset/Labels_tif/104_HE_(d-4_x-15360_y-12288_w-2048_h-2048).tif,Trainset,104,0.13935470581054688,Marsh-3a
Trainset/Images_tif/120_HE_(d-4_x-6144_y-21504_w-2048_h-2048).tif,Trainset/Labels_tif/120_HE_(d-4_x-6144_y-21504_w-2048_h-2048).tif,Trainset,120,0.3939361572265625,Marsh-0
Trainset/Images_tif/33_HE_(d-4_x-29184_y-16896_w-2048_h-2048).tif,Trainset/Labels_tif/33_HE_(d-4_x-29184_y-16896_w-2048_h-2048).tif,Trainset,33,0.03224945068359375,Marsh-3b
Trainset/Images_tif/4_HE_(d-4_x-35328_y-12288_w-2048_h-2048).tif,Trainset/Labels_tif/4_HE_(d-4_x-35328_y-12288_w-2048_h-2048).tif,Trainset,4,0.21538543701171875,Marsh-3a
Trainset/Images_tif/72_HE_(d-4_x-112128_y-46080_w-2048_h-2048).tif,Trainset/Labels_tif/72_HE_(d-4_x-112128_y-46080_w-2048_h-2048).tif,Trainset,72,0.32781219482421875,Marsh-1
Trainset/Images_tif/125_HE_(d-4_x-6144_y-3072_w-2048_h-2048).tif,Trainset/Labels_tif/125_HE_(d-4_x-6144_y-3072_w-2048_h-2048).tif,Trainset,125,0.1168212890625,Marsh-3b
Trainset/Images_tif/120_HE_(d-4_x-13824_y-3072_w-2048_h-2048).tif,Trainset/Labels_tif/120_HE_(d-4_x-13824_y-3072_w-2048_h-2048).tif,Trainset,120,0.20085906982421875,Marsh-3a
Trainset/Images_tif/48_HE_(d-4_x-6144_y-13824_w-2048_h-2048).tif,Trainset/Labels_tif/48_HE_(d-4_x-6144_y-13824_w-2048_h-2048).tif,Trainset,48,0.11793136596679688,Marsh-3b
Trainset/Images_tif/106_HE_(d-4_x-12288_y-39936_w-2048_h-2048).tif,Trainset/Labels_tif/106_HE_(d-4_x-12288_y-39936_w-2048_h-2048).tif,Trainset,106,0.497772216796875,Marsh-0
Trainset/Images_tif/14_HE_(d-4_x-9216_y-9216_w-2048_h-2048).tif,Trainset/Labels_tif/14_HE_(d-4_x-9216_y-9216_w-2048_h-2048).tif,Trainset,14,0.23731613159179688,Marsh-1
Trainset/Images_tif/106_HE_(d-4_x-35328_y-46080_w-2048_h-2048).tif,Trainset/Labels_tif/106_HE_(d-4_x-35328_y-46080_w-2048_h-2048).tif,Trainset,106,0.08740615844726562,Marsh-3b
Trainset/Images_tif/49_HE_(d-4_x-10752_y-15360_w-2048_h-2048).tif,Trainset/Labels_tif/49_HE_(d-4_x-10752_y-15360_w-2048_h-2048).tif,Trainset,49,0.1433868408203125,Marsh-3a
Trainset/Images_tif/35_HE_(d-4_x-7680_y-6144_w-2048_h-2048).tif,Trainset/Labels_tif/35_HE_(d-4_x-7680_y-6144_w-2048_h-2048).tif,Trainset,35,0.06816864013671875,Marsh-3b
Trainset/Images_tif/42_HE_(d-4_x-9216_y-13824_w-2048_h-2048).tif,Trainset/Labels_tif/42_HE_(d-4_x-9216_y-13824_w-2048_h-2048).tif,Trainset,42,0.22294235229492188,Marsh-3a
Trainset/Images_tif/85_HE_(d-4_x-10752_y-12288_w-2048_h-2048).tif,Trainset/Labels_tif/85_HE_(d-4_x-10752_y-12288_w-2048_h-2048).tif,Trainset,85,0.22101593017578125,Marsh-3a
Trainset/Images_tif/74_HE_(d-4_x-7680_y-7680_w-2048_h-2048).tif,Trainset/Labels_tif/74_HE_(d-4_x-7680_y-7680_w-2048_h-2048).tif,Trainset,74,0.24007415771484375,Marsh-1
Trainset/Images_tif/142_HE_(d-4_x-49152_y-6144_w-2048_h-2048).tif,Trainset/Labels_tif/142_HE_(d-4_x-49152_y-6144_w-2048_h-2048).tif,Trainset,142,0.020709991455078125,Marsh-3b
Trainset/Images_tif/114_HE_(d-4_x-30720_y-13824_w-2048_h-2048).tif,Trainset/Labels_tif/114_HE_(d-4_x-30720_y-13824_w-2048_h-2048).tif,Trainset,114,0.37615203857421875,Marsh-0
Trainset/Images_tif/40_HE_(d-4_x-12288_y-6144_w-2048_h-2048).tif,Trainset/Labels_tif/40_HE_(d-4_x-12288_y-6144_w-2048_h-2048).tif,Trainset,40,0.036685943603515625,Marsh-3b
Trainset/Images_tif/125_HE_(d-4_x-7680_y-12288_w-2048_h-2048).tif,Trainset/Labels_tif/125_HE_(d-4_x-7680_y-12288_w-2048_h-2048).tif,Trainset,125,0.18977737426757812,Marsh-3a
Trainset/Images_tif/70_HE_(d-4_x-6144_y-6144_w-2048_h-2048).tif,Trainset/Labels_tif/70_HE_(d-4_x-6144_y-6144_w-2048_h-2048).tif,Trainset,70,0.2724609375,Marsh-1
Trainset/Images_tif/77_HE_(d-4_x-41472_y-19968_w-2048_h-2048).tif,Trainset/Labels_tif/77_HE_(d-4_x-41472_y-19968_w-2048_h-2048).tif,Trainset,77,0.3251380920410156,Marsh-1
Trainset/Images_tif/102_HE_(d-4_x-15360_y-12288_w-2048_h-2048).tif,Trainset/Labels_tif/102_HE_(d-4_x-15360_y-12288_w-2048_h-2048).tif,Trainset,102,0.27950286865234375,Marsh-1
Trainset/Images_tif/128_HE_(d-4_x-12288_y-6144_w-2048_h-2048).tif,Trainset/Labels_tif/128_HE_(d-4_x-12288_y-6144_w-2048_h-2048).tif,Trainset,128,0.24387741088867188,Marsh-1
Trainset/Images_tif/56_HE_(d-4_x-10752_y-52224_w-2048_h-2048).tif,Trainset/Labels_tif/56_HE_(d-4_x-10752_y-52224_w-2048_h-2048).tif,Trainset,56,0.23884201049804688,Marsh-1
Trainset/Images_tif/102_HE_(d-4_x-7680_y-35328_w-2048_h-2048).tif,Trainset/Labels_tif/102_HE_(d-4_x-7680_y-35328_w-2048_h-2048).tif,Trainset,102,0.1800384521484375,Marsh-3a
Trainset/Images_tif/125_HE_(d-4_x-32256_y-7680_w-2048_h-2048).tif,Trainset/Labels_tif/125_HE_(d-4_x-32256_y-7680_w-2048_h-2048).tif,Trainset,125,0.4908485412597656,Marsh-0
Trainset/Images_tif/132_HE_(d-4_x-26112_y-9216_w-2048_h-2048).tif,Trainset/Labels_tif/132_HE_(d-4_x-26112_y-9216_w-2048_h-2048).tif,Trainset,132,0.22711181640625,Marsh-3a
Trainset/Images_tif/134_HE_(d-4_x-26112_y-21504_w-2048_h-2048).tif,Trainset/Labels_tif/134_HE_(d-4_x-26112_y-21504_w-2048_h-2048).tif,Trainset,134,0.15904617309570312,Marsh-3a
Trainset/Images_tif/14_HE_(d-4_x-4608_y-7680_w-2048_h-2048).tif,Trainset/Labels_tif/14_HE_(d-4_x-4608_y-7680_w-2048_h-2048).tif,Trainset,14,0.16947555541992188,Marsh-3a
Trainset/Images_tif/84_HE_(d-4_x-15360_y-19968_w-2048_h-2048).tif,Trainset/Labels_tif/84_HE_(d-4_x-15360_y-19968_w-2048_h-2048).tif,Trainset,84,0.4660491943359375,Marsh-0
Trainset/Images_tif/121_HE_(d-4_x-15360_y-6144_w-2048_h-2048).tif,Trainset/Labels_tif/121_HE_(d-4_x-15360_y-6144_w-2048_h-2048).tif,Trainset,121,0.23958587646484375,Marsh-1
Trainset/Images_tif/87_HE_(d-4_x-19968_y-15360_w-2048_h-2048).tif,Trainset/Labels_tif/87_HE_(d-4_x-19968_y-15360_w-2048_h-2048).tif,Trainset,87,0.23872756958007812,Marsh-1
Trainset/Images_tif/137_HE_(d-4_x-3072_y-13824_w-2048_h-2048).tif,Trainset/Labels_tif/137_HE_(d-4_x-3072_y-13824_w-2048_h-2048).tif,Trainset,137,0.24506378173828125,Marsh-1
Trainset/Images_tif/8_HE_(d-4_x-15360_y-18432_w-2048_h-2048).tif,Trainset/Labels_tif/8_HE_(d-4_x-15360_y-18432_w-2048_h-2048).tif,Trainset,8,0.0102386474609375,Marsh-3b
Trainset/Images_tif/4_HE_(d-4_x-41472_y-4608_w-2048_h-2048).tif,Trainset/Labels_tif/4_HE_(d-4_x-41472_y-4608_w-2048_h-2048).tif,Trainset,4,0.22330856323242188,Marsh-3a
Trainset/Images_tif/55_HE_(d-4_x-12288_y-7680_w-2048_h-2048).tif,Trainset/Labels_tif/55_HE_(d-4_x-12288_y-7680_w-2048_h-2048).tif,Trainset,55,0.282806396484375,Marsh-1
Trainset/Images_tif/116_HE_(d-4_x-12288_y-4608_w-2048_h-2048).tif,Trainset/Labels_tif/116_HE_(d-4_x-12288_y-4608_w-2048_h-2048).tif,Trainset,116,0.3347625732421875,Marsh-1
Trainset/Images_tif/114_HE_(d-4_x-6144_y-16896_w-2048_h-2048).tif,Trainset/Labels_tif/114_HE_(d-4_x-6144_y-16896_w-2048_h-2048).tif,Trainset,114,0.37872314453125,Marsh-0
Trainset/Images_tif/114_HE_(d-4_x-24576_y-19968_w-2048_h-2048).tif,Trainset/Labels_tif/114_HE_(d-4_x-24576_y-19968_w-2048_h-2048).tif,Trainset,114,0.472412109375,Marsh-0
Trainset/Images_tif/105_HE_(d-4_x-26112_y-9216_w-2048_h-2048).tif,Trainset/Labels_tif/105_HE_(d-4_x-26112_y-9216_w-2048_h-2048).tif,Trainset,105,0.15112686157226562,Marsh-3a
Trainset/Images_tif/32_HE_(d-4_x-69120_y-49152_w-2048_h-2048).tif,Trainset/Labels_tif/32_HE_(d-4_x-69120_y-49152_w-2048_h-2048).tif,Trainset,32,0.22216415405273438,Marsh-3a
Trainset/Images_tif/65_HE_(d-4_x-9216_y-21504_w-2048_h-2048).tif,Trainset/Labels_tif/65_HE_(d-4_x-9216_y-21504_w-2048_h-2048).tif,Trainset,65,0.15584564208984375,Marsh-3a
Trainset/Images_tif/134_HE_(d-4_x-10752_y-30720_w-2048_h-2048).tif,Trainset/Labels_tif/134_HE_(d-4_x-10752_y-30720_w-2048_h-2048).tif,Trainset,134,0.5162239074707031,Marsh-0
Trainset/Images_tif/32_HE_(d-4_x-55296_y-69120_w-2048_h-2048).tif,Trainset/Labels_tif/32_HE_(d-4_x-55296_y-69120_w-2048_h-2048).tif,Trainset,32,0.3218879699707031,Marsh-1
Trainset/Images_tif/4_HE_(d-4_x-44544_y-6144_w-2048_h-2048).tif,Trainset/Labels_tif/4_HE_(d-4_x-44544_y-6144_w-2048_h-2048).tif,Trainset,4,0.23232650756835938,Marsh-3a
Trainset/Images_tif/120_HE_(d-4_x-21504_y-33792_w-2048_h-2048).tif,Trainset/Labels_tif/120_HE_(d-4_x-21504_y-33792_w-2048_h-2048).tif,Trainset,120,0.3768157958984375,Marsh-0
Trainset/Images_tif/2_HE_(d-4_x-15360_y-43008_w-2048_h-2048).tif,Trainset/Labels_tif/2_HE_(d-4_x-15360_y-43008_w-2048_h-2048).tif,Trainset,2,0.0,Marsh-3b
Trainset/Images_tif/70_HE_(d-4_x-10752_y-15360_w-2048_h-2048).tif,Trainset/Labels_tif/70_HE_(d-4_x-10752_y-15360_w-2048_h-2048).tif,Trainset,70,0.06659317016601562,Marsh-3b
Trainset/Images_tif/29_HE_(d-4_x-44544_y-13824_w-2048_h-2048).tif,Trainset/Labels_tif/29_HE_(d-4_x-44544_y-13824_w-2048_h-2048).tif,Trainset,29,0.09456253051757812,Marsh-3b
Trainset/Images_tif/112_HE_(d-4_x-6144_y-12288_w-2048_h-2048).tif,Trainset/Labels_tif/112_HE_(d-4_x-6144_y-12288_w-2048_h-2048).tif,Trainset,112,0.05356597900390625,Marsh-3b
Trainset/Images_tif/120_HE_(d-4_x-16896_y-10752_w-2048_h-2048).tif,Trainset/Labels_tif/120_HE_(d-4_x-16896_y-10752_w-2048_h-2048).tif,Trainset,120,0.065277099609375,Marsh-3b
Trainset/Images_tif/8_HE_(d-4_x-39936_y-24576_w-2048_h-2048).tif,Trainset/Labels_tif/8_HE_(d-4_x-39936_y-24576_w-2048_h-2048).tif,Trainset,8,0.3865852355957031,Marsh-0
Trainset/Images_tif/35_HE_(d-4_x-16896_y-7680_w-2048_h-2048).tif,Trainset/Labels_tif/35_HE_(d-4_x-16896_y-7680_w-2048_h-2048).tif,Trainset,35,0.28173065185546875,Marsh-1
Trainset/Images_tif/122_HE_(d-4_x-18432_y-1536_w-2048_h-2048).tif,Trainset/Labels_tif/122_HE_(d-4_x-18432_y-1536_w-2048_h-2048).tif,Trainset,122,0.09008026123046875,Marsh-3b
Trainset/Images_tif/17_HE_(d-4_x-32256_y-1536_w-2048_h-2048).tif,Trainset/Labels_tif/17_HE_(d-4_x-32256_y-1536_w-2048_h-2048).tif,Trainset,17,0.24097442626953125,Marsh-1
Trainset/Images_tif/82_HE_(d-4_x-13824_y-4608_w-2048_h-2048).tif,Trainset/Labels_tif/82_HE_(d-4_x-13824_y-4608_w-2048_h-2048).tif,Trainset,82,0.151519775390625,Marsh-3a
Trainset/Images_tif/38_HE_(d-4_x-38400_y-27648_w-2048_h-2048).tif,Trainset/Labels_tif/38_HE_(d-4_x-38400_y-27648_w-2048_h-2048).tif,Trainset,38,0.30773162841796875,Marsh-1
Trainset/Images_tif/1_HE_(d-4_x-6144_y-10752_w-2048_h-2048).tif,Trainset/Labels_tif/1_HE_(d-4_x-6144_y-10752_w-2048_h-2048).tif,Trainset,1,0.41651153564453125,Marsh-0
Trainset/Images_tif/67_HE_(d-4_x-47616_y-15360_w-2048_h-2048).tif,Trainset/Labels_tif/67_HE_(d-4_x-47616_y-15360_w-2048_h-2048).tif,Trainset,67,0.2688560485839844,Marsh-1
Trainset/Images_tif/56_HE_(d-4_x-44544_y-56832_w-2048_h-2048).tif,Trainset/Labels_tif/56_HE_(d-4_x-44544_y-56832_w-2048_h-2048).tif,Trainset,56,0.28131103515625,Marsh-1
Trainset/Images_tif/97_HE_(d-4_x-10752_y-7680_w-2048_h-2048).tif,Trainset/Labels_tif/97_HE_(d-4_x-10752_y-7680_w-2048_h-2048).tif,Trainset,97,0.0139007568359375,Marsh-3b
Trainset/Images_tif/67_HE_(d-4_x-7680_y-18432_w-2048_h-2048).tif,Trainset/Labels_tif/67_HE_(d-4_x-7680_y-18432_w-2048_h-2048).tif,Trainset,67,0.08246612548828125,Marsh-3b
Trainset/Images_tif/125_HE_(d-4_x-32256_y-3072_w-2048_h-2048).tif,Trainset/Labels_tif/125_HE_(d-4_x-32256_y-3072_w-2048_h-2048).tif,Trainset,125,0.0923004150390625,Marsh-3b
Trainset/Images_tif/39_HE_(d-4_x-27648_y-15360_w-2048_h-2048).tif,Trainset/Labels_tif/39_HE_(d-4_x-27648_y-15360_w-2048_h-2048).tif,Trainset,39,0.3226890563964844,Marsh-1
Trainset/Images_tif/25_HE_(d-4_x-35328_y-21504_w-2048_h-2048).tif,Trainset/Labels_tif/25_HE_(d-4_x-35328_y-21504_w-2048_h-2048).tif,Trainset,25,0.23700332641601562,Marsh-1
Trainset/Images_tif/114_HE_(d-4_x-23040_y-3072_w-2048_h-2048).tif,Trainset/Labels_tif/114_HE_(d-4_x-23040_y-3072_w-2048_h-2048).tif,Trainset,114,0.25861358642578125,Marsh-1
Trainset/Images_tif/104_HE_(d-4_x-6144_y-18432_w-2048_h-2048).tif,Trainset/Labels_tif/104_HE_(d-4_x-6144_y-18432_w-2048_h-2048).tif,Trainset,104,0.2767181396484375,Marsh-1
Trainset/Images_tif/142_HE_(d-4_x-52224_y-4608_w-2048_h-2048).tif,Trainset/Labels_tif/142_HE_(d-4_x-52224_y-4608_w-2048_h-2048).tif,Trainset,142,0.017742156982421875,Marsh-3b
Trainset/Images_tif/130_HE_(d-4_x-6144_y-35328_w-2048_h-2048).tif,Trainset/Labels_tif/130_HE_(d-4_x-6144_y-35328_w-2048_h-2048).tif,Trainset,130,0.19011306762695312,Marsh-3a
Trainset/Images_tif/29_HE_(d-4_x-59904_y-15360_w-2048_h-2048).tif,Trainset/Labels_tif/29_HE_(d-4_x-59904_y-15360_w-2048_h-2048).tif,Trainset,29,0.2882881164550781,Marsh-1
Trainset/Images_tif/125_HE_(d-4_x-6144_y-12288_w-2048_h-2048).tif,Trainset/Labels_tif/125_HE_(d-4_x-6144_y-12288_w-2048_h-2048).tif,Trainset,125,0.17528533935546875,Marsh-3a
Trainset/Images_tif/35_HE_(d-4_x-7680_y-9216_w-2048_h-2048).tif,Trainset/Labels_tif/35_HE_(d-4_x-7680_y-9216_w-2048_h-2048).tif,Trainset,35,0.21550369262695312,Marsh-3a
Trainset/Images_tif/80_HE_(d-4_x-21504_y-21504_w-2048_h-2048).tif,Trainset/Labels_tif/80_HE_(d-4_x-21504_y-21504_w-2048_h-2048).tif,Trainset,80,0.200347900390625,Marsh-3a
Trainset/Images_tif/4_HE_(d-4_x-39936_y-19968_w-2048_h-2048).tif,Trainset/Labels_tif/4_HE_(d-4_x-39936_y-19968_w-2048_h-2048).tif,Trainset,4,0.3121223449707031,Marsh-1
Trainset/Images_tif/121_HE_(d-4_x-23040_y-9216_w-2048_h-2048).tif,Trainset/Labels_tif/121_HE_(d-4_x-23040_y-9216_w-2048_h-2048).tif,Trainset,121,0.03192901611328125,Marsh-3b
Trainset/Images_tif/74_HE_(d-4_x-30720_y-6144_w-2048_h-2048).tif,Trainset/Labels_tif/74_HE_(d-4_x-30720_y-6144_w-2048_h-2048).tif,Trainset,74,0.23847198486328125,Marsh-1
Trainset/Images_tif/94_HE_(d-4_x-6144_y-53760_w-2048_h-2048).tif,Trainset/Labels_tif/94_HE_(d-4_x-6144_y-53760_w-2048_h-2048).tif,Trainset,94,0.44336700439453125,Marsh-0
Trainset/Images_tif/126_HE_(d-4_x-4608_y-4608_w-2048_h-2048).tif,Trainset/Labels_tif/126_HE_(d-4_x-4608_y-4608_w-2048_h-2048).tif,Trainset,126,0.20334625244140625,Marsh-3a
Trainset/Images_tif/118_HE_(d-4_x-33792_y-55296_w-2048_h-2048).tif,Trainset/Labels_tif/118_HE_(d-4_x-33792_y-55296_w-2048_h-2048).tif,Trainset,118,0.2611427307128906,Marsh-1
Trainset/Images_tif/94_HE_(d-4_x-7680_y-47616_w-2048_h-2048).tif,Trainset/Labels_tif/94_HE_(d-4_x-7680_y-47616_w-2048_h-2048).tif,Trainset,94,0.14528274536132812,Marsh-3a
Trainset/Images_tif/91_HE_(d-4_x-10752_y-36864_w-2048_h-2048).tif,Trainset/Labels_tif/91_HE_(d-4_x-10752_y-36864_w-2048_h-2048).tif,Trainset,91,0.3002166748046875,Marsh-1
Trainset/Images_tif/19_HE_(d-4_x-24576_y-6144_w-2048_h-2048).tif,Trainset/Labels_tif/19_HE_(d-4_x-24576_y-6144_w-2048_h-2048).tif,Trainset,19,0.23736953735351562,Marsh-1
Trainset/Images_tif/11_HE_(d-4_x-7680_y-36864_w-2048_h-2048).tif,Trainset/Labels_tif/11_HE_(d-4_x-7680_y-36864_w-2048_h-2048).tif,Trainset,11,0.13995742797851562,Marsh-3a
Trainset/Images_tif/120_HE_(d-4_x-7680_y-24576_w-2048_h-2048).tif,Trainset/Labels_tif/120_HE_(d-4_x-7680_y-24576_w-2048_h-2048).tif,Trainset,120,0.22965621948242188,Marsh-3a
Trainset/Images_tif/134_HE_(d-4_x-12288_y-29184_w-2048_h-2048).tif,Trainset/Labels_tif/134_HE_(d-4_x-12288_y-29184_w-2048_h-2048).tif,Trainset,134,0.35837554931640625,Marsh-0
Trainset/Images_tif/76_HE_(d-4_x-13824_y-21504_w-2048_h-2048).tif,Trainset/Labels_tif/76_HE_(d-4_x-13824_y-21504_w-2048_h-2048).tif,Trainset,76,0.4146919250488281,Marsh-0
Trainset/Images_tif/132_HE_(d-4_x-3072_y-10752_w-2048_h-2048).tif,Trainset/Labels_tif/132_HE_(d-4_x-3072_y-10752_w-2048_h-2048).tif,Trainset,132,0.17473602294921875,Marsh-3a
Trainset/Images_tif/29_HE_(d-4_x-46080_y-9216_w-2048_h-2048).tif,Trainset/Labels_tif/29_HE_(d-4_x-46080_y-9216_w-2048_h-2048).tif,Trainset,29,0.23073577880859375,Marsh-3a
Trainset/Images_tif/125_HE_(d-4_x-29184_y-9216_w-2048_h-2048).tif,Trainset/Labels_tif/125_HE_(d-4_x-29184_y-9216_w-2048_h-2048).tif,Trainset,125,0.15491104125976562,Marsh-3a
Trainset/Images_tif/86_HE_(d-4_x-26112_y-4608_w-2048_h-2048).tif,Trainset/Labels_tif/86_HE_(d-4_x-26112_y-4608_w-2048_h-2048).tif,Trainset,86,0.31409454345703125,Marsh-1
Trainset/Images_tif/125_HE_(d-4_x-9216_y-9216_w-2048_h-2048).tif,Trainset/Labels_tif/125_HE_(d-4_x-9216_y-9216_w-2048_h-2048).tif,Trainset,125,0.4000244140625,Marsh-0
Trainset/Images_tif/100_HE_(d-4_x-44544_y-55296_w-2048_h-2048).tif,Trainset/Labels_tif/100_HE_(d-4_x-44544_y-55296_w-2048_h-2048).tif,Trainset,100,0.2797584533691406,Marsh-1
Trainset/Images_tif/59_HE_(d-4_x-38400_y-55296_w-2048_h-2048).tif,Trainset/Labels_tif/59_HE_(d-4_x-38400_y-55296_w-2048_h-2048).tif,Trainset,59,0.3296546936035156,Marsh-1
Trainset/Images_tif/38_HE_(d-4_x-38400_y-23040_w-2048_h-2048).tif,Trainset/Labels_tif/38_HE_(d-4_x-38400_y-23040_w-2048_h-2048).tif,Trainset,38,0.43468475341796875,Marsh-0
Trainset/Images_tif/135_HE_(d-4_x-7680_y-43008_w-2048_h-2048).tif,Trainset/Labels_tif/135_HE_(d-4_x-7680_y-43008_w-2048_h-2048).tif,Trainset,135,0.3307647705078125,Marsh-1
Trainset/Images_tif/124_HE_(d-4_x-12288_y-15360_w-2048_h-2048).tif,Trainset/Labels_tif/124_HE_(d-4_x-12288_y-15360_w-2048_h-2048).tif,Trainset,124,0.06733322143554688,Marsh-3b
Trainset/Images_tif/1_HE_(d-4_x-18432_y-9216_w-2048_h-2048).tif,Trainset/Labels_tif/1_HE_(d-4_x-18432_y-9216_w-2048_h-2048).tif,Trainset,1,0.3035888671875,Marsh-1
Trainset/Images_tif/73_HE_(d-4_x-33792_y-6144_w-2048_h-2048).tif,Trainset/Labels_tif/73_HE_(d-4_x-33792_y-6144_w-2048_h-2048).tif,Trainset,73,0.11447906494140625,Marsh-3b
Trainset/Images_tif/63_HE_(d-4_x-46080_y-18432_w-2048_h-2048).tif,Trainset/Labels_tif/63_HE_(d-4_x-46080_y-18432_w-2048_h-2048).tif,Trainset,63,0.14867782592773438,Marsh-3a
Trainset/Images_tif/4_HE_(d-4_x-35328_y-15360_w-2048_h-2048).tif,Trainset/Labels_tif/4_HE_(d-4_x-35328_y-15360_w-2048_h-2048).tif,Trainset,4,0.361572265625,Marsh-0
Trainset/Images_tif/53_HE_(d-4_x-6144_y-6144_w-2048_h-2048).tif,Trainset/Labels_tif/53_HE_(d-4_x-6144_y-6144_w-2048_h-2048).tif,Trainset,53,0.1886444091796875,Marsh-3a
Trainset/Images_tif/76_HE_(d-4_x-6144_y-19968_w-2048_h-2048).tif,Trainset/Labels_tif/76_HE_(d-4_x-6144_y-19968_w-2048_h-2048).tif,Trainset,76,0.0,Marsh-3b
Trainset/Images_tif/87_HE_(d-4_x-7680_y-24576_w-2048_h-2048).tif,Trainset/Labels_tif/87_HE_(d-4_x-7680_y-24576_w-2048_h-2048).tif,Trainset,87,0.30590057373046875,Marsh-1
Trainset/Images_tif/74_HE_(d-4_x-32256_y-6144_w-2048_h-2048).tif,Trainset/Labels_tif/74_HE_(d-4_x-32256_y-6144_w-2048_h-2048).tif,Trainset,74,0.06646728515625,Marsh-3b
Trainset/Images_tif/32_HE_(d-4_x-72192_y-44544_w-2048_h-2048).tif,Trainset/Labels_tif/32_HE_(d-4_x-72192_y-44544_w-2048_h-2048).tif,Trainset,32,0.08655929565429688,Marsh-3b
Trainset/Images_tif/48_HE_(d-4_x-4608_y-10752_w-2048_h-2048).tif,Trainset/Labels_tif/48_HE_(d-4_x-4608_y-10752_w-2048_h-2048).tif,Trainset,48,0.3935813903808594,Marsh-0
Trainset/Images_tif/2_HE_(d-4_x-36864_y-41472_w-2048_h-2048).tif,Trainset/Labels_tif/2_HE_(d-4_x-36864_y-41472_w-2048_h-2048).tif,Trainset,2,0.28556060791015625,Marsh-1
Trainset/Images_tif/60_HE_(d-4_x-18432_y-6144_w-2048_h-2048).tif,Trainset/Labels_tif/60_HE_(d-4_x-18432_y-6144_w-2048_h-2048).tif,Trainset,60,0.6198844909667969,Marsh-0
Trainset/Images_tif/70_HE_(d-4_x-10752_y-6144_w-2048_h-2048).tif,Trainset/Labels_tif/70_HE_(d-4_x-10752_y-6144_w-2048_h-2048).tif,Trainset,70,0.32684326171875,Marsh-1
Trainset/Images_tif/91_HE_(d-4_x-9216_y-13824_w-2048_h-2048).tif,Trainset/Labels_tif/91_HE_(d-4_x-9216_y-13824_w-2048_h-2048).tif,Trainset,91,0.19009780883789062,Marsh-3a
Trainset/Images_tif/124_HE_(d-4_x-12288_y-26112_w-2048_h-2048).tif,Trainset/Labels_tif/124_HE_(d-4_x-12288_y-26112_w-2048_h-2048).tif,Trainset,124,0.3916893005371094,Marsh-0
Trainset/Images_tif/52_HE_(d-4_x-6144_y-10752_w-2048_h-2048).tif,Trainset/Labels_tif/52_HE_(d-4_x-6144_y-10752_w-2048_h-2048).tif,Trainset,52,0.3810997009277344,Marsh-0
Trainset/Images_tif/56_HE_(d-4_x-4608_y-55296_w-2048_h-2048).tif,Trainset/Labels_tif/56_HE_(d-4_x-4608_y-55296_w-2048_h-2048).tif,Trainset,56,0.133331298828125,Marsh-3b
Trainset/Images_tif/120_HE_(d-4_x-13824_y-7680_w-2048_h-2048).tif,Trainset/Labels_tif/120_HE_(d-4_x-13824_y-7680_w-2048_h-2048).tif,Trainset,120,0.2644386291503906,Marsh-1
Trainset/Images_tif/32_HE_(d-4_x-69120_y-46080_w-2048_h-2048).tif,Trainset/Labels_tif/32_HE_(d-4_x-69120_y-46080_w-2048_h-2048).tif,Trainset,32,0.27887725830078125,Marsh-1
Trainset/Images_tif/56_HE_(d-4_x-4608_y-56832_w-2048_h-2048).tif,Trainset/Labels_tif/56_HE_(d-4_x-4608_y-56832_w-2048_h-2048).tif,Trainset,56,0.2724761962890625,Marsh-1
Trainset/Images_tif/131_HE_(d-4_x-12288_y-4608_w-2048_h-2048).tif,Trainset/Labels_tif/131_HE_(d-4_x-12288_y-4608_w-2048_h-2048).tif,Trainset,131,0.026050567626953125,Marsh-3b
Trainset/Images_tif/12_HE_(d-4_x-15360_y-9216_w-2048_h-2048).tif,Trainset/Labels_tif/12_HE_(d-4_x-15360_y-9216_w-2048_h-2048).tif,Trainset,12,0.01906585693359375,Marsh-3b
Trainset/Images_tif/35_HE_(d-4_x-9216_y-7680_w-2048_h-2048).tif,Trainset/Labels_tif/35_HE_(d-4_x-9216_y-7680_w-2048_h-2048).tif,Trainset,35,0.30771636962890625,Marsh-1
Trainset/Images_tif/116_HE_(d-4_x-12288_y-10752_w-2048_h-2048).tif,Trainset/Labels_tif/116_HE_(d-4_x-12288_y-10752_w-2048_h-2048).tif,Trainset,116,0.4867668151855469,Marsh-0
Trainset/Images_tif/32_HE_(d-4_x-56832_y-70656_w-2048_h-2048).tif,Trainset/Labels_tif/32_HE_(d-4_x-56832_y-70656_w-2048_h-2048).tif,Trainset,32,0.18539810180664062,Marsh-3a
Trainset/Images_tif/121_HE_(d-4_x-4608_y-10752_w-2048_h-2048).tif,Trainset/Labels_tif/121_HE_(d-4_x-4608_y-10752_w-2048_h-2048).tif,Trainset,121,0.447235107421875,Marsh-0
Trainset/Images_tif/39_HE_(d-4_x-29184_y-15360_w-2048_h-2048).tif,Trainset/Labels_tif/39_HE_(d-4_x-29184_y-15360_w-2048_h-2048).tif,Trainset,39,0.118560791015625,Marsh-3b
Trainset/Images_tif/49_HE_(d-4_x-7680_y-12288_w-2048_h-2048).tif,Trainset/Labels_tif/49_HE_(d-4_x-7680_y-12288_w-2048_h-2048).tif,Trainset,49,0.19236373901367188,Marsh-3a
Trainset/Images_tif/45_HE_(d-4_x-75264_y-9216_w-2048_h-2048).tif,Trainset/Labels_tif/45_HE_(d-4_x-75264_y-9216_w-2048_h-2048).tif,Trainset,45,0.00157928466796875,Marsh-3b
Trainset/Images_tif/51_HE_(d-4_x-6144_y-10752_w-2048_h-2048).tif,Trainset/Labels_tif/51_HE_(d-4_x-6144_y-10752_w-2048_h-2048).tif,Trainset,51,0.17395782470703125,Marsh-3a
Trainset/Images_tif/38_HE_(d-4_x-3072_y-24576_w-2048_h-2048).tif,Trainset/Labels_tif/38_HE_(d-4_x-3072_y-24576_w-2048_h-2048).tif,Trainset,38,0.4510459899902344,Marsh-0
Trainset/Images_tif/80_HE_(d-4_x-12288_y-21504_w-2048_h-2048).tif,Trainset/Labels_tif/80_HE_(d-4_x-12288_y-21504_w-2048_h-2048).tif,Trainset,80,0.10695648193359375,Marsh-3b
Trainset/Images_tif/60_HE_(d-4_x-16896_y-10752_w-2048_h-2048).tif,Trainset/Labels_tif/60_HE_(d-4_x-16896_y-10752_w-2048_h-2048).tif,Trainset,60,0.13796615600585938,Marsh-3a
Trainset/Images_tif/112_HE_(d-4_x-23040_y-6144_w-2048_h-2048).tif,Trainset/Labels_tif/112_HE_(d-4_x-23040_y-6144_w-2048_h-2048).tif,Trainset,112,0.15772628784179688,Marsh-3a
Trainset/Images_tif/87_HE_(d-4_x-23040_y-15360_w-2048_h-2048).tif,Trainset/Labels_tif/87_HE_(d-4_x-23040_y-15360_w-2048_h-2048).tif,Trainset,87,0.31996917724609375,Marsh-1
Trainset/Images_tif/106_HE_(d-4_x-38400_y-44544_w-2048_h-2048).tif,Trainset/Labels_tif/106_HE_(d-4_x-38400_y-44544_w-2048_h-2048).tif,Trainset,106,0.056201934814453125,Marsh-3b
Trainset/Images_tif/73_HE_(d-4_x-10752_y-9216_w-2048_h-2048).tif,Trainset/Labels_tif/73_HE_(d-4_x-10752_y-9216_w-2048_h-2048).tif,Trainset,73,0.2683753967285156,Marsh-1
Trainset/Images_tif/33_HE_(d-4_x-26112_y-12288_w-2048_h-2048).tif,Trainset/Labels_tif/33_HE_(d-4_x-26112_y-12288_w-2048_h-2048).tif,Trainset,33,0.3708648681640625,Marsh-0
Trainset/Images_tif/36_HE_(d-4_x-16896_y-10752_w-2048_h-2048).tif,Trainset/Labels_tif/36_HE_(d-4_x-16896_y-10752_w-2048_h-2048).tif,Trainset,36,0.3154869079589844,Marsh-1
Trainset/Images_tif/101_HE_(d-4_x-12288_y-12288_w-2048_h-2048).tif,Trainset/Labels_tif/101_HE_(d-4_x-12288_y-12288_w-2048_h-2048).tif,Trainset,101,0.08138656616210938,Marsh-3b
Trainset/Images_tif/126_HE_(d-4_x-9216_y-13824_w-2048_h-2048).tif,Trainset/Labels_tif/126_HE_(d-4_x-9216_y-13824_w-2048_h-2048).tif,Trainset,126,0.0,Marsh-3b
Trainset/Images_tif/55_HE_(d-4_x-12288_y-4608_w-2048_h-2048).tif,Trainset/Labels_tif/55_HE_(d-4_x-12288_y-4608_w-2048_h-2048).tif,Trainset,55,0.27291107177734375,Marsh-1
Trainset/Images_tif/97_HE_(d-4_x-9216_y-6144_w-2048_h-2048).tif,Trainset/Labels_tif/97_HE_(d-4_x-9216_y-6144_w-2048_h-2048).tif,Trainset,97,0.2090301513671875,Marsh-3a
Trainset/Images_tif/101_HE_(d-4_x-13824_y-6144_w-2048_h-2048).tif,Trainset/Labels_tif/101_HE_(d-4_x-13824_y-6144_w-2048_h-2048).tif,Trainset,101,0.42327880859375,Marsh-0
Trainset/Images_tif/29_HE_(d-4_x-44544_y-12288_w-2048_h-2048).tif,Trainset/Labels_tif/29_HE_(d-4_x-44544_y-12288_w-2048_h-2048).tif,Trainset,29,0.13043594360351562,Marsh-3b
Trainset/Images_tif/132_HE_(d-4_x-7680_y-13824_w-2048_h-2048).tif,Trainset/Labels_tif/132_HE_(d-4_x-7680_y-13824_w-2048_h-2048).tif,Trainset,132,0.20380020141601562,Marsh-3a
Trainset/Images_tif/46_HE_(d-4_x-12288_y-9216_w-2048_h-2048).tif,Trainset/Labels_tif/46_HE_(d-4_x-12288_y-9216_w-2048_h-2048).tif,Trainset,46,0.166961669921875,Marsh-3a
Trainset/Images_tif/111_HE_(d-4_x-62976_y-30720_w-2048_h-2048).tif,Trainset/Labels_tif/111_HE_(d-4_x-62976_y-30720_w-2048_h-2048).tif,Trainset,111,0.22121429443359375,Marsh-3a
Trainset/Images_tif/106_HE_(d-4_x-10752_y-39936_w-2048_h-2048).tif,Trainset/Labels_tif/106_HE_(d-4_x-10752_y-39936_w-2048_h-2048).tif,Trainset,106,0.20710372924804688,Marsh-3a
Trainset/Images_tif/70_HE_(d-4_x-9216_y-12288_w-2048_h-2048).tif,Trainset/Labels_tif/70_HE_(d-4_x-9216_y-12288_w-2048_h-2048).tif,Trainset,70,0.0,Marsh-3b
Trainset/Images_tif/84_HE_(d-4_x-10752_y-18432_w-2048_h-2048).tif,Trainset/Labels_tif/84_HE_(d-4_x-10752_y-18432_w-2048_h-2048).tif,Trainset,84,0.4609222412109375,Marsh-0
Trainset/Images_tif/97_HE_(d-4_x-12288_y-4608_w-2048_h-2048).tif,Trainset/Labels_tif/97_HE_(d-4_x-12288_y-4608_w-2048_h-2048).tif,Trainset,97,0.26175689697265625,Marsh-1
Trainset/Images_tif/49_HE_(d-4_x-29184_y-6144_w-2048_h-2048).tif,Trainset/Labels_tif/49_HE_(d-4_x-29184_y-6144_w-2048_h-2048).tif,Trainset,49,0.170135498046875,Marsh-3a
Trainset/Images_tif/76_HE_(d-4_x-38400_y-27648_w-2048_h-2048).tif,Trainset/Labels_tif/76_HE_(d-4_x-38400_y-27648_w-2048_h-2048).tif,Trainset,76,0.2916526794433594,Marsh-1
Trainset/Images_tif/114_HE_(d-4_x-27648_y-19968_w-2048_h-2048).tif,Trainset/Labels_tif/114_HE_(d-4_x-27648_y-19968_w-2048_h-2048).tif,Trainset,114,0.19219589233398438,Marsh-3a
Trainset/Images_tif/118_HE_(d-4_x-75264_y-55296_w-2048_h-2048).tif,Trainset/Labels_tif/118_HE_(d-4_x-75264_y-55296_w-2048_h-2048).tif,Trainset,118,0.3164863586425781,Marsh-1
Trainset/Images_tif/111_HE_(d-4_x-59904_y-35328_w-2048_h-2048).tif,Trainset/Labels_tif/111_HE_(d-4_x-59904_y-35328_w-2048_h-2048).tif,Trainset,111,0.018978118896484375,Marsh-3b
Trainset/Images_tif/54_HE_(d-4_x-3072_y-10752_w-2048_h-2048).tif,Trainset/Labels_tif/54_HE_(d-4_x-3072_y-10752_w-2048_h-2048).tif,Trainset,54,0.3059120178222656,Marsh-1
Trainset/Images_tif/25_HE_(d-4_x-16896_y-16896_w-2048_h-2048).tif,Trainset/Labels_tif/25_HE_(d-4_x-16896_y-16896_w-2048_h-2048).tif,Trainset,25,0.3585700988769531,Marsh-0
Trainset/Images_tif/87_HE_(d-4_x-13824_y-12288_w-2048_h-2048).tif,Trainset/Labels_tif/87_HE_(d-4_x-13824_y-12288_w-2048_h-2048).tif,Trainset,87,0.16433334350585938,Marsh-3a
Trainset/Images_tif/132_HE_(d-4_x-26112_y-13824_w-2048_h-2048).tif,Trainset/Labels_tif/132_HE_(d-4_x-26112_y-13824_w-2048_h-2048).tif,Trainset,132,0.28594970703125,Marsh-1
Trainset/Images_tif/85_HE_(d-4_x-10752_y-13824_w-2048_h-2048).tif,Trainset/Labels_tif/85_HE_(d-4_x-10752_y-13824_w-2048_h-2048).tif,Trainset,85,0.17201995849609375,Marsh-3a
Trainset/Images_tif/2_HE_(d-4_x-9216_y-46080_w-2048_h-2048).tif,Trainset/Labels_tif/2_HE_(d-4_x-9216_y-46080_w-2048_h-2048).tif,Trainset,2,0.2689666748046875,Marsh-1
Trainset/Images_tif/124_HE_(d-4_x-35328_y-13824_w-2048_h-2048).tif,Trainset/Labels_tif/124_HE_(d-4_x-35328_y-13824_w-2048_h-2048).tif,Trainset,124,0.09819793701171875,Marsh-3b
Trainset/Images_tif/59_HE_(d-4_x-33792_y-56832_w-2048_h-2048).tif,Trainset/Labels_tif/59_HE_(d-4_x-33792_y-56832_w-2048_h-2048).tif,Trainset,59,0.08983993530273438,Marsh-3b
Trainset/Images_tif/114_HE_(d-4_x-7680_y-13824_w-2048_h-2048).tif,Trainset/Labels_tif/114_HE_(d-4_x-7680_y-13824_w-2048_h-2048).tif,Trainset,114,0.22922515869140625,Marsh-3a
Trainset/Images_tif/122_HE_(d-4_x-10752_y-6144_w-2048_h-2048).tif,Trainset/Labels_tif/122_HE_(d-4_x-10752_y-6144_w-2048_h-2048).tif,Trainset,122,0.06416702270507812,Marsh-3b
Trainset/Images_tif/86_HE_(d-4_x-9216_y-7680_w-2048_h-2048).tif,Trainset/Labels_tif/86_HE_(d-4_x-9216_y-7680_w-2048_h-2048).tif,Trainset,86,0.7228317260742188,Marsh-0
Trainset/Images_tif/91_HE_(d-4_x-7680_y-19968_w-2048_h-2048).tif,Trainset/Labels_tif/91_HE_(d-4_x-7680_y-19968_w-2048_h-2048).tif,Trainset,91,0.0280914306640625,Marsh-3b
Trainset/Images_tif/56_HE_(d-4_x-35328_y-58368_w-2048_h-2048).tif,Trainset/Labels_tif/56_HE_(d-4_x-35328_y-58368_w-2048_h-2048).tif,Trainset,56,0.4608001708984375,Marsh-0
Trainset/Images_tif/89_HE_(d-4_x-7680_y-10752_w-2048_h-2048).tif,Trainset/Labels_tif/89_HE_(d-4_x-7680_y-10752_w-2048_h-2048).tif,Trainset,89,0.049983978271484375,Marsh-3b
Trainset/Images_tif/48_HE_(d-4_x-7680_y-12288_w-2048_h-2048).tif,Trainset/Labels_tif/48_HE_(d-4_x-7680_y-12288_w-2048_h-2048).tif,Trainset,48,0.3824043273925781,Marsh-0
Trainset/Images_tif/65_HE_(d-4_x-23040_y-19968_w-2048_h-2048).tif,Trainset/Labels_tif/65_HE_(d-4_x-23040_y-19968_w-2048_h-2048).tif,Trainset,65,0.0,Marsh-3b
Trainset/Images_tif/13_HE_(d-4_x-7680_y-9216_w-2048_h-2048).tif,Trainset/Labels_tif/13_HE_(d-4_x-7680_y-9216_w-2048_h-2048).tif,Trainset,13,0.14059066772460938,Marsh-3a
Trainset/Images_tif/56_HE_(d-4_x-43008_y-56832_w-2048_h-2048).tif,Trainset/Labels_tif/56_HE_(d-4_x-43008_y-56832_w-2048_h-2048).tif,Trainset,56,0.13216400146484375,Marsh-3b
Trainset/Images_tif/111_HE_(d-4_x-7680_y-12288_w-2048_h-2048).tif,Trainset/Labels_tif/111_HE_(d-4_x-7680_y-12288_w-2048_h-2048).tif,Trainset,111,0.37473297119140625,Marsh-0
Trainset/Images_tif/17_HE_(d-4_x-4608_y-7680_w-2048_h-2048).tif,Trainset/Labels_tif/17_HE_(d-4_x-4608_y-7680_w-2048_h-2048).tif,Trainset,17,0.20203781127929688,Marsh-3a
Trainset/Images_tif/104_HE_(d-4_x-7680_y-19968_w-2048_h-2048).tif,Trainset/Labels_tif/104_HE_(d-4_x-7680_y-19968_w-2048_h-2048).tif,Trainset,104,0.3110084533691406,Marsh-1
Trainset/Images_tif/112_HE_(d-4_x-16896_y-9216_w-2048_h-2048).tif,Trainset/Labels_tif/112_HE_(d-4_x-16896_y-9216_w-2048_h-2048).tif,Trainset,112,0.0,Marsh-3b
Trainset/Images_tif/49_HE_(d-4_x-29184_y-10752_w-2048_h-2048).tif,Trainset/Labels_tif/49_HE_(d-4_x-29184_y-10752_w-2048_h-2048).tif,Trainset,49,0.27716827392578125,Marsh-1
Trainset/Images_tif/12_HE_(d-4_x-7680_y-13824_w-2048_h-2048).tif,Trainset/Labels_tif/12_HE_(d-4_x-7680_y-13824_w-2048_h-2048).tif,Trainset,12,0.0,Marsh-3b
Trainset/Images_tif/63_HE_(d-4_x-44544_y-13824_w-2048_h-2048).tif,Trainset/Labels_tif/63_HE_(d-4_x-44544_y-13824_w-2048_h-2048).tif,Trainset,63,0.3452949523925781,Marsh-0
Trainset/Images_tif/39_HE_(d-4_x-33792_y-13824_w-2048_h-2048).tif,Trainset/Labels_tif/39_HE_(d-4_x-33792_y-13824_w-2048_h-2048).tif,Trainset,39,0.015018463134765625,Marsh-3b
Trainset/Images_tif/45_HE_(d-4_x-72192_y-12288_w-2048_h-2048).tif,Trainset/Labels_tif/45_HE_(d-4_x-72192_y-12288_w-2048_h-2048).tif,Trainset,45,0.30467987060546875,Marsh-1
Trainset/Images_tif/74_HE_(d-4_x-29184_y-3072_w-2048_h-2048).tif,Trainset/Labels_tif/74_HE_(d-4_x-29184_y-3072_w-2048_h-2048).tif,Trainset,74,0.34983062744140625,Marsh-0
Trainset/Images_tif/135_HE_(d-4_x-29184_y-43008_w-2048_h-2048).tif,Trainset/Labels_tif/135_HE_(d-4_x-29184_y-43008_w-2048_h-2048).tif,Trainset,135,0.07330703735351562,Marsh-3b
Trainset/Images_tif/62_HE_(d-4_x-26112_y-7680_w-2048_h-2048).tif,Trainset/Labels_tif/62_HE_(d-4_x-26112_y-7680_w-2048_h-2048).tif,Trainset,62,0.5072364807128906,Marsh-0
Trainset/Images_tif/82_HE_(d-4_x-41472_y-7680_w-2048_h-2048).tif,Trainset/Labels_tif/82_HE_(d-4_x-41472_y-7680_w-2048_h-2048).tif,Trainset,82,0.24753570556640625,Marsh-1
Trainset/Images_tif/85_HE_(d-4_x-30720_y-18432_w-2048_h-2048).tif,Trainset/Labels_tif/85_HE_(d-4_x-30720_y-18432_w-2048_h-2048).tif,Trainset,85,0.2119140625,Marsh-3a
Trainset/Images_tif/78_HE_(d-4_x-23040_y-24576_w-2048_h-2048).tif,Trainset/Labels_tif/78_HE_(d-4_x-23040_y-24576_w-2048_h-2048).tif,Trainset,78,0.10854721069335938,Marsh-3b
Trainset/Images_tif/70_HE_(d-4_x-9216_y-13824_w-2048_h-2048).tif,Trainset/Labels_tif/70_HE_(d-4_x-9216_y-13824_w-2048_h-2048).tif,Trainset,70,0.0,Marsh-3b
Trainset/Images_tif/55_HE_(d-4_x-12288_y-6144_w-2048_h-2048).tif,Trainset/Labels_tif/55_HE_(d-4_x-12288_y-6144_w-2048_h-2048).tif,Trainset,55,0.20994186401367188,Marsh-3a
Trainset/Images_tif/135_HE_(d-4_x-27648_y-41472_w-2048_h-2048).tif,Trainset/Labels_tif/135_HE_(d-4_x-27648_y-41472_w-2048_h-2048).tif,Trainset,135,0.03546905517578125,Marsh-3b
Trainset/Images_tif/10_HE_(d-4_x-21504_y-6144_w-2048_h-2048).tif,Trainset/Labels_tif/10_HE_(d-4_x-21504_y-6144_w-2048_h-2048).tif,Trainset,10,0.4446372985839844,Marsh-0
Trainset/Images_tif/89_HE_(d-4_x-6144_y-12288_w-2048_h-2048).tif,Trainset/Labels_tif/89_HE_(d-4_x-6144_y-12288_w-2048_h-2048).tif,Trainset,89,0.22631072998046875,Marsh-3a
Trainset/Images_tif/25_HE_(d-4_x-26112_y-13824_w-2048_h-2048).tif,Trainset/Labels_tif/25_HE_(d-4_x-26112_y-13824_w-2048_h-2048).tif,Trainset,25,0.2166900634765625,Marsh-3a
Trainset/Images_tif/111_HE_(d-4_x-43008_y-15360_w-2048_h-2048).tif,Trainset/Labels_tif/111_HE_(d-4_x-43008_y-15360_w-2048_h-2048).tif,Trainset,111,0.5121726989746094,Marsh-0
Trainset/Images_tif/77_HE_(d-4_x-33792_y-26112_w-2048_h-2048).tif,Trainset/Labels_tif/77_HE_(d-4_x-33792_y-26112_w-2048_h-2048).tif,Trainset,77,0.2477569580078125,Marsh-1
Trainset/Images_tif/132_HE_(d-4_x-26112_y-16896_w-2048_h-2048).tif,Trainset/Labels_tif/132_HE_(d-4_x-26112_y-16896_w-2048_h-2048).tif,Trainset,132,0.30704498291015625,Marsh-1
Trainset/Images_tif/80_HE_(d-4_x-15360_y-23040_w-2048_h-2048).tif,Trainset/Labels_tif/80_HE_(d-4_x-15360_y-23040_w-2048_h-2048).tif,Trainset,80,0.1530609130859375,Marsh-3a
Trainset/Images_tif/49_HE_(d-4_x-10752_y-7680_w-2048_h-2048).tif,Trainset/Labels_tif/49_HE_(d-4_x-10752_y-7680_w-2048_h-2048).tif,Trainset,49,0.3190422058105469,Marsh-1
Trainset/Images_tif/82_HE_(d-4_x-36864_y-4608_w-2048_h-2048).tif,Trainset/Labels_tif/82_HE_(d-4_x-36864_y-4608_w-2048_h-2048).tif,Trainset,82,0.3947792053222656,Marsh-0
Trainset/Images_tif/122_HE_(d-4_x-3072_y-15360_w-2048_h-2048).tif,Trainset/Labels_tif/122_HE_(d-4_x-3072_y-15360_w-2048_h-2048).tif,Trainset,122,0.08794403076171875,Marsh-3b
Trainset/Images_tif/29_HE_(d-4_x-55296_y-13824_w-2048_h-2048).tif,Trainset/Labels_tif/29_HE_(d-4_x-55296_y-13824_w-2048_h-2048).tif,Trainset,29,0.07636260986328125,Marsh-3b
Trainset/Images_tif/134_HE_(d-4_x-9216_y-29184_w-2048_h-2048).tif,Trainset/Labels_tif/134_HE_(d-4_x-9216_y-29184_w-2048_h-2048).tif,Trainset,134,0.4685325622558594,Marsh-0
Trainset/Images_tif/58_HE_(d-4_x-29184_y-16896_w-2048_h-2048).tif,Trainset/Labels_tif/58_HE_(d-4_x-29184_y-16896_w-2048_h-2048).tif,Trainset,58,0.3967742919921875,Marsh-0
Trainset/Images_tif/35_HE_(d-4_x-4608_y-9216_w-2048_h-2048).tif,Trainset/Labels_tif/35_HE_(d-4_x-4608_y-9216_w-2048_h-2048).tif,Trainset,35,0.10589981079101562,Marsh-3b
Trainset/Images_tif/133_HE_(d-4_x-7680_y-3072_w-2048_h-2048).tif,Trainset/Labels_tif/133_HE_(d-4_x-7680_y-3072_w-2048_h-2048).tif,Trainset,133,0.32842254638671875,Marsh-1
Trainset/Images_tif/89_HE_(d-4_x-9216_y-7680_w-2048_h-2048).tif,Trainset/Labels_tif/89_HE_(d-4_x-9216_y-7680_w-2048_h-2048).tif,Trainset,89,0.021465301513671875,Marsh-3b
Trainset/Images_tif/81_HE_(d-4_x-9216_y-13824_w-2048_h-2048).tif,Trainset/Labels_tif/81_HE_(d-4_x-9216_y-13824_w-2048_h-2048).tif,Trainset,81,0.5127601623535156,Marsh-0
Trainset/Images_tif/120_HE_(d-4_x-6144_y-19968_w-2048_h-2048).tif,Trainset/Labels_tif/120_HE_(d-4_x-6144_y-19968_w-2048_h-2048).tif,Trainset,120,0.23382186889648438,Marsh-1
Trainset/Images_tif/17_HE_(d-4_x-32256_y-9216_w-2048_h-2048).tif,Trainset/Labels_tif/17_HE_(d-4_x-32256_y-9216_w-2048_h-2048).tif,Trainset,17,0.4027290344238281,Marsh-0
Trainset/Images_tif/100_HE_(d-4_x-12288_y-58368_w-2048_h-2048).tif,Trainset/Labels_tif/100_HE_(d-4_x-12288_y-58368_w-2048_h-2048).tif,Trainset,100,0.23809814453125,Marsh-1
Trainset/Images_tif/32_HE_(d-4_x-53760_y-69120_w-2048_h-2048).tif,Trainset/Labels_tif/32_HE_(d-4_x-53760_y-69120_w-2048_h-2048).tif,Trainset,32,0.4118537902832031,Marsh-0
Trainset/Images_tif/65_HE_(d-4_x-23040_y-36864_w-2048_h-2048).tif,Trainset/Labels_tif/65_HE_(d-4_x-23040_y-36864_w-2048_h-2048).tif,Trainset,65,0.0,Marsh-3b
Trainset/Images_tif/27_HE_(d-4_x-27648_y-24576_w-2048_h-2048).tif,Trainset/Labels_tif/27_HE_(d-4_x-27648_y-24576_w-2048_h-2048).tif,Trainset,27,0.1953887939453125,Marsh-3a
Trainset/Images_tif/128_HE_(d-4_x-4608_y-24576_w-2048_h-2048).tif,Trainset/Labels_tif/128_HE_(d-4_x-4608_y-24576_w-2048_h-2048).tif,Trainset,128,0.1522674560546875,Marsh-3a
Trainset/Images_tif/32_HE_(d-4_x-72192_y-49152_w-2048_h-2048).tif,Trainset/Labels_tif/32_HE_(d-4_x-72192_y-49152_w-2048_h-2048).tif,Trainset,32,0.09070587158203125,Marsh-3b
Trainset/Images_tif/12_HE_(d-4_x-9216_y-10752_w-2048_h-2048).tif,Trainset/Labels_tif/12_HE_(d-4_x-9216_y-10752_w-2048_h-2048).tif,Trainset,12,0.3652534484863281,Marsh-0
Trainset/Images_tif/36_HE_(d-4_x-19968_y-12288_w-2048_h-2048).tif,Trainset/Labels_tif/36_HE_(d-4_x-19968_y-12288_w-2048_h-2048).tif,Trainset,36,0.19534683227539062,Marsh-3a
Trainset/Images_tif/102_HE_(d-4_x-9216_y-39936_w-2048_h-2048).tif,Trainset/Labels_tif/102_HE_(d-4_x-9216_y-39936_w-2048_h-2048).tif,Trainset,102,0.24835586547851562,Marsh-1
Trainset/Images_tif/35_HE_(d-4_x-18432_y-6144_w-2048_h-2048).tif,Trainset/Labels_tif/35_HE_(d-4_x-18432_y-6144_w-2048_h-2048).tif,Trainset,35,0.30560302734375,Marsh-1
Trainset/Images_tif/59_HE_(d-4_x-33792_y-46080_w-2048_h-2048).tif,Trainset/Labels_tif/59_HE_(d-4_x-33792_y-46080_w-2048_h-2048).tif,Trainset,59,0.0,Marsh-3b
Trainset/Images_tif/17_HE_(d-4_x-32256_y-4608_w-2048_h-2048).tif,Trainset/Labels_tif/17_HE_(d-4_x-32256_y-4608_w-2048_h-2048).tif,Trainset,17,0.01102447509765625,Marsh-3b
Trainset/Images_tif/42_HE_(d-4_x-7680_y-7680_w-2048_h-2048).tif,Trainset/Labels_tif/42_HE_(d-4_x-7680_y-7680_w-2048_h-2048).tif,Trainset,42,0.025074005126953125,Marsh-3b
Trainset/Images_tif/72_HE_(d-4_x-79872_y-52224_w-2048_h-2048).tif,Trainset/Labels_tif/72_HE_(d-4_x-79872_y-52224_w-2048_h-2048).tif,Trainset,72,0.2600669860839844,Marsh-1
Trainset/Images_tif/36_HE_(d-4_x-13824_y-26112_w-2048_h-2048).tif,Trainset/Labels_tif/36_HE_(d-4_x-13824_y-26112_w-2048_h-2048).tif,Trainset,36,0.150634765625,Marsh-3a
Trainset/Images_tif/78_HE_(d-4_x-15360_y-12288_w-2048_h-2048).tif,Trainset/Labels_tif/78_HE_(d-4_x-15360_y-12288_w-2048_h-2048).tif,Trainset,78,0.169525146484375,Marsh-3a
Trainset/Images_tif/111_HE_(d-4_x-36864_y-12288_w-2048_h-2048).tif,Trainset/Labels_tif/111_HE_(d-4_x-36864_y-12288_w-2048_h-2048).tif,Trainset,111,0.38324737548828125,Marsh-0
Trainset/Images_tif/112_HE_(d-4_x-27648_y-7680_w-2048_h-2048).tif,Trainset/Labels_tif/112_HE_(d-4_x-27648_y-7680_w-2048_h-2048).tif,Trainset,112,0.13701629638671875,Marsh-3a
Trainset/Images_tif/102_HE_(d-4_x-15360_y-10752_w-2048_h-2048).tif,Trainset/Labels_tif/102_HE_(d-4_x-15360_y-10752_w-2048_h-2048).tif,Trainset,102,0.4689903259277344,Marsh-0
Trainset/Images_tif/101_HE_(d-4_x-7680_y-10752_w-2048_h-2048).tif,Trainset/Labels_tif/101_HE_(d-4_x-7680_y-10752_w-2048_h-2048).tif,Trainset,101,0.24596405029296875,Marsh-1
Trainset/Images_tif/126_HE_(d-4_x-10752_y-7680_w-2048_h-2048).tif,Trainset/Labels_tif/126_HE_(d-4_x-10752_y-7680_w-2048_h-2048).tif,Trainset,126,0.6482200622558594,Marsh-0
Trainset/Images_tif/19_HE_(d-4_x-10752_y-33792_w-2048_h-2048).tif,Trainset/Labels_tif/19_HE_(d-4_x-10752_y-33792_w-2048_h-2048).tif,Trainset,19,0.4007453918457031,Marsh-0
Trainset/Images_tif/111_HE_(d-4_x-13824_y-12288_w-2048_h-2048).tif,Trainset/Labels_tif/111_HE_(d-4_x-13824_y-12288_w-2048_h-2048).tif,Trainset,111,0.3899040222167969,Marsh-0
Trainset/Images_tif/106_HE_(d-4_x-6144_y-46080_w-2048_h-2048).tif,Trainset/Labels_tif/106_HE_(d-4_x-6144_y-46080_w-2048_h-2048).tif,Trainset,106,0.21399307250976562,Marsh-3a
Trainset/Images_tif/73_HE_(d-4_x-12288_y-13824_w-2048_h-2048).tif,Trainset/Labels_tif/73_HE_(d-4_x-12288_y-13824_w-2048_h-2048).tif,Trainset,73,0.10187911987304688,Marsh-3b
Trainset/Images_tif/73_HE_(d-4_x-6144_y-16896_w-2048_h-2048).tif,Trainset/Labels_tif/73_HE_(d-4_x-6144_y-16896_w-2048_h-2048).tif,Trainset,73,0.16163253784179688,Marsh-3a
Trainset/Images_tif/25_HE_(d-4_x-15360_y-15360_w-2048_h-2048).tif,Trainset/Labels_tif/25_HE_(d-4_x-15360_y-15360_w-2048_h-2048).tif,Trainset,25,0.3059501647949219,Marsh-1
Trainset/Images_tif/112_HE_(d-4_x-26112_y-4608_w-2048_h-2048).tif,Trainset/Labels_tif/112_HE_(d-4_x-26112_y-4608_w-2048_h-2048).tif,Trainset,112,0.00753021240234375,Marsh-3b
Trainset/Images_tif/135_HE_(d-4_x-7680_y-38400_w-2048_h-2048).tif,Trainset/Labels_tif/135_HE_(d-4_x-7680_y-38400_w-2048_h-2048).tif,Trainset,135,0.3551788330078125,Marsh-0
Trainset/Images_tif/142_HE_(d-4_x-7680_y-12288_w-2048_h-2048).tif,Trainset/Labels_tif/142_HE_(d-4_x-7680_y-12288_w-2048_h-2048).tif,Trainset,142,0.3335838317871094,Marsh-1
Trainset/Images_tif/133_HE_(d-4_x-4608_y-3072_w-2048_h-2048).tif,Trainset/Labels_tif/133_HE_(d-4_x-4608_y-3072_w-2048_h-2048).tif,Trainset,133,0.2711906433105469,Marsh-1
Trainset/Images_tif/39_HE_(d-4_x-27648_y-10752_w-2048_h-2048).tif,Trainset/Labels_tif/39_HE_(d-4_x-27648_y-10752_w-2048_h-2048).tif,Trainset,39,0.0,Marsh-3b
Trainset/Images_tif/48_HE_(d-4_x-4608_y-7680_w-2048_h-2048).tif,Trainset/Labels_tif/48_HE_(d-4_x-4608_y-7680_w-2048_h-2048).tif,Trainset,48,0.17602157592773438,Marsh-3a
Trainset/Images_tif/40_HE_(d-4_x-6144_y-10752_w-2048_h-2048).tif,Trainset/Labels_tif/40_HE_(d-4_x-6144_y-10752_w-2048_h-2048).tif,Trainset,40,0.2696571350097656,Marsh-1
Trainset/Images_tif/80_HE_(d-4_x-15360_y-30720_w-2048_h-2048).tif,Trainset/Labels_tif/80_HE_(d-4_x-15360_y-30720_w-2048_h-2048).tif,Trainset,80,0.08469390869140625,Marsh-3b
Trainset/Images_tif/94_HE_(d-4_x-16896_y-43008_w-2048_h-2048).tif,Trainset/Labels_tif/94_HE_(d-4_x-16896_y-43008_w-2048_h-2048).tif,Trainset,94,0.07859420776367188,Marsh-3b
Trainset/Images_tif/29_HE_(d-4_x-58368_y-15360_w-2048_h-2048).tif,Trainset/Labels_tif/29_HE_(d-4_x-58368_y-15360_w-2048_h-2048).tif,Trainset,29,0.21047210693359375,Marsh-3a
Trainset/Images_tif/48_HE_(d-4_x-24576_y-6144_w-2048_h-2048).tif,Trainset/Labels_tif/48_HE_(d-4_x-24576_y-6144_w-2048_h-2048).tif,Trainset,48,0.09972763061523438,Marsh-3b
Trainset/Images_tif/45_HE_(d-4_x-72192_y-13824_w-2048_h-2048).tif,Trainset/Labels_tif/45_HE_(d-4_x-72192_y-13824_w-2048_h-2048).tif,Trainset,45,0.0874786376953125,Marsh-3b
Trainset/Images_tif/74_HE_(d-4_x-3072_y-6144_w-2048_h-2048).tif,Trainset/Labels_tif/74_HE_(d-4_x-3072_y-6144_w-2048_h-2048).tif,Trainset,74,0.15453338623046875,Marsh-3a
Trainset/Images_tif/79_HE_(d-4_x-7680_y-10752_w-2048_h-2048).tif,Trainset/Labels_tif/79_HE_(d-4_x-7680_y-10752_w-2048_h-2048).tif,Trainset,79,0.3737525939941406,Marsh-0
Trainset/Images_tif/76_HE_(d-4_x-38400_y-24576_w-2048_h-2048).tif,Trainset/Labels_tif/76_HE_(d-4_x-38400_y-24576_w-2048_h-2048).tif,Trainset,76,0.28282928466796875,Marsh-1
Trainset/Images_tif/38_HE_(d-4_x-39936_y-19968_w-2048_h-2048).tif,Trainset/Labels_tif/38_HE_(d-4_x-39936_y-19968_w-2048_h-2048).tif,Trainset,38,0.19778060913085938,Marsh-3a
Trainset/Images_tif/106_HE_(d-4_x-38400_y-46080_w-2048_h-2048).tif,Trainset/Labels_tif/106_HE_(d-4_x-38400_y-46080_w-2048_h-2048).tif,Trainset,106,0.22892379760742188,Marsh-3a
Trainset/Images_tif/60_HE_(d-4_x-10752_y-7680_w-2048_h-2048).tif,Trainset/Labels_tif/60_HE_(d-4_x-10752_y-7680_w-2048_h-2048).tif,Trainset,60,0.23052597045898438,Marsh-3a
Trainset/Images_tif/19_HE_(d-4_x-12288_y-29184_w-2048_h-2048).tif,Trainset/Labels_tif/19_HE_(d-4_x-12288_y-29184_w-2048_h-2048).tif,Trainset,19,0.24100494384765625,Marsh-1
Trainset/Images_tif/32_HE_(d-4_x-55296_y-66048_w-2048_h-2048).tif,Trainset/Labels_tif/32_HE_(d-4_x-55296_y-66048_w-2048_h-2048).tif,Trainset,32,0.0,Marsh-3b
Trainset/Images_tif/8_HE_(d-4_x-36864_y-30720_w-2048_h-2048).tif,Trainset/Labels_tif/8_HE_(d-4_x-36864_y-30720_w-2048_h-2048).tif,Trainset,8,0.2639350891113281,Marsh-1
Trainset/Images_tif/124_HE_(d-4_x-38400_y-18432_w-2048_h-2048).tif,Trainset/Labels_tif/124_HE_(d-4_x-38400_y-18432_w-2048_h-2048).tif,Trainset,124,0.29038238525390625,Marsh-1
Trainset/Images_tif/101_HE_(d-4_x-10752_y-6144_w-2048_h-2048).tif,Trainset/Labels_tif/101_HE_(d-4_x-10752_y-6144_w-2048_h-2048).tif,Trainset,101,0.4118804931640625,Marsh-0
Trainset/Images_tif/72_HE_(d-4_x-110592_y-52224_w-2048_h-2048).tif,Trainset/Labels_tif/72_HE_(d-4_x-110592_y-52224_w-2048_h-2048).tif,Trainset,72,0.23755264282226562,Marsh-1
Trainset/Images_tif/132_HE_(d-4_x-30720_y-18432_w-2048_h-2048).tif,Trainset/Labels_tif/132_HE_(d-4_x-30720_y-18432_w-2048_h-2048).tif,Trainset,132,0.06851577758789062,Marsh-3b
Trainset/Images_tif/12_HE_(d-4_x-35328_y-7680_w-2048_h-2048).tif,Trainset/Labels_tif/12_HE_(d-4_x-35328_y-7680_w-2048_h-2048).tif,Trainset,12,0.4198265075683594,Marsh-0
Trainset/Images_tif/142_HE_(d-4_x-10752_y-6144_w-2048_h-2048).tif,Trainset/Labels_tif/142_HE_(d-4_x-10752_y-6144_w-2048_h-2048).tif,Trainset,142,0.229583740234375,Marsh-3a
Trainset/Images_tif/142_HE_(d-4_x-55296_y-6144_w-2048_h-2048).tif,Trainset/Labels_tif/142_HE_(d-4_x-55296_y-6144_w-2048_h-2048).tif,Trainset,142,0.0875396728515625,Marsh-3b
Trainset/Images_tif/120_HE_(d-4_x-7680_y-23040_w-2048_h-2048).tif,Trainset/Labels_tif/120_HE_(d-4_x-7680_y-23040_w-2048_h-2048).tif,Trainset,120,0.5426292419433594,Marsh-0
Trainset/Images_tif/86_HE_(d-4_x-24576_y-12288_w-2048_h-2048).tif,Trainset/Labels_tif/86_HE_(d-4_x-24576_y-12288_w-2048_h-2048).tif,Trainset,86,0.3933143615722656,Marsh-0
Trainset/Images_tif/132_HE_(d-4_x-9216_y-12288_w-2048_h-2048).tif,Trainset/Labels_tif/132_HE_(d-4_x-9216_y-12288_w-2048_h-2048).tif,Trainset,132,0.3740882873535156,Marsh-0
Trainset/Images_tif/106_HE_(d-4_x-32256_y-47616_w-2048_h-2048).tif,Trainset/Labels_tif/106_HE_(d-4_x-32256_y-47616_w-2048_h-2048).tif,Trainset,106,0.115386962890625,Marsh-3b
Trainset/Images_tif/87_HE_(d-4_x-9216_y-9216_w-2048_h-2048).tif,Trainset/Labels_tif/87_HE_(d-4_x-9216_y-9216_w-2048_h-2048).tif,Trainset,87,0.11602020263671875,Marsh-3b
Trainset/Images_tif/132_HE_(d-4_x-26112_y-15360_w-2048_h-2048).tif,Trainset/Labels_tif/132_HE_(d-4_x-26112_y-15360_w-2048_h-2048).tif,Trainset,132,0.4365043640136719,Marsh-0
Trainset/Images_tif/78_HE_(d-4_x-35328_y-18432_w-2048_h-2048).tif,Trainset/Labels_tif/78_HE_(d-4_x-35328_y-18432_w-2048_h-2048).tif,Trainset,78,0.217498779296875,Marsh-3a
Trainset/Images_tif/36_HE_(d-4_x-16896_y-9216_w-2048_h-2048).tif,Trainset/Labels_tif/36_HE_(d-4_x-16896_y-9216_w-2048_h-2048).tif,Trainset,36,0.3374481201171875,Marsh-1
Trainset/Images_tif/8_HE_(d-4_x-16896_y-15360_w-2048_h-2048).tif,Trainset/Labels_tif/8_HE_(d-4_x-16896_y-15360_w-2048_h-2048).tif,Trainset,8,0.025310516357421875,Marsh-3b
Trainset/Images_tif/102_HE_(d-4_x-24576_y-36864_w-2048_h-2048).tif,Trainset/Labels_tif/102_HE_(d-4_x-24576_y-36864_w-2048_h-2048).tif,Trainset,102,0.18130111694335938,Marsh-3a
Trainset/Images_tif/135_HE_(d-4_x-9216_y-44544_w-2048_h-2048).tif,Trainset/Labels_tif/135_HE_(d-4_x-9216_y-44544_w-2048_h-2048).tif,Trainset,135,0.3564414978027344,Marsh-0
Trainset/Images_tif/124_HE_(d-4_x-6144_y-16896_w-2048_h-2048).tif,Trainset/Labels_tif/124_HE_(d-4_x-6144_y-16896_w-2048_h-2048).tif,Trainset,124,0.20943832397460938,Marsh-3a
Trainset/Images_tif/116_HE_(d-4_x-10752_y-10752_w-2048_h-2048).tif,Trainset/Labels_tif/116_HE_(d-4_x-10752_y-10752_w-2048_h-2048).tif,Trainset,116,0.5104560852050781,Marsh-0
Trainset/Images_tif/111_HE_(d-4_x-7680_y-15360_w-2048_h-2048).tif,Trainset/Labels_tif/111_HE_(d-4_x-7680_y-15360_w-2048_h-2048).tif,Trainset,111,0.13501739501953125,Marsh-3a
Trainset/Images_tif/62_HE_(d-4_x-29184_y-9216_w-2048_h-2048).tif,Trainset/Labels_tif/62_HE_(d-4_x-29184_y-9216_w-2048_h-2048).tif,Trainset,62,0.3420066833496094,Marsh-0
Trainset/Images_tif/59_HE_(d-4_x-35328_y-46080_w-2048_h-2048).tif,Trainset/Labels_tif/59_HE_(d-4_x-35328_y-46080_w-2048_h-2048).tif,Trainset,59,0.2693977355957031,Marsh-1
Trainset/Images_tif/67_HE_(d-4_x-49152_y-15360_w-2048_h-2048).tif,Trainset/Labels_tif/67_HE_(d-4_x-49152_y-15360_w-2048_h-2048).tif,Trainset,67,0.4413871765136719,Marsh-0
Trainset/Images_tif/94_HE_(d-4_x-4608_y-47616_w-2048_h-2048).tif,Trainset/Labels_tif/94_HE_(d-4_x-4608_y-47616_w-2048_h-2048).tif,Trainset,94,0.15652084350585938,Marsh-3a
Trainset/Images_tif/38_HE_(d-4_x-6144_y-26112_w-2048_h-2048).tif,Trainset/Labels_tif/38_HE_(d-4_x-6144_y-26112_w-2048_h-2048).tif,Trainset,38,0.4792366027832031,Marsh-0
Trainset/Images_tif/12_HE_(d-4_x-13824_y-4608_w-2048_h-2048).tif,Trainset/Labels_tif/12_HE_(d-4_x-13824_y-4608_w-2048_h-2048).tif,Trainset,12,0.4175376892089844,Marsh-0
Trainset/Images_tif/36_HE_(d-4_x-21504_y-4608_w-2048_h-2048).tif,Trainset/Labels_tif/36_HE_(d-4_x-21504_y-4608_w-2048_h-2048).tif,Trainset,36,0.25299072265625,Marsh-1
Trainset/Images_tif/82_HE_(d-4_x-12288_y-10752_w-2048_h-2048).tif,Trainset/Labels_tif/82_HE_(d-4_x-12288_y-10752_w-2048_h-2048).tif,Trainset,82,0.008235931396484375,Marsh-3b
Trainset/Images_tif/31_HE_(d-4_x-21504_y-56832_w-2048_h-2048).tif,Trainset/Labels_tif/31_HE_(d-4_x-21504_y-56832_w-2048_h-2048).tif,Trainset,31,0.3430328369140625,Marsh-0
Trainset/Images_tif/100_HE_(d-4_x-16896_y-55296_w-2048_h-2048).tif,Trainset/Labels_tif/100_HE_(d-4_x-16896_y-55296_w-2048_h-2048).tif,Trainset,100,0.3395652770996094,Marsh-1
Trainset/Images_tif/102_HE_(d-4_x-16896_y-15360_w-2048_h-2048).tif,Trainset/Labels_tif/102_HE_(d-4_x-16896_y-15360_w-2048_h-2048).tif,Trainset,102,0.4954414367675781,Marsh-0
Trainset/Images_tif/54_HE_(d-4_x-4608_y-10752_w-2048_h-2048).tif,Trainset/Labels_tif/54_HE_(d-4_x-4608_y-10752_w-2048_h-2048).tif,Trainset,54,0.39456939697265625,Marsh-0
Trainset/Images_tif/13_HE_(d-4_x-4608_y-6144_w-2048_h-2048).tif,Trainset/Labels_tif/13_HE_(d-4_x-4608_y-6144_w-2048_h-2048).tif,Trainset,13,0.3532981872558594,Marsh-0
Trainset/Images_tif/121_HE_(d-4_x-6144_y-6144_w-2048_h-2048).tif,Trainset/Labels_tif/121_HE_(d-4_x-6144_y-6144_w-2048_h-2048).tif,Trainset,121,0.4114646911621094,Marsh-0
Trainset/Images_tif/111_HE_(d-4_x-6144_y-18432_w-2048_h-2048).tif,Trainset/Labels_tif/111_HE_(d-4_x-6144_y-18432_w-2048_h-2048).tif,Trainset,111,0.3720054626464844,Marsh-0
Trainset/Images_tif/54_HE_(d-4_x-6144_y-10752_w-2048_h-2048).tif,Trainset/Labels_tif/54_HE_(d-4_x-6144_y-10752_w-2048_h-2048).tif,Trainset,54,0.15777206420898438,Marsh-3a
Trainset/Images_tif/27_HE_(d-4_x-10752_y-27648_w-2048_h-2048).tif,Trainset/Labels_tif/27_HE_(d-4_x-10752_y-27648_w-2048_h-2048).tif,Trainset,27,0.34143829345703125,Marsh-0
Trainset/Images_tif/85_HE_(d-4_x-9216_y-12288_w-2048_h-2048).tif,Trainset/Labels_tif/85_HE_(d-4_x-9216_y-12288_w-2048_h-2048).tif,Trainset,85,0.060871124267578125,Marsh-3b
Trainset/Images_tif/104_HE_(d-4_x-16896_y-12288_w-2048_h-2048).tif,Trainset/Labels_tif/104_HE_(d-4_x-16896_y-12288_w-2048_h-2048).tif,Trainset,104,0.1972198486328125,Marsh-3a
Trainset/Images_tif/82_HE_(d-4_x-13824_y-9216_w-2048_h-2048).tif,Trainset/Labels_tif/82_HE_(d-4_x-13824_y-9216_w-2048_h-2048).tif,Trainset,82,0.008464813232421875,Marsh-3b
Trainset/Images_tif/51_HE_(d-4_x-3072_y-7680_w-2048_h-2048).tif,Trainset/Labels_tif/51_HE_(d-4_x-3072_y-7680_w-2048_h-2048).tif,Trainset,51,0.14745330810546875,Marsh-3a
Trainset/Images_tif/26_HE_(d-4_x-9216_y-7680_w-2048_h-2048).tif,Trainset/Labels_tif/26_HE_(d-4_x-9216_y-7680_w-2048_h-2048).tif,Trainset,26,0.06407928466796875,Marsh-3b
Trainset/Images_tif/87_HE_(d-4_x-30720_y-10752_w-2048_h-2048).tif,Trainset/Labels_tif/87_HE_(d-4_x-30720_y-10752_w-2048_h-2048).tif,Trainset,87,0.39777374267578125,Marsh-0
Trainset/Images_tif/94_HE_(d-4_x-21504_y-47616_w-2048_h-2048).tif,Trainset/Labels_tif/94_HE_(d-4_x-21504_y-47616_w-2048_h-2048).tif,Trainset,94,0.29671478271484375,Marsh-1
Trainset/Images_tif/12_HE_(d-4_x-13824_y-7680_w-2048_h-2048).tif,Trainset/Labels_tif/12_HE_(d-4_x-13824_y-7680_w-2048_h-2048).tif,Trainset,12,0.1204071044921875,Marsh-3b
Trainset/Images_tif/56_HE_(d-4_x-7680_y-62976_w-2048_h-2048).tif,Trainset/Labels_tif/56_HE_(d-4_x-7680_y-62976_w-2048_h-2048).tif,Trainset,56,0.20538330078125,Marsh-3a
Trainset/Images_tif/74_HE_(d-4_x-9216_y-7680_w-2048_h-2048).tif,Trainset/Labels_tif/74_HE_(d-4_x-9216_y-7680_w-2048_h-2048).tif,Trainset,74,0.17314529418945312,Marsh-3a
Trainset/Images_tif/120_HE_(d-4_x-7680_y-18432_w-2048_h-2048).tif,Trainset/Labels_tif/120_HE_(d-4_x-7680_y-18432_w-2048_h-2048).tif,Trainset,120,0.35509490966796875,Marsh-0
Trainset/Images_tif/84_HE_(d-4_x-16896_y-19968_w-2048_h-2048).tif,Trainset/Labels_tif/84_HE_(d-4_x-16896_y-19968_w-2048_h-2048).tif,Trainset,84,0.288818359375,Marsh-1
Trainset/Images_tif/52_HE_(d-4_x-3072_y-9216_w-2048_h-2048).tif,Trainset/Labels_tif/52_HE_(d-4_x-3072_y-9216_w-2048_h-2048).tif,Trainset,52,0.2534751892089844,Marsh-1
Trainset/Images_tif/113_HE_(d-4_x-18432_y-4608_w-2048_h-2048).tif,Trainset/Labels_tif/113_HE_(d-4_x-18432_y-4608_w-2048_h-2048).tif,Trainset,113,0.12769699096679688,Marsh-3b
Trainset/Images_tif/82_HE_(d-4_x-32256_y-4608_w-2048_h-2048).tif,Trainset/Labels_tif/82_HE_(d-4_x-32256_y-4608_w-2048_h-2048).tif,Trainset,82,0.19016265869140625,Marsh-3a
Trainset/Images_tif/31_HE_(d-4_x-30720_y-55296_w-2048_h-2048).tif,Trainset/Labels_tif/31_HE_(d-4_x-30720_y-55296_w-2048_h-2048).tif,Trainset,31,0.10171890258789062,Marsh-3b
Trainset/Images_tif/1_HE_(d-4_x-19968_y-4608_w-2048_h-2048).tif,Trainset/Labels_tif/1_HE_(d-4_x-19968_y-4608_w-2048_h-2048).tif,Trainset,1,0.501190185546875,Marsh-0
Trainset/Images_tif/124_HE_(d-4_x-33792_y-16896_w-2048_h-2048).tif,Trainset/Labels_tif/124_HE_(d-4_x-33792_y-16896_w-2048_h-2048).tif,Trainset,124,0.059421539306640625,Marsh-3b
Trainset/Images_tif/63_HE_(d-4_x-7680_y-9216_w-2048_h-2048).tif,Trainset/Labels_tif/63_HE_(d-4_x-7680_y-9216_w-2048_h-2048).tif,Trainset,63,0.30141448974609375,Marsh-1
Trainset/Images_tif/80_HE_(d-4_x-23040_y-21504_w-2048_h-2048).tif,Trainset/Labels_tif/80_HE_(d-4_x-23040_y-21504_w-2048_h-2048).tif,Trainset,80,0.23646926879882812,Marsh-1
Trainset/Images_tif/111_HE_(d-4_x-61440_y-29184_w-2048_h-2048).tif,Trainset/Labels_tif/111_HE_(d-4_x-61440_y-29184_w-2048_h-2048).tif,Trainset,111,0.48459625244140625,Marsh-0
Trainset/Images_tif/67_HE_(d-4_x-9216_y-7680_w-2048_h-2048).tif,Trainset/Labels_tif/67_HE_(d-4_x-9216_y-7680_w-2048_h-2048).tif,Trainset,67,0.342864990234375,Marsh-0
Trainset/Images_tif/87_HE_(d-4_x-26112_y-13824_w-2048_h-2048).tif,Trainset/Labels_tif/87_HE_(d-4_x-26112_y-13824_w-2048_h-2048).tif,Trainset,87,0.15201187133789062,Marsh-3a
Trainset/Images_tif/56_HE_(d-4_x-30720_y-53760_w-2048_h-2048).tif,Trainset/Labels_tif/56_HE_(d-4_x-30720_y-53760_w-2048_h-2048).tif,Trainset,56,0.4013938903808594,Marsh-0
Trainset/Images_tif/114_HE_(d-4_x-3072_y-19968_w-2048_h-2048).tif,Trainset/Labels_tif/114_HE_(d-4_x-3072_y-19968_w-2048_h-2048).tif,Trainset,114,0.5124626159667969,Marsh-0
Trainset/Images_tif/111_HE_(d-4_x-12288_y-7680_w-2048_h-2048).tif,Trainset/Labels_tif/111_HE_(d-4_x-12288_y-7680_w-2048_h-2048).tif,Trainset,111,0.21576690673828125,Marsh-3a
Trainset/Images_tif/38_HE_(d-4_x-38400_y-24576_w-2048_h-2048).tif,Trainset/Labels_tif/38_HE_(d-4_x-38400_y-24576_w-2048_h-2048).tif,Trainset,38,0.46918487548828125,Marsh-0
Trainset/Images_tif/63_HE_(d-4_x-43008_y-19968_w-2048_h-2048).tif,Trainset/Labels_tif/63_HE_(d-4_x-43008_y-19968_w-2048_h-2048).tif,Trainset,63,0.16034317016601562,Marsh-3a
Trainset/Images_tif/100_HE_(d-4_x-16896_y-58368_w-2048_h-2048).tif,Trainset/Labels_tif/100_HE_(d-4_x-16896_y-58368_w-2048_h-2048).tif,Trainset,100,0.20441055297851562,Marsh-3a
Trainset/Images_tif/111_HE_(d-4_x-56832_y-32256_w-2048_h-2048).tif,Trainset/Labels_tif/111_HE_(d-4_x-56832_y-32256_w-2048_h-2048).tif,Trainset,111,0.16121292114257812,Marsh-3a
Trainset/Images_tif/10_HE_(d-4_x-3072_y-7680_w-2048_h-2048).tif,Trainset/Labels_tif/10_HE_(d-4_x-3072_y-7680_w-2048_h-2048).tif,Trainset,10,0.0,Marsh-3b
Trainset/Images_tif/132_HE_(d-4_x-24576_y-9216_w-2048_h-2048).tif,Trainset/Labels_tif/132_HE_(d-4_x-24576_y-9216_w-2048_h-2048).tif,Trainset,132,0.2256317138671875,Marsh-3a
Trainset/Images_tif/91_HE_(d-4_x-30720_y-18432_w-2048_h-2048).tif,Trainset/Labels_tif/91_HE_(d-4_x-30720_y-18432_w-2048_h-2048).tif,Trainset,91,0.2774772644042969,Marsh-1
Trainset/Images_tif/55_HE_(d-4_x-10752_y-4608_w-2048_h-2048).tif,Trainset/Labels_tif/55_HE_(d-4_x-10752_y-4608_w-2048_h-2048).tif,Trainset,55,0.20134353637695312,Marsh-3a
Trainset/Images_tif/120_HE_(d-4_x-18432_y-26112_w-2048_h-2048).tif,Trainset/Labels_tif/120_HE_(d-4_x-18432_y-26112_w-2048_h-2048).tif,Trainset,120,0.3622894287109375,Marsh-0
Trainset/Images_tif/29_HE_(d-4_x-61440_y-18432_w-2048_h-2048).tif,Trainset/Labels_tif/29_HE_(d-4_x-61440_y-18432_w-2048_h-2048).tif,Trainset,29,0.3955497741699219,Marsh-0
Trainset/Images_tif/128_HE_(d-4_x-7680_y-6144_w-2048_h-2048).tif,Trainset/Labels_tif/128_HE_(d-4_x-7680_y-6144_w-2048_h-2048).tif,Trainset,128,0.2306365966796875,Marsh-3a
Trainset/Images_tif/87_HE_(d-4_x-7680_y-12288_w-2048_h-2048).tif,Trainset/Labels_tif/87_HE_(d-4_x-7680_y-12288_w-2048_h-2048).tif,Trainset,87,0.08457565307617188,Marsh-3b
Trainset/Images_tif/114_HE_(d-4_x-33792_y-18432_w-2048_h-2048).tif,Trainset/Labels_tif/114_HE_(d-4_x-33792_y-18432_w-2048_h-2048).tif,Trainset,114,0.21883010864257812,Marsh-3a
Trainset/Images_tif/122_HE_(d-4_x-9216_y-18432_w-2048_h-2048).tif,Trainset/Labels_tif/122_HE_(d-4_x-9216_y-18432_w-2048_h-2048).tif,Trainset,122,0.14459991455078125,Marsh-3a
Trainset/Images_tif/102_HE_(d-4_x-16896_y-16896_w-2048_h-2048).tif,Trainset/Labels_tif/102_HE_(d-4_x-16896_y-16896_w-2048_h-2048).tif,Trainset,102,0.4262886047363281,Marsh-0
Trainset/Images_tif/111_HE_(d-4_x-61440_y-26112_w-2048_h-2048).tif,Trainset/Labels_tif/111_HE_(d-4_x-61440_y-26112_w-2048_h-2048).tif,Trainset,111,0.3614768981933594,Marsh-0
Trainset/Images_tif/48_HE_(d-4_x-21504_y-6144_w-2048_h-2048).tif,Trainset/Labels_tif/48_HE_(d-4_x-21504_y-6144_w-2048_h-2048).tif,Trainset,48,0.3305625915527344,Marsh-1
Trainset/Images_tif/138_HE_(d-4_x-7680_y-6144_w-2048_h-2048).tif,Trainset/Labels_tif/138_HE_(d-4_x-7680_y-6144_w-2048_h-2048).tif,Trainset,138,0.02808380126953125,Marsh-3b
Trainset/Images_tif/8_HE_(d-4_x-18432_y-9216_w-2048_h-2048).tif,Trainset/Labels_tif/8_HE_(d-4_x-18432_y-9216_w-2048_h-2048).tif,Trainset,8,0.3695411682128906,Marsh-0
Trainset/Images_tif/87_HE_(d-4_x-32256_y-16896_w-2048_h-2048).tif,Trainset/Labels_tif/87_HE_(d-4_x-32256_y-16896_w-2048_h-2048).tif,Trainset,87,0.21059417724609375,Marsh-3a
Trainset/Images_tif/48_HE_(d-4_x-7680_y-10752_w-2048_h-2048).tif,Trainset/Labels_tif/48_HE_(d-4_x-7680_y-10752_w-2048_h-2048).tif,Trainset,48,0.268280029296875,Marsh-1
Trainset/Images_tif/97_HE_(d-4_x-9216_y-9216_w-2048_h-2048).tif,Trainset/Labels_tif/97_HE_(d-4_x-9216_y-9216_w-2048_h-2048).tif,Trainset,97,0.03424835205078125,Marsh-3b
Trainset/Images_tif/18_HE_(d-4_x-7680_y-7680_w-2048_h-2048).tif,Trainset/Labels_tif/18_HE_(d-4_x-7680_y-7680_w-2048_h-2048).tif,Trainset,18,0.408172607421875,Marsh-0
Trainset/Images_tif/81_HE_(d-4_x-12288_y-12288_w-2048_h-2048).tif,Trainset/Labels_tif/81_HE_(d-4_x-12288_y-12288_w-2048_h-2048).tif,Trainset,81,0.19221878051757812,Marsh-3a
Trainset/Images_tif/53_HE_(d-4_x-15360_y-4608_w-2048_h-2048).tif,Trainset/Labels_tif/53_HE_(d-4_x-15360_y-4608_w-2048_h-2048).tif,Trainset,53,0.38906097412109375,Marsh-0
Trainset/Images_tif/132_HE_(d-4_x-4608_y-12288_w-2048_h-2048).tif,Trainset/Labels_tif/132_HE_(d-4_x-4608_y-12288_w-2048_h-2048).tif,Trainset,132,0.2778739929199219,Marsh-1
Trainset/Images_tif/21_HE_(d-4_x-4608_y-33792_w-2048_h-2048).tif,Trainset/Labels_tif/21_HE_(d-4_x-4608_y-33792_w-2048_h-2048).tif,Trainset,21,0.23786544799804688,Marsh-1
Trainset/Images_tif/31_HE_(d-4_x-16896_y-53760_w-2048_h-2048).tif,Trainset/Labels_tif/31_HE_(d-4_x-16896_y-53760_w-2048_h-2048).tif,Trainset,31,0.3485298156738281,Marsh-0
Trainset/Images_tif/8_HE_(d-4_x-9216_y-13824_w-2048_h-2048).tif,Trainset/Labels_tif/8_HE_(d-4_x-9216_y-13824_w-2048_h-2048).tif,Trainset,8,0.0355682373046875,Marsh-3b
Trainset/Images_tif/142_HE_(d-4_x-47616_y-10752_w-2048_h-2048).tif,Trainset/Labels_tif/142_HE_(d-4_x-47616_y-10752_w-2048_h-2048).tif,Trainset,142,0.13494491577148438,Marsh-3b
Trainset/Images_tif/2_HE_(d-4_x-35328_y-46080_w-2048_h-2048).tif,Trainset/Labels_tif/2_HE_(d-4_x-35328_y-46080_w-2048_h-2048).tif,Trainset,2,0.249542236328125,Marsh-1
Trainset/Images_tif/12_HE_(d-4_x-10752_y-10752_w-2048_h-2048).tif,Trainset/Labels_tif/12_HE_(d-4_x-10752_y-10752_w-2048_h-2048).tif,Trainset,12,0.3410758972167969,Marsh-0
Trainset/Images_tif/78_HE_(d-4_x-30720_y-19968_w-2048_h-2048).tif,Trainset/Labels_tif/78_HE_(d-4_x-30720_y-19968_w-2048_h-2048).tif,Trainset,78,0.22722625732421875,Marsh-3a
Trainset/Images_tif/102_HE_(d-4_x-13824_y-7680_w-2048_h-2048).tif,Trainset/Labels_tif/102_HE_(d-4_x-13824_y-7680_w-2048_h-2048).tif,Trainset,102,0.4064178466796875,Marsh-0
Trainset/Images_tif/45_HE_(d-4_x-76800_y-13824_w-2048_h-2048).tif,Trainset/Labels_tif/45_HE_(d-4_x-76800_y-13824_w-2048_h-2048).tif,Trainset,45,0.21261215209960938,Marsh-3a
Trainset/Images_tif/54_HE_(d-4_x-16896_y-6144_w-2048_h-2048).tif,Trainset/Labels_tif/54_HE_(d-4_x-16896_y-6144_w-2048_h-2048).tif,Trainset,54,0.34345245361328125,Marsh-0
Trainset/Images_tif/38_HE_(d-4_x-41472_y-23040_w-2048_h-2048).tif,Trainset/Labels_tif/38_HE_(d-4_x-41472_y-23040_w-2048_h-2048).tif,Trainset,38,0.28827667236328125,Marsh-1
Trainset/Images_tif/22_HE_(d-4_x-6144_y-3072_w-2048_h-2048).tif,Trainset/Labels_tif/22_HE_(d-4_x-6144_y-3072_w-2048_h-2048).tif,Trainset,22,0.2519416809082031,Marsh-1
Trainset/Images_tif/82_HE_(d-4_x-41472_y-9216_w-2048_h-2048).tif,Trainset/Labels_tif/82_HE_(d-4_x-41472_y-9216_w-2048_h-2048).tif,Trainset,82,0.19432449340820312,Marsh-3a
Trainset/Images_tif/93_HE_(d-4_x-4608_y-4608_w-2048_h-2048).tif,Trainset/Labels_tif/93_HE_(d-4_x-4608_y-4608_w-2048_h-2048).tif,Trainset,93,0.3986015319824219,Marsh-0
Trainset/Images_tif/36_HE_(d-4_x-13824_y-7680_w-2048_h-2048).tif,Trainset/Labels_tif/36_HE_(d-4_x-13824_y-7680_w-2048_h-2048).tif,Trainset,36,0.2823486328125,Marsh-1
Trainset/Images_tif/101_HE_(d-4_x-10752_y-4608_w-2048_h-2048).tif,Trainset/Labels_tif/101_HE_(d-4_x-10752_y-4608_w-2048_h-2048).tif,Trainset,101,0.3799896240234375,Marsh-0
Trainset/Images_tif/102_HE_(d-4_x-7680_y-38400_w-2048_h-2048).tif,Trainset/Labels_tif/102_HE_(d-4_x-7680_y-38400_w-2048_h-2048).tif,Trainset,102,0.1589813232421875,Marsh-3a
Trainset/Images_tif/91_HE_(d-4_x-10752_y-19968_w-2048_h-2048).tif,Trainset/Labels_tif/91_HE_(d-4_x-10752_y-19968_w-2048_h-2048).tif,Trainset,91,0.052032470703125,Marsh-3b
Trainset/Images_tif/62_HE_(d-4_x-35328_y-7680_w-2048_h-2048).tif,Trainset/Labels_tif/62_HE_(d-4_x-35328_y-7680_w-2048_h-2048).tif,Trainset,62,0.2953529357910156,Marsh-1
Trainset/Images_tif/136_HE_(d-4_x-32256_y-9216_w-2048_h-2048).tif,Trainset/Labels_tif/136_HE_(d-4_x-32256_y-9216_w-2048_h-2048).tif,Trainset,136,0.14150238037109375,Marsh-3a
Trainset/Images_tif/87_HE_(d-4_x-19968_y-13824_w-2048_h-2048).tif,Trainset/Labels_tif/87_HE_(d-4_x-19968_y-13824_w-2048_h-2048).tif,Trainset,87,0.11027908325195312,Marsh-3b
Trainset/Images_tif/4_HE_(d-4_x-36864_y-15360_w-2048_h-2048).tif,Trainset/Labels_tif/4_HE_(d-4_x-36864_y-15360_w-2048_h-2048).tif,Trainset,4,0.17343521118164062,Marsh-3a
Trainset/Images_tif/11_HE_(d-4_x-7680_y-39936_w-2048_h-2048).tif,Trainset/Labels_tif/11_HE_(d-4_x-7680_y-39936_w-2048_h-2048).tif,Trainset,11,0.3577880859375,Marsh-0
Trainset/Images_tif/19_HE_(d-4_x-12288_y-30720_w-2048_h-2048).tif,Trainset/Labels_tif/19_HE_(d-4_x-12288_y-30720_w-2048_h-2048).tif,Trainset,19,0.47481536865234375,Marsh-0
Trainset/Images_tif/43_HE_(d-4_x-10752_y-9216_w-2048_h-2048).tif,Trainset/Labels_tif/43_HE_(d-4_x-10752_y-9216_w-2048_h-2048).tif,Trainset,43,0.25287628173828125,Marsh-1
Trainset/Images_tif/65_HE_(d-4_x-9216_y-32256_w-2048_h-2048).tif,Trainset/Labels_tif/65_HE_(d-4_x-9216_y-32256_w-2048_h-2048).tif,Trainset,65,0.02883148193359375,Marsh-3b
Trainset/Images_tif/104_HE_(d-4_x-15360_y-16896_w-2048_h-2048).tif,Trainset/Labels_tif/104_HE_(d-4_x-15360_y-16896_w-2048_h-2048).tif,Trainset,104,0.15437698364257812,Marsh-3a
Trainset/Images_tif/105_HE_(d-4_x-9216_y-12288_w-2048_h-2048).tif,Trainset/Labels_tif/105_HE_(d-4_x-9216_y-12288_w-2048_h-2048).tif,Trainset,105,0.3077278137207031,Marsh-1
Trainset/Images_tif/128_HE_(d-4_x-7680_y-4608_w-2048_h-2048).tif,Trainset/Labels_tif/128_HE_(d-4_x-7680_y-4608_w-2048_h-2048).tif,Trainset,128,0.257781982421875,Marsh-1
Trainset/Images_tif/87_HE_(d-4_x-44544_y-16896_w-2048_h-2048).tif,Trainset/Labels_tif/87_HE_(d-4_x-44544_y-16896_w-2048_h-2048).tif,Trainset,87,0.31690216064453125,Marsh-1
Trainset/Images_tif/113_HE_(d-4_x-16896_y-6144_w-2048_h-2048).tif,Trainset/Labels_tif/113_HE_(d-4_x-16896_y-6144_w-2048_h-2048).tif,Trainset,113,0.4039306640625,Marsh-0
Trainset/Images_tif/103_HE_(d-4_x-4608_y-6144_w-2048_h-2048).tif,Trainset/Labels_tif/103_HE_(d-4_x-4608_y-6144_w-2048_h-2048).tif,Trainset,103,0.3069953918457031,Marsh-1
Trainset/Images_tif/111_HE_(d-4_x-7680_y-18432_w-2048_h-2048).tif,Trainset/Labels_tif/111_HE_(d-4_x-7680_y-18432_w-2048_h-2048).tif,Trainset,111,0.5484809875488281,Marsh-0
Trainset/Images_tif/124_HE_(d-4_x-35328_y-15360_w-2048_h-2048).tif,Trainset/Labels_tif/124_HE_(d-4_x-35328_y-15360_w-2048_h-2048).tif,Trainset,124,0.051990509033203125,Marsh-3b
Trainset/Images_tif/33_HE_(d-4_x-7680_y-10752_w-2048_h-2048).tif,Trainset/Labels_tif/33_HE_(d-4_x-7680_y-10752_w-2048_h-2048).tif,Trainset,33,0.4097709655761719,Marsh-0
Trainset/Images_tif/35_HE_(d-4_x-18432_y-4608_w-2048_h-2048).tif,Trainset/Labels_tif/35_HE_(d-4_x-18432_y-4608_w-2048_h-2048).tif,Trainset,35,0.12279891967773438,Marsh-3b
Trainset/Images_tif/29_HE_(d-4_x-59904_y-13824_w-2048_h-2048).tif,Trainset/Labels_tif/29_HE_(d-4_x-59904_y-13824_w-2048_h-2048).tif,Trainset,29,0.46472930908203125,Marsh-0
Trainset/Images_tif/25_HE_(d-4_x-33792_y-23040_w-2048_h-2048).tif,Trainset/Labels_tif/25_HE_(d-4_x-33792_y-23040_w-2048_h-2048).tif,Trainset,25,0.2865142822265625,Marsh-1
Trainset/Images_tif/43_HE_(d-4_x-9216_y-9216_w-2048_h-2048).tif,Trainset/Labels_tif/43_HE_(d-4_x-9216_y-9216_w-2048_h-2048).tif,Trainset,43,0.21583175659179688,Marsh-3a
Trainset/Images_tif/86_HE_(d-4_x-24576_y-10752_w-2048_h-2048).tif,Trainset/Labels_tif/86_HE_(d-4_x-24576_y-10752_w-2048_h-2048).tif,Trainset,86,0.4428596496582031,Marsh-0
Trainset/Images_tif/89_HE_(d-4_x-41472_y-4608_w-2048_h-2048).tif,Trainset/Labels_tif/89_HE_(d-4_x-41472_y-4608_w-2048_h-2048).tif,Trainset,89,0.15526962280273438,Marsh-3a
Trainset/Images_tif/82_HE_(d-4_x-39936_y-6144_w-2048_h-2048).tif,Trainset/Labels_tif/82_HE_(d-4_x-39936_y-6144_w-2048_h-2048).tif,Trainset,82,0.455230712890625,Marsh-0
Trainset/Images_tif/25_HE_(d-4_x-21504_y-10752_w-2048_h-2048).tif,Trainset/Labels_tif/25_HE_(d-4_x-21504_y-10752_w-2048_h-2048).tif,Trainset,25,0.4336891174316406,Marsh-0
Trainset/Images_tif/84_HE_(d-4_x-15360_y-21504_w-2048_h-2048).tif,Trainset/Labels_tif/84_HE_(d-4_x-15360_y-21504_w-2048_h-2048).tif,Trainset,84,0.33404541015625,Marsh-1
Trainset/Images_tif/67_HE_(d-4_x-9216_y-9216_w-2048_h-2048).tif,Trainset/Labels_tif/67_HE_(d-4_x-9216_y-9216_w-2048_h-2048).tif,Trainset,67,0.3298683166503906,Marsh-1
Trainset/Images_tif/2_HE_(d-4_x-7680_y-61440_w-2048_h-2048).tif,Trainset/Labels_tif/2_HE_(d-4_x-7680_y-61440_w-2048_h-2048).tif,Trainset,2,0.3100776672363281,Marsh-1
Trainset/Images_tif/32_HE_(d-4_x-70656_y-43008_w-2048_h-2048).tif,Trainset/Labels_tif/32_HE_(d-4_x-70656_y-43008_w-2048_h-2048).tif,Trainset,32,0.2113800048828125,Marsh-3a
Trainset/Images_tif/14_HE_(d-4_x-27648_y-6144_w-2048_h-2048).tif,Trainset/Labels_tif/14_HE_(d-4_x-27648_y-6144_w-2048_h-2048).tif,Trainset,14,0.24685287475585938,Marsh-1
Trainset/Images_tif/65_HE_(d-4_x-6144_y-30720_w-2048_h-2048).tif,Trainset/Labels_tif/65_HE_(d-4_x-6144_y-30720_w-2048_h-2048).tif,Trainset,65,0.23015213012695312,Marsh-3a
Trainset/Images_tif/55_HE_(d-4_x-15360_y-7680_w-2048_h-2048).tif,Trainset/Labels_tif/55_HE_(d-4_x-15360_y-7680_w-2048_h-2048).tif,Trainset,55,0.3120460510253906,Marsh-1
Trainset/Images_tif/42_HE_(d-4_x-7680_y-9216_w-2048_h-2048).tif,Trainset/Labels_tif/42_HE_(d-4_x-7680_y-9216_w-2048_h-2048).tif,Trainset,42,0.08548736572265625,Marsh-3b
Trainset/Images_tif/87_HE_(d-4_x-9216_y-18432_w-2048_h-2048).tif,Trainset/Labels_tif/87_HE_(d-4_x-9216_y-18432_w-2048_h-2048).tif,Trainset,87,0.3312721252441406,Marsh-1
Trainset/Images_tif/87_HE_(d-4_x-46080_y-16896_w-2048_h-2048).tif,Trainset/Labels_tif/87_HE_(d-4_x-46080_y-16896_w-2048_h-2048).tif,Trainset,87,0.2795562744140625,Marsh-1
Trainset/Images_tif/36_HE_(d-4_x-12288_y-29184_w-2048_h-2048).tif,Trainset/Labels_tif/36_HE_(d-4_x-12288_y-29184_w-2048_h-2048).tif,Trainset,36,0.39373779296875,Marsh-0
Trainset/Images_tif/51_HE_(d-4_x-12288_y-15360_w-2048_h-2048).tif,Trainset/Labels_tif/51_HE_(d-4_x-12288_y-15360_w-2048_h-2048).tif,Trainset,51,0.3599739074707031,Marsh-0
Trainset/Images_tif/26_HE_(d-4_x-10752_y-4608_w-2048_h-2048).tif,Trainset/Labels_tif/26_HE_(d-4_x-10752_y-4608_w-2048_h-2048).tif,Trainset,26,0.2621345520019531,Marsh-1
Trainset/Images_tif/71_HE_(d-4_x-7680_y-32256_w-2048_h-2048).tif,Trainset/Labels_tif/71_HE_(d-4_x-7680_y-32256_w-2048_h-2048).tif,Trainset,71,0.1512908935546875,Marsh-3a
Trainset/Images_tif/12_HE_(d-4_x-35328_y-6144_w-2048_h-2048).tif,Trainset/Labels_tif/12_HE_(d-4_x-35328_y-6144_w-2048_h-2048).tif,Trainset,12,0.2588081359863281,Marsh-1
Trainset/Images_tif/14_HE_(d-4_x-26112_y-6144_w-2048_h-2048).tif,Trainset/Labels_tif/14_HE_(d-4_x-26112_y-6144_w-2048_h-2048).tif,Trainset,14,0.20806121826171875,Marsh-3a
Trainset/Images_tif/142_HE_(d-4_x-12288_y-10752_w-2048_h-2048).tif,Trainset/Labels_tif/142_HE_(d-4_x-12288_y-10752_w-2048_h-2048).tif,Trainset,142,0.2992706298828125,Marsh-1
Trainset/Images_tif/120_HE_(d-4_x-16896_y-4608_w-2048_h-2048).tif,Trainset/Labels_tif/120_HE_(d-4_x-16896_y-4608_w-2048_h-2048).tif,Trainset,120,0.10778427124023438,Marsh-3b
Trainset/Images_tif/82_HE_(d-4_x-36864_y-7680_w-2048_h-2048).tif,Trainset/Labels_tif/82_HE_(d-4_x-36864_y-7680_w-2048_h-2048).tif,Trainset,82,0.14783096313476562,Marsh-3a
Trainset/Images_tif/13_HE_(d-4_x-24576_y-9216_w-2048_h-2048).tif,Trainset/Labels_tif/13_HE_(d-4_x-24576_y-9216_w-2048_h-2048).tif,Trainset,13,0.27426910400390625,Marsh-1
Trainset/Images_tif/59_HE_(d-4_x-36864_y-50688_w-2048_h-2048).tif,Trainset/Labels_tif/59_HE_(d-4_x-36864_y-50688_w-2048_h-2048).tif,Trainset,59,0.15752029418945312,Marsh-3a
Trainset/Images_tif/142_HE_(d-4_x-6144_y-12288_w-2048_h-2048).tif,Trainset/Labels_tif/142_HE_(d-4_x-6144_y-12288_w-2048_h-2048).tif,Trainset,142,0.08661651611328125,Marsh-3b
Trainset/Images_tif/81_HE_(d-4_x-3072_y-12288_w-2048_h-2048).tif,Trainset/Labels_tif/81_HE_(d-4_x-3072_y-12288_w-2048_h-2048).tif,Trainset,81,0.3087501525878906,Marsh-1
Trainset/Images_tif/137_HE_(d-4_x-21504_y-16896_w-2048_h-2048).tif,Trainset/Labels_tif/137_HE_(d-4_x-21504_y-16896_w-2048_h-2048).tif,Trainset,137,0.4634590148925781,Marsh-0
Trainset/Images_tif/97_HE_(d-4_x-12288_y-9216_w-2048_h-2048).tif,Trainset/Labels_tif/97_HE_(d-4_x-12288_y-9216_w-2048_h-2048).tif,Trainset,97,0.12090682983398438,Marsh-3b
Trainset/Images_tif/106_HE_(d-4_x-36864_y-43008_w-2048_h-2048).tif,Trainset/Labels_tif/106_HE_(d-4_x-36864_y-43008_w-2048_h-2048).tif,Trainset,106,0.156219482421875,Marsh-3a
Trainset/Images_tif/127_HE_(d-4_x-29184_y-7680_w-2048_h-2048).tif,Trainset/Labels_tif/127_HE_(d-4_x-29184_y-7680_w-2048_h-2048).tif,Trainset,127,0.310333251953125,Marsh-1
Trainset/Images_tif/14_HE_(d-4_x-7680_y-4608_w-2048_h-2048).tif,Trainset/Labels_tif/14_HE_(d-4_x-7680_y-4608_w-2048_h-2048).tif,Trainset,14,0.2597694396972656,Marsh-1
Trainset/Images_tif/62_HE_(d-4_x-30720_y-6144_w-2048_h-2048).tif,Trainset/Labels_tif/62_HE_(d-4_x-30720_y-6144_w-2048_h-2048).tif,Trainset,62,0.15897369384765625,Marsh-3a
Trainset/Images_tif/38_HE_(d-4_x-44544_y-26112_w-2048_h-2048).tif,Trainset/Labels_tif/38_HE_(d-4_x-44544_y-26112_w-2048_h-2048).tif,Trainset,38,0.16555404663085938,Marsh-3a
Trainset/Images_tif/86_HE_(d-4_x-4608_y-10752_w-2048_h-2048).tif,Trainset/Labels_tif/86_HE_(d-4_x-4608_y-10752_w-2048_h-2048).tif,Trainset,86,0.6984443664550781,Marsh-0
Trainset/Images_tif/134_HE_(d-4_x-23040_y-21504_w-2048_h-2048).tif,Trainset/Labels_tif/134_HE_(d-4_x-23040_y-21504_w-2048_h-2048).tif,Trainset,134,0.11491012573242188,Marsh-3b
Trainset/Images_tif/113_HE_(d-4_x-4608_y-30720_w-2048_h-2048).tif,Trainset/Labels_tif/113_HE_(d-4_x-4608_y-30720_w-2048_h-2048).tif,Trainset,113,0.229522705078125,Marsh-3a
Trainset/Images_tif/4_HE_(d-4_x-35328_y-16896_w-2048_h-2048).tif,Trainset/Labels_tif/4_HE_(d-4_x-35328_y-16896_w-2048_h-2048).tif,Trainset,4,0.19301605224609375,Marsh-3a
Trainset/Images_tif/18_HE_(d-4_x-21504_y-4608_w-2048_h-2048).tif,Trainset/Labels_tif/18_HE_(d-4_x-21504_y-4608_w-2048_h-2048).tif,Trainset,18,0.3351402282714844,Marsh-1
Trainset/Images_tif/103_HE_(d-4_x-9216_y-7680_w-2048_h-2048).tif,Trainset/Labels_tif/103_HE_(d-4_x-9216_y-7680_w-2048_h-2048).tif,Trainset,103,0.2078094482421875,Marsh-3a
Trainset/Images_tif/106_HE_(d-4_x-6144_y-41472_w-2048_h-2048).tif,Trainset/Labels_tif/106_HE_(d-4_x-6144_y-41472_w-2048_h-2048).tif,Trainset,106,0.38573455810546875,Marsh-0
Trainset/Images_tif/82_HE_(d-4_x-39936_y-7680_w-2048_h-2048).tif,Trainset/Labels_tif/82_HE_(d-4_x-39936_y-7680_w-2048_h-2048).tif,Trainset,82,0.6044845581054688,Marsh-0
Trainset/Images_tif/105_HE_(d-4_x-24576_y-15360_w-2048_h-2048).tif,Trainset/Labels_tif/105_HE_(d-4_x-24576_y-15360_w-2048_h-2048).tif,Trainset,105,0.020946502685546875,Marsh-3b
Trainset/Images_tif/77_HE_(d-4_x-38400_y-18432_w-2048_h-2048).tif,Trainset/Labels_tif/77_HE_(d-4_x-38400_y-18432_w-2048_h-2048).tif,Trainset,77,0.4120521545410156,Marsh-0
Trainset/Images_tif/14_HE_(d-4_x-19968_y-7680_w-2048_h-2048).tif,Trainset/Labels_tif/14_HE_(d-4_x-19968_y-7680_w-2048_h-2048).tif,Trainset,14,0.0643768310546875,Marsh-3b
Trainset/Images_tif/106_HE_(d-4_x-35328_y-44544_w-2048_h-2048).tif,Trainset/Labels_tif/106_HE_(d-4_x-35328_y-44544_w-2048_h-2048).tif,Trainset,106,0.1164703369140625,Marsh-3b
Trainset/Images_tif/48_HE_(d-4_x-6144_y-9216_w-2048_h-2048).tif,Trainset/Labels_tif/48_HE_(d-4_x-6144_y-9216_w-2048_h-2048).tif,Trainset,48,0.47103118896484375,Marsh-0
Trainset/Images_tif/47_HE_(d-4_x-10752_y-35328_w-2048_h-2048).tif,Trainset/Labels_tif/47_HE_(d-4_x-10752_y-35328_w-2048_h-2048).tif,Trainset,47,0.18838119506835938,Marsh-3a
Trainset/Images_tif/133_HE_(d-4_x-7680_y-4608_w-2048_h-2048).tif,Trainset/Labels_tif/133_HE_(d-4_x-7680_y-4608_w-2048_h-2048).tif,Trainset,133,0.046703338623046875,Marsh-3b
Trainset/Images_tif/56_HE_(d-4_x-10752_y-61440_w-2048_h-2048).tif,Trainset/Labels_tif/56_HE_(d-4_x-10752_y-61440_w-2048_h-2048).tif,Trainset,56,0.193817138671875,Marsh-3a
Trainset/Images_tif/76_HE_(d-4_x-19968_y-21504_w-2048_h-2048).tif,Trainset/Labels_tif/76_HE_(d-4_x-19968_y-21504_w-2048_h-2048).tif,Trainset,76,0.19722366333007812,Marsh-3a
Trainset/Images_tif/78_HE_(d-4_x-33792_y-18432_w-2048_h-2048).tif,Trainset/Labels_tif/78_HE_(d-4_x-33792_y-18432_w-2048_h-2048).tif,Trainset,78,0.23892593383789062,Marsh-1
Trainset/Images_tif/102_HE_(d-4_x-19968_y-36864_w-2048_h-2048).tif,Trainset/Labels_tif/102_HE_(d-4_x-19968_y-36864_w-2048_h-2048).tif,Trainset,102,0.45470428466796875,Marsh-0
Trainset/Images_tif/29_HE_(d-4_x-49152_y-15360_w-2048_h-2048).tif,Trainset/Labels_tif/29_HE_(d-4_x-49152_y-15360_w-2048_h-2048).tif,Trainset,29,0.21310806274414062,Marsh-3a
Trainset/Images_tif/27_HE_(d-4_x-6144_y-26112_w-2048_h-2048).tif,Trainset/Labels_tif/27_HE_(d-4_x-6144_y-26112_w-2048_h-2048).tif,Trainset,27,0.3302345275878906,Marsh-1
Trainset/Images_tif/97_HE_(d-4_x-10752_y-6144_w-2048_h-2048).tif,Trainset/Labels_tif/97_HE_(d-4_x-10752_y-6144_w-2048_h-2048).tif,Trainset,97,0.2893028259277344,Marsh-1
Trainset/Images_tif/78_HE_(d-4_x-12288_y-10752_w-2048_h-2048).tif,Trainset/Labels_tif/78_HE_(d-4_x-12288_y-10752_w-2048_h-2048).tif,Trainset,78,0.12559127807617188,Marsh-3b
Trainset/Images_tif/92_HE_(d-4_x-9216_y-15360_w-2048_h-2048).tif,Trainset/Labels_tif/92_HE_(d-4_x-9216_y-15360_w-2048_h-2048).tif,Trainset,92,0.4504814147949219,Marsh-0
Trainset/Images_tif/65_HE_(d-4_x-10752_y-27648_w-2048_h-2048).tif,Trainset/Labels_tif/65_HE_(d-4_x-10752_y-27648_w-2048_h-2048).tif,Trainset,65,0.0,Marsh-3b
Trainset/Images_tif/76_HE_(d-4_x-10752_y-19968_w-2048_h-2048).tif,Trainset/Labels_tif/76_HE_(d-4_x-10752_y-19968_w-2048_h-2048).tif,Trainset,76,0.0,Marsh-3b
Trainset/Images_tif/131_HE_(d-4_x-9216_y-6144_w-2048_h-2048).tif,Trainset/Labels_tif/131_HE_(d-4_x-9216_y-6144_w-2048_h-2048).tif,Trainset,131,0.5355148315429688,Marsh-0
Trainset/Images_tif/38_HE_(d-4_x-4608_y-27648_w-2048_h-2048).tif,Trainset/Labels_tif/38_HE_(d-4_x-4608_y-27648_w-2048_h-2048).tif,Trainset,38,0.28174591064453125,Marsh-1
Trainset/Images_tif/49_HE_(d-4_x-33792_y-7680_w-2048_h-2048).tif,Trainset/Labels_tif/49_HE_(d-4_x-33792_y-7680_w-2048_h-2048).tif,Trainset,49,0.23554611206054688,Marsh-1
Trainset/Images_tif/138_HE_(d-4_x-12288_y-9216_w-2048_h-2048).tif,Trainset/Labels_tif/138_HE_(d-4_x-12288_y-9216_w-2048_h-2048).tif,Trainset,138,0.11077117919921875,Marsh-3b
Trainset/Images_tif/45_HE_(d-4_x-76800_y-9216_w-2048_h-2048).tif,Trainset/Labels_tif/45_HE_(d-4_x-76800_y-9216_w-2048_h-2048).tif,Trainset,45,0.32009124755859375,Marsh-1
Trainset/Images_tif/81_HE_(d-4_x-21504_y-9216_w-2048_h-2048).tif,Trainset/Labels_tif/81_HE_(d-4_x-21504_y-9216_w-2048_h-2048).tif,Trainset,81,0.0,Marsh-3b
Trainset/Images_tif/72_HE_(d-4_x-79872_y-55296_w-2048_h-2048).tif,Trainset/Labels_tif/72_HE_(d-4_x-79872_y-55296_w-2048_h-2048).tif,Trainset,72,0.24964141845703125,Marsh-1
Trainset/Images_tif/32_HE_(d-4_x-72192_y-35328_w-2048_h-2048).tif,Trainset/Labels_tif/32_HE_(d-4_x-72192_y-35328_w-2048_h-2048).tif,Trainset,32,0.12740707397460938,Marsh-3b
Trainset/Images_tif/127_HE_(d-4_x-27648_y-7680_w-2048_h-2048).tif,Trainset/Labels_tif/127_HE_(d-4_x-27648_y-7680_w-2048_h-2048).tif,Trainset,127,0.43837738037109375,Marsh-0
Trainset/Images_tif/82_HE_(d-4_x-10752_y-16896_w-2048_h-2048).tif,Trainset/Labels_tif/82_HE_(d-4_x-10752_y-16896_w-2048_h-2048).tif,Trainset,82,0.0,Marsh-3b
Trainset/Images_tif/109_HE_(d-4_x-1536_y-26112_w-2048_h-2048).tif,Trainset/Labels_tif/109_HE_(d-4_x-1536_y-26112_w-2048_h-2048).tif,Trainset,109,0.15405654907226562,Marsh-3a
Trainset/Images_tif/29_HE_(d-4_x-56832_y-10752_w-2048_h-2048).tif,Trainset/Labels_tif/29_HE_(d-4_x-56832_y-10752_w-2048_h-2048).tif,Trainset,29,0.265106201171875,Marsh-1
Trainset/Images_tif/2_HE_(d-4_x-13824_y-62976_w-2048_h-2048).tif,Trainset/Labels_tif/2_HE_(d-4_x-13824_y-62976_w-2048_h-2048).tif,Trainset,2,0.010112762451171875,Marsh-3b
Trainset/Images_tif/91_HE_(d-4_x-9216_y-23040_w-2048_h-2048).tif,Trainset/Labels_tif/91_HE_(d-4_x-9216_y-23040_w-2048_h-2048).tif,Trainset,91,0.014583587646484375,Marsh-3b
Trainset/Images_tif/113_HE_(d-4_x-6144_y-33792_w-2048_h-2048).tif,Trainset/Labels_tif/113_HE_(d-4_x-6144_y-33792_w-2048_h-2048).tif,Trainset,113,0.0,Marsh-3b
Trainset/Images_tif/85_HE_(d-4_x-29184_y-19968_w-2048_h-2048).tif,Trainset/Labels_tif/85_HE_(d-4_x-29184_y-19968_w-2048_h-2048).tif,Trainset,85,0.3425102233886719,Marsh-0
Trainset/Images_tif/19_HE_(d-4_x-4608_y-6144_w-2048_h-2048).tif,Trainset/Labels_tif/19_HE_(d-4_x-4608_y-6144_w-2048_h-2048).tif,Trainset,19,0.0,Marsh-3b
Trainset/Images_tif/12_HE_(d-4_x-7680_y-12288_w-2048_h-2048).tif,Trainset/Labels_tif/12_HE_(d-4_x-7680_y-12288_w-2048_h-2048).tif,Trainset,12,0.14209365844726562,Marsh-3a
Trainset/Images_tif/8_HE_(d-4_x-35328_y-30720_w-2048_h-2048).tif,Trainset/Labels_tif/8_HE_(d-4_x-35328_y-30720_w-2048_h-2048).tif,Trainset,8,0.21821975708007812,Marsh-3a
Trainset/Images_tif/130_HE_(d-4_x-9216_y-41472_w-2048_h-2048).tif,Trainset/Labels_tif/130_HE_(d-4_x-9216_y-41472_w-2048_h-2048).tif,Trainset,130,0.43091583251953125,Marsh-0
Trainset/Images_tif/60_HE_(d-4_x-18432_y-12288_w-2048_h-2048).tif,Trainset/Labels_tif/60_HE_(d-4_x-18432_y-12288_w-2048_h-2048).tif,Trainset,60,0.30066680908203125,Marsh-1
Trainset/Images_tif/132_HE_(d-4_x-27648_y-15360_w-2048_h-2048).tif,Trainset/Labels_tif/132_HE_(d-4_x-27648_y-15360_w-2048_h-2048).tif,Trainset,132,0.10584640502929688,Marsh-3b
Trainset/Images_tif/111_HE_(d-4_x-6144_y-12288_w-2048_h-2048).tif,Trainset/Labels_tif/111_HE_(d-4_x-6144_y-12288_w-2048_h-2048).tif,Trainset,111,0.4691581726074219,Marsh-0
Trainset/Images_tif/51_HE_(d-4_x-7680_y-3072_w-2048_h-2048).tif,Trainset/Labels_tif/51_HE_(d-4_x-7680_y-3072_w-2048_h-2048).tif,Trainset,51,0.15557098388671875,Marsh-3a
Trainset/Images_tif/124_HE_(d-4_x-10752_y-18432_w-2048_h-2048).tif,Trainset/Labels_tif/124_HE_(d-4_x-10752_y-18432_w-2048_h-2048).tif,Trainset,124,0.2924652099609375,Marsh-1
Trainset/Images_tif/29_HE_(d-4_x-52224_y-7680_w-2048_h-2048).tif,Trainset/Labels_tif/29_HE_(d-4_x-52224_y-7680_w-2048_h-2048).tif,Trainset,29,0.14791488647460938,Marsh-3a
Trainset/Images_tif/12_HE_(d-4_x-32256_y-13824_w-2048_h-2048).tif,Trainset/Labels_tif/12_HE_(d-4_x-32256_y-13824_w-2048_h-2048).tif,Trainset,12,0.4926109313964844,Marsh-0
Trainset/Images_tif/56_HE_(d-4_x-41472_y-58368_w-2048_h-2048).tif,Trainset/Labels_tif/56_HE_(d-4_x-41472_y-58368_w-2048_h-2048).tif,Trainset,56,0.209686279296875,Marsh-3a
Trainset/Images_tif/14_HE_(d-4_x-6144_y-6144_w-2048_h-2048).tif,Trainset/Labels_tif/14_HE_(d-4_x-6144_y-6144_w-2048_h-2048).tif,Trainset,14,0.2993011474609375,Marsh-1
Trainset/Images_tif/27_HE_(d-4_x-24576_y-24576_w-2048_h-2048).tif,Trainset/Labels_tif/27_HE_(d-4_x-24576_y-24576_w-2048_h-2048).tif,Trainset,27,0.2661170959472656,Marsh-1
Trainset/Images_tif/71_HE_(d-4_x-6144_y-32256_w-2048_h-2048).tif,Trainset/Labels_tif/71_HE_(d-4_x-6144_y-32256_w-2048_h-2048).tif,Trainset,71,0.3608894348144531,Marsh-0
Trainset/Images_tif/58_HE_(d-4_x-44544_y-10752_w-2048_h-2048).tif,Trainset/Labels_tif/58_HE_(d-4_x-44544_y-10752_w-2048_h-2048).tif,Trainset,58,0.17227935791015625,Marsh-3a
Trainset/Images_tif/32_HE_(d-4_x-158208_y-82944_w-2048_h-2048).tif,Trainset/Labels_tif/32_HE_(d-4_x-158208_y-82944_w-2048_h-2048).tif,Trainset,32,0.0,Marsh-3b
Trainset/Images_tif/32_HE_(d-4_x-52224_y-64512_w-2048_h-2048).tif,Trainset/Labels_tif/32_HE_(d-4_x-52224_y-64512_w-2048_h-2048).tif,Trainset,32,0.1024017333984375,Marsh-3b
Trainset/Images_tif/67_HE_(d-4_x-46080_y-13824_w-2048_h-2048).tif,Trainset/Labels_tif/67_HE_(d-4_x-46080_y-13824_w-2048_h-2048).tif,Trainset,67,0.2625160217285156,Marsh-1
Trainset/Images_tif/36_HE_(d-4_x-24576_y-6144_w-2048_h-2048).tif,Trainset/Labels_tif/36_HE_(d-4_x-24576_y-6144_w-2048_h-2048).tif,Trainset,36,0.28676605224609375,Marsh-1
Trainset/Images_tif/26_HE_(d-4_x-15360_y-9216_w-2048_h-2048).tif,Trainset/Labels_tif/26_HE_(d-4_x-15360_y-9216_w-2048_h-2048).tif,Trainset,26,0.16208648681640625,Marsh-3a
Trainset/Images_tif/100_HE_(d-4_x-41472_y-58368_w-2048_h-2048).tif,Trainset/Labels_tif/100_HE_(d-4_x-41472_y-58368_w-2048_h-2048).tif,Trainset,100,0.16225433349609375,Marsh-3a
Trainset/Images_tif/32_HE_(d-4_x-72192_y-47616_w-2048_h-2048).tif,Trainset/Labels_tif/32_HE_(d-4_x-72192_y-47616_w-2048_h-2048).tif,Trainset,32,0.286102294921875,Marsh-1
Trainset/Images_tif/38_HE_(d-4_x-10752_y-23040_w-2048_h-2048).tif,Trainset/Labels_tif/38_HE_(d-4_x-10752_y-23040_w-2048_h-2048).tif,Trainset,38,0.1356353759765625,Marsh-3a
Trainset/Images_tif/40_HE_(d-4_x-9216_y-6144_w-2048_h-2048).tif,Trainset/Labels_tif/40_HE_(d-4_x-9216_y-6144_w-2048_h-2048).tif,Trainset,40,0.15106201171875,Marsh-3a
Trainset/Images_tif/122_HE_(d-4_x-7680_y-21504_w-2048_h-2048).tif,Trainset/Labels_tif/122_HE_(d-4_x-7680_y-21504_w-2048_h-2048).tif,Trainset,122,0.2669219970703125,Marsh-1
Trainset/Images_tif/86_HE_(d-4_x-4608_y-6144_w-2048_h-2048).tif,Trainset/Labels_tif/86_HE_(d-4_x-4608_y-6144_w-2048_h-2048).tif,Trainset,86,0.16053009033203125,Marsh-3a
Trainset/Images_tif/116_HE_(d-4_x-24576_y-4608_w-2048_h-2048).tif,Trainset/Labels_tif/116_HE_(d-4_x-24576_y-4608_w-2048_h-2048).tif,Trainset,116,0.19815444946289062,Marsh-3a
Trainset/Images_tif/80_HE_(d-4_x-27648_y-18432_w-2048_h-2048).tif,Trainset/Labels_tif/80_HE_(d-4_x-27648_y-18432_w-2048_h-2048).tif,Trainset,80,0.17505645751953125,Marsh-3a
Trainset/Images_tif/42_HE_(d-4_x-6144_y-12288_w-2048_h-2048).tif,Trainset/Labels_tif/42_HE_(d-4_x-6144_y-12288_w-2048_h-2048).tif,Trainset,42,0.07353973388671875,Marsh-3b
Trainset/Images_tif/51_HE_(d-4_x-6144_y-3072_w-2048_h-2048).tif,Trainset/Labels_tif/51_HE_(d-4_x-6144_y-3072_w-2048_h-2048).tif,Trainset,51,0.19266891479492188,Marsh-3a
Trainset/Images_tif/77_HE_(d-4_x-44544_y-16896_w-2048_h-2048).tif,Trainset/Labels_tif/77_HE_(d-4_x-44544_y-16896_w-2048_h-2048).tif,Trainset,77,0.3998146057128906,Marsh-0
Trainset/Images_tif/13_HE_(d-4_x-29184_y-9216_w-2048_h-2048).tif,Trainset/Labels_tif/13_HE_(d-4_x-29184_y-9216_w-2048_h-2048).tif,Trainset,13,0.15900421142578125,Marsh-3a
Trainset/Images_tif/130_HE_(d-4_x-9216_y-43008_w-2048_h-2048).tif,Trainset/Labels_tif/130_HE_(d-4_x-9216_y-43008_w-2048_h-2048).tif,Trainset,130,0.32706451416015625,Marsh-1
Trainset/Images_tif/1_HE_(d-4_x-16896_y-7680_w-2048_h-2048).tif,Trainset/Labels_tif/1_HE_(d-4_x-16896_y-7680_w-2048_h-2048).tif,Trainset,1,0.260833740234375,Marsh-1
Trainset/Images_tif/116_HE_(d-4_x-12288_y-6144_w-2048_h-2048).tif,Trainset/Labels_tif/116_HE_(d-4_x-12288_y-6144_w-2048_h-2048).tif,Trainset,116,0.5497245788574219,Marsh-0
Trainset/Images_tif/76_HE_(d-4_x-35328_y-24576_w-2048_h-2048).tif,Trainset/Labels_tif/76_HE_(d-4_x-35328_y-24576_w-2048_h-2048).tif,Trainset,76,0.2805747985839844,Marsh-1
Trainset/Images_tif/27_HE_(d-4_x-6144_y-29184_w-2048_h-2048).tif,Trainset/Labels_tif/27_HE_(d-4_x-6144_y-29184_w-2048_h-2048).tif,Trainset,27,0.19310379028320312,Marsh-3a
Trainset/Images_tif/38_HE_(d-4_x-6144_y-23040_w-2048_h-2048).tif,Trainset/Labels_tif/38_HE_(d-4_x-6144_y-23040_w-2048_h-2048).tif,Trainset,38,0.09059906005859375,Marsh-3b
Trainset/Images_tif/136_HE_(d-4_x-32256_y-7680_w-2048_h-2048).tif,Trainset/Labels_tif/136_HE_(d-4_x-32256_y-7680_w-2048_h-2048).tif,Trainset,136,0.39209747314453125,Marsh-0
Trainset/Images_tif/76_HE_(d-4_x-26112_y-26112_w-2048_h-2048).tif,Trainset/Labels_tif/76_HE_(d-4_x-26112_y-26112_w-2048_h-2048).tif,Trainset,76,0.36395263671875,Marsh-0
Trainset/Images_tif/91_HE_(d-4_x-13824_y-9216_w-2048_h-2048).tif,Trainset/Labels_tif/91_HE_(d-4_x-13824_y-9216_w-2048_h-2048).tif,Trainset,91,0.32363128662109375,Marsh-1
Trainset/Images_tif/87_HE_(d-4_x-29184_y-15360_w-2048_h-2048).tif,Trainset/Labels_tif/87_HE_(d-4_x-29184_y-15360_w-2048_h-2048).tif,Trainset,87,0.3297843933105469,Marsh-1
Trainset/Images_tif/62_HE_(d-4_x-36864_y-13824_w-2048_h-2048).tif,Trainset/Labels_tif/62_HE_(d-4_x-36864_y-13824_w-2048_h-2048).tif,Trainset,62,0.15379714965820312,Marsh-3a
Trainset/Images_tif/101_HE_(d-4_x-7680_y-4608_w-2048_h-2048).tif,Trainset/Labels_tif/101_HE_(d-4_x-7680_y-4608_w-2048_h-2048).tif,Trainset,101,0.11940383911132812,Marsh-3b
Trainset/Images_tif/65_HE_(d-4_x-4608_y-27648_w-2048_h-2048).tif,Trainset/Labels_tif/65_HE_(d-4_x-4608_y-27648_w-2048_h-2048).tif,Trainset,65,0.09218978881835938,Marsh-3b
Trainset/Images_tif/76_HE_(d-4_x-32256_y-26112_w-2048_h-2048).tif,Trainset/Labels_tif/76_HE_(d-4_x-32256_y-26112_w-2048_h-2048).tif,Trainset,76,0.4091224670410156,Marsh-0
Trainset/Images_tif/87_HE_(d-4_x-10752_y-13824_w-2048_h-2048).tif,Trainset/Labels_tif/87_HE_(d-4_x-10752_y-13824_w-2048_h-2048).tif,Trainset,87,0.4812774658203125,Marsh-0
Trainset/Images_tif/12_HE_(d-4_x-36864_y-6144_w-2048_h-2048).tif,Trainset/Labels_tif/12_HE_(d-4_x-36864_y-6144_w-2048_h-2048).tif,Trainset,12,0.14116668701171875,Marsh-3a
Trainset/Images_tif/134_HE_(d-4_x-24576_y-24576_w-2048_h-2048).tif,Trainset/Labels_tif/134_HE_(d-4_x-24576_y-24576_w-2048_h-2048).tif,Trainset,134,0.013011932373046875,Marsh-3b
Trainset/Images_tif/138_HE_(d-4_x-4608_y-4608_w-2048_h-2048).tif,Trainset/Labels_tif/138_HE_(d-4_x-4608_y-4608_w-2048_h-2048).tif,Trainset,138,0.4703330993652344,Marsh-0
Trainset/Images_tif/84_HE_(d-4_x-38400_y-24576_w-2048_h-2048).tif,Trainset/Labels_tif/84_HE_(d-4_x-38400_y-24576_w-2048_h-2048).tif,Trainset,84,0.1046600341796875,Marsh-3b
Trainset/Images_tif/13_HE_(d-4_x-24576_y-12288_w-2048_h-2048).tif,Trainset/Labels_tif/13_HE_(d-4_x-24576_y-12288_w-2048_h-2048).tif,Trainset,13,0.21967315673828125,Marsh-3a
Trainset/Images_tif/113_HE_(d-4_x-6144_y-38400_w-2048_h-2048).tif,Trainset/Labels_tif/113_HE_(d-4_x-6144_y-38400_w-2048_h-2048).tif,Trainset,113,0.08995437622070312,Marsh-3b
Trainset/Images_tif/132_HE_(d-4_x-27648_y-18432_w-2048_h-2048).tif,Trainset/Labels_tif/132_HE_(d-4_x-27648_y-18432_w-2048_h-2048).tif,Trainset,132,0.13832473754882812,Marsh-3a
Trainset/Images_tif/127_HE_(d-4_x-7680_y-7680_w-2048_h-2048).tif,Trainset/Labels_tif/127_HE_(d-4_x-7680_y-7680_w-2048_h-2048).tif,Trainset,127,0.1493988037109375,Marsh-3a
Trainset/Images_tif/45_HE_(d-4_x-58368_y-10752_w-2048_h-2048).tif,Trainset/Labels_tif/45_HE_(d-4_x-58368_y-10752_w-2048_h-2048).tif,Trainset,45,0.0,Marsh-3b
Trainset/Images_tif/73_HE_(d-4_x-35328_y-7680_w-2048_h-2048).tif,Trainset/Labels_tif/73_HE_(d-4_x-35328_y-7680_w-2048_h-2048).tif,Trainset,73,0.09255218505859375,Marsh-3b
Trainset/Images_tif/53_HE_(d-4_x-7680_y-4608_w-2048_h-2048).tif,Trainset/Labels_tif/53_HE_(d-4_x-7680_y-4608_w-2048_h-2048).tif,Trainset,53,0.19889068603515625,Marsh-3a
Trainset/Images_tif/84_HE_(d-4_x-33792_y-26112_w-2048_h-2048).tif,Trainset/Labels_tif/84_HE_(d-4_x-33792_y-26112_w-2048_h-2048).tif,Trainset,84,0.4421577453613281,Marsh-0
Trainset/Images_tif/31_HE_(d-4_x-16896_y-56832_w-2048_h-2048).tif,Trainset/Labels_tif/31_HE_(d-4_x-16896_y-56832_w-2048_h-2048).tif,Trainset,31,0.2564506530761719,Marsh-1
Trainset/Images_tif/105_HE_(d-4_x-21504_y-15360_w-2048_h-2048).tif,Trainset/Labels_tif/105_HE_(d-4_x-21504_y-15360_w-2048_h-2048).tif,Trainset,105,0.4817695617675781,Marsh-0
Trainset/Images_tif/102_HE_(d-4_x-18432_y-16896_w-2048_h-2048).tif,Trainset/Labels_tif/102_HE_(d-4_x-18432_y-16896_w-2048_h-2048).tif,Trainset,102,0.610076904296875,Marsh-0
Trainset/Images_tif/113_HE_(d-4_x-6144_y-35328_w-2048_h-2048).tif,Trainset/Labels_tif/113_HE_(d-4_x-6144_y-35328_w-2048_h-2048).tif,Trainset,113,0.0,Marsh-3b
Trainset/Images_tif/74_HE_(d-4_x-12288_y-9216_w-2048_h-2048).tif,Trainset/Labels_tif/74_HE_(d-4_x-12288_y-9216_w-2048_h-2048).tif,Trainset,74,0.39339447021484375,Marsh-0
Trainset/Images_tif/49_HE_(d-4_x-30720_y-10752_w-2048_h-2048).tif,Trainset/Labels_tif/49_HE_(d-4_x-30720_y-10752_w-2048_h-2048).tif,Trainset,49,0.3322334289550781,Marsh-1
Trainset/Images_tif/32_HE_(d-4_x-56832_y-67584_w-2048_h-2048).tif,Trainset/Labels_tif/32_HE_(d-4_x-56832_y-67584_w-2048_h-2048).tif,Trainset,32,0.20853805541992188,Marsh-3a
Trainset/Images_tif/86_HE_(d-4_x-7680_y-7680_w-2048_h-2048).tif,Trainset/Labels_tif/86_HE_(d-4_x-7680_y-7680_w-2048_h-2048).tif,Trainset,86,0.679168701171875,Marsh-0
Trainset/Images_tif/39_HE_(d-4_x-32256_y-12288_w-2048_h-2048).tif,Trainset/Labels_tif/39_HE_(d-4_x-32256_y-12288_w-2048_h-2048).tif,Trainset,39,3.0517578125e-05,Marsh-3b
Trainset/Images_tif/105_HE_(d-4_x-24576_y-12288_w-2048_h-2048).tif,Trainset/Labels_tif/105_HE_(d-4_x-24576_y-12288_w-2048_h-2048).tif,Trainset,105,0.08582687377929688,Marsh-3b
Trainset/Images_tif/124_HE_(d-4_x-12288_y-13824_w-2048_h-2048).tif,Trainset/Labels_tif/124_HE_(d-4_x-12288_y-13824_w-2048_h-2048).tif,Trainset,124,0.143402099609375,Marsh-3a
Trainset/Images_tif/142_HE_(d-4_x-7680_y-6144_w-2048_h-2048).tif,Trainset/Labels_tif/142_HE_(d-4_x-7680_y-6144_w-2048_h-2048).tif,Trainset,142,0.2503204345703125,Marsh-1
Trainset/Images_tif/38_HE_(d-4_x-44544_y-24576_w-2048_h-2048).tif,Trainset/Labels_tif/38_HE_(d-4_x-44544_y-24576_w-2048_h-2048).tif,Trainset,38,0.19324111938476562,Marsh-3a
Trainset/Images_tif/138_HE_(d-4_x-13824_y-10752_w-2048_h-2048).tif,Trainset/Labels_tif/138_HE_(d-4_x-13824_y-10752_w-2048_h-2048).tif,Trainset,138,0.2660255432128906,Marsh-1
Trainset/Images_tif/81_HE_(d-4_x-6144_y-9216_w-2048_h-2048).tif,Trainset/Labels_tif/81_HE_(d-4_x-6144_y-9216_w-2048_h-2048).tif,Trainset,81,0.37142181396484375,Marsh-0
Trainset/Images_tif/71_HE_(d-4_x-9216_y-36864_w-2048_h-2048).tif,Trainset/Labels_tif/71_HE_(d-4_x-9216_y-36864_w-2048_h-2048).tif,Trainset,71,0.21934890747070312,Marsh-3a
Trainset/Images_tif/77_HE_(d-4_x-46080_y-21504_w-2048_h-2048).tif,Trainset/Labels_tif/77_HE_(d-4_x-46080_y-21504_w-2048_h-2048).tif,Trainset,77,0.5170974731445312,Marsh-0
Trainset/Images_tif/137_HE_(d-4_x-19968_y-15360_w-2048_h-2048).tif,Trainset/Labels_tif/137_HE_(d-4_x-19968_y-15360_w-2048_h-2048).tif,Trainset,137,0.42282867431640625,Marsh-0
Trainset/Images_tif/124_HE_(d-4_x-38400_y-13824_w-2048_h-2048).tif,Trainset/Labels_tif/124_HE_(d-4_x-38400_y-13824_w-2048_h-2048).tif,Trainset,124,0.1422271728515625,Marsh-3a
Trainset/Images_tif/12_HE_(d-4_x-38400_y-6144_w-2048_h-2048).tif,Trainset/Labels_tif/12_HE_(d-4_x-38400_y-6144_w-2048_h-2048).tif,Trainset,12,0.10060501098632812,Marsh-3b
Trainset/Images_tif/49_HE_(d-4_x-33792_y-10752_w-2048_h-2048).tif,Trainset/Labels_tif/49_HE_(d-4_x-33792_y-10752_w-2048_h-2048).tif,Trainset,49,0.3106536865234375,Marsh-1
Trainset/Images_tif/21_HE_(d-4_x-6144_y-32256_w-2048_h-2048).tif,Trainset/Labels_tif/21_HE_(d-4_x-6144_y-32256_w-2048_h-2048).tif,Trainset,21,0.09128570556640625,Marsh-3b
Trainset/Images_tif/111_HE_(d-4_x-38400_y-10752_w-2048_h-2048).tif,Trainset/Labels_tif/111_HE_(d-4_x-38400_y-10752_w-2048_h-2048).tif,Trainset,111,0.24464035034179688,Marsh-1
Trainset/Images_tif/76_HE_(d-4_x-27648_y-23040_w-2048_h-2048).tif,Trainset/Labels_tif/76_HE_(d-4_x-27648_y-23040_w-2048_h-2048).tif,Trainset,76,0.15952301025390625,Marsh-3a
Trainset/Images_tif/14_HE_(d-4_x-16896_y-6144_w-2048_h-2048).tif,Trainset/Labels_tif/14_HE_(d-4_x-16896_y-6144_w-2048_h-2048).tif,Trainset,14,0.3577156066894531,Marsh-0
Trainset/Images_tif/111_HE_(d-4_x-10752_y-9216_w-2048_h-2048).tif,Trainset/Labels_tif/111_HE_(d-4_x-10752_y-9216_w-2048_h-2048).tif,Trainset,111,0.41046142578125,Marsh-0
Trainset/Images_tif/124_HE_(d-4_x-7680_y-23040_w-2048_h-2048).tif,Trainset/Labels_tif/124_HE_(d-4_x-7680_y-23040_w-2048_h-2048).tif,Trainset,124,0.321258544921875,Marsh-1
Trainset/Images_tif/39_HE_(d-4_x-30720_y-15360_w-2048_h-2048).tif,Trainset/Labels_tif/39_HE_(d-4_x-30720_y-15360_w-2048_h-2048).tif,Trainset,39,0.0,Marsh-3b
Trainset/Images_tif/89_HE_(d-4_x-38400_y-6144_w-2048_h-2048).tif,Trainset/Labels_tif/89_HE_(d-4_x-38400_y-6144_w-2048_h-2048).tif,Trainset,89,0.11049652099609375,Marsh-3b
Trainset/Images_tif/31_HE_(d-4_x-4608_y-53760_w-2048_h-2048).tif,Trainset/Labels_tif/31_HE_(d-4_x-4608_y-53760_w-2048_h-2048).tif,Trainset,31,0.11828231811523438,Marsh-3b
Trainset/Images_tif/8_HE_(d-4_x-33792_y-29184_w-2048_h-2048).tif,Trainset/Labels_tif/8_HE_(d-4_x-33792_y-29184_w-2048_h-2048).tif,Trainset,8,0.3535881042480469,Marsh-0
Trainset/Images_tif/22_HE_(d-4_x-7680_y-9216_w-2048_h-2048).tif,Trainset/Labels_tif/22_HE_(d-4_x-7680_y-9216_w-2048_h-2048).tif,Trainset,22,0.3399848937988281,Marsh-0
Trainset/Images_tif/86_HE_(d-4_x-4608_y-15360_w-2048_h-2048).tif,Trainset/Labels_tif/86_HE_(d-4_x-4608_y-15360_w-2048_h-2048).tif,Trainset,86,0.4240608215332031,Marsh-0
Trainset/Images_tif/126_HE_(d-4_x-10752_y-12288_w-2048_h-2048).tif,Trainset/Labels_tif/126_HE_(d-4_x-10752_y-12288_w-2048_h-2048).tif,Trainset,126,0.0,Marsh-3b
Trainset/Images_tif/102_HE_(d-4_x-16896_y-10752_w-2048_h-2048).tif,Trainset/Labels_tif/102_HE_(d-4_x-16896_y-10752_w-2048_h-2048).tif,Trainset,102,0.4162445068359375,Marsh-0
Trainset/Images_tif/12_HE_(d-4_x-39936_y-9216_w-2048_h-2048).tif,Trainset/Labels_tif/12_HE_(d-4_x-39936_y-9216_w-2048_h-2048).tif,Trainset,12,0.2208709716796875,Marsh-3a
Trainset/Images_tif/135_HE_(d-4_x-30720_y-41472_w-2048_h-2048).tif,Trainset/Labels_tif/135_HE_(d-4_x-30720_y-41472_w-2048_h-2048).tif,Trainset,135,0.22719955444335938,Marsh-3a
Trainset/Images_tif/31_HE_(d-4_x-30720_y-58368_w-2048_h-2048).tif,Trainset/Labels_tif/31_HE_(d-4_x-30720_y-58368_w-2048_h-2048).tif,Trainset,31,0.08306884765625,Marsh-3b
Trainset/Images_tif/102_HE_(d-4_x-18432_y-33792_w-2048_h-2048).tif,Trainset/Labels_tif/102_HE_(d-4_x-18432_y-33792_w-2048_h-2048).tif,Trainset,102,0.4595451354980469,Marsh-0
Trainset/Images_tif/1_HE_(d-4_x-4608_y-9216_w-2048_h-2048).tif,Trainset/Labels_tif/1_HE_(d-4_x-4608_y-9216_w-2048_h-2048).tif,Trainset,1,0.39194488525390625,Marsh-0
Trainset/Images_tif/94_HE_(d-4_x-9216_y-50688_w-2048_h-2048).tif,Trainset/Labels_tif/94_HE_(d-4_x-9216_y-50688_w-2048_h-2048).tif,Trainset,94,0.263702392578125,Marsh-1
Trainset/Images_tif/125_HE_(d-4_x-33792_y-13824_w-2048_h-2048).tif,Trainset/Labels_tif/125_HE_(d-4_x-33792_y-13824_w-2048_h-2048).tif,Trainset,125,0.2663764953613281,Marsh-1
Trainset/Images_tif/12_HE_(d-4_x-13824_y-3072_w-2048_h-2048).tif,Trainset/Labels_tif/12_HE_(d-4_x-13824_y-3072_w-2048_h-2048).tif,Trainset,12,0.14439010620117188,Marsh-3a
Trainset/Images_tif/59_HE_(d-4_x-39936_y-55296_w-2048_h-2048).tif,Trainset/Labels_tif/59_HE_(d-4_x-39936_y-55296_w-2048_h-2048).tif,Trainset,59,0.023097991943359375,Marsh-3b
Trainset/Images_tif/81_HE_(d-4_x-10752_y-12288_w-2048_h-2048).tif,Trainset/Labels_tif/81_HE_(d-4_x-10752_y-12288_w-2048_h-2048).tif,Trainset,81,0.4102516174316406,Marsh-0
Trainset/Images_tif/51_HE_(d-4_x-6144_y-6144_w-2048_h-2048).tif,Trainset/Labels_tif/51_HE_(d-4_x-6144_y-6144_w-2048_h-2048).tif,Trainset,51,0.21319198608398438,Marsh-3a
Trainset/Images_tif/122_HE_(d-4_x-16896_y-4608_w-2048_h-2048).tif,Trainset/Labels_tif/122_HE_(d-4_x-16896_y-4608_w-2048_h-2048).tif,Trainset,122,0.23928451538085938,Marsh-1
Trainset/Images_tif/125_HE_(d-4_x-33792_y-4608_w-2048_h-2048).tif,Trainset/Labels_tif/125_HE_(d-4_x-33792_y-4608_w-2048_h-2048).tif,Trainset,125,0.30548858642578125,Marsh-1
Trainset/Images_tif/67_HE_(d-4_x-50688_y-12288_w-2048_h-2048).tif,Trainset/Labels_tif/67_HE_(d-4_x-50688_y-12288_w-2048_h-2048).tif,Trainset,67,0.15502548217773438,Marsh-3a
Trainset/Images_tif/111_HE_(d-4_x-36864_y-13824_w-2048_h-2048).tif,Trainset/Labels_tif/111_HE_(d-4_x-36864_y-13824_w-2048_h-2048).tif,Trainset,111,0.303985595703125,Marsh-1
Trainset/Images_tif/56_HE_(d-4_x-33792_y-59904_w-2048_h-2048).tif,Trainset/Labels_tif/56_HE_(d-4_x-33792_y-59904_w-2048_h-2048).tif,Trainset,56,0.203826904296875,Marsh-3a
Trainset/Images_tif/2_HE_(d-4_x-13824_y-43008_w-2048_h-2048).tif,Trainset/Labels_tif/2_HE_(d-4_x-13824_y-43008_w-2048_h-2048).tif,Trainset,2,0.0,Marsh-3b
Trainset/Images_tif/91_HE_(d-4_x-13824_y-13824_w-2048_h-2048).tif,Trainset/Labels_tif/91_HE_(d-4_x-13824_y-13824_w-2048_h-2048).tif,Trainset,91,0.16075515747070312,Marsh-3a
Trainset/Images_tif/94_HE_(d-4_x-6144_y-52224_w-2048_h-2048).tif,Trainset/Labels_tif/94_HE_(d-4_x-6144_y-52224_w-2048_h-2048).tif,Trainset,94,0.3975944519042969,Marsh-0
Trainset/Images_tif/84_HE_(d-4_x-13824_y-19968_w-2048_h-2048).tif,Trainset/Labels_tif/84_HE_(d-4_x-13824_y-19968_w-2048_h-2048).tif,Trainset,84,0.38216400146484375,Marsh-0
Trainset/Images_tif/111_HE_(d-4_x-56832_y-29184_w-2048_h-2048).tif,Trainset/Labels_tif/111_HE_(d-4_x-56832_y-29184_w-2048_h-2048).tif,Trainset,111,0.4196929931640625,Marsh-0
Trainset/Images_tif/85_HE_(d-4_x-30720_y-10752_w-2048_h-2048).tif,Trainset/Labels_tif/85_HE_(d-4_x-30720_y-10752_w-2048_h-2048).tif,Trainset,85,0.18828201293945312,Marsh-3a
Trainset/Images_tif/25_HE_(d-4_x-16896_y-12288_w-2048_h-2048).tif,Trainset/Labels_tif/25_HE_(d-4_x-16896_y-12288_w-2048_h-2048).tif,Trainset,25,0.13326644897460938,Marsh-3b
Trainset/Images_tif/8_HE_(d-4_x-38400_y-26112_w-2048_h-2048).tif,Trainset/Labels_tif/8_HE_(d-4_x-38400_y-26112_w-2048_h-2048).tif,Trainset,8,0.0119171142578125,Marsh-3b
Trainset/Images_tif/72_HE_(d-4_x-105984_y-44544_w-2048_h-2048).tif,Trainset/Labels_tif/72_HE_(d-4_x-105984_y-44544_w-2048_h-2048).tif,Trainset,72,0.10858154296875,Marsh-3b
Trainset/Images_tif/2_HE_(d-4_x-32256_y-44544_w-2048_h-2048).tif,Trainset/Labels_tif/2_HE_(d-4_x-32256_y-44544_w-2048_h-2048).tif,Trainset,2,0.3096771240234375,Marsh-1
Trainset/Images_tif/27_HE_(d-4_x-24576_y-23040_w-2048_h-2048).tif,Trainset/Labels_tif/27_HE_(d-4_x-24576_y-23040_w-2048_h-2048).tif,Trainset,27,0.2729835510253906,Marsh-1
Trainset/Images_tif/38_HE_(d-4_x-38400_y-29184_w-2048_h-2048).tif,Trainset/Labels_tif/38_HE_(d-4_x-38400_y-29184_w-2048_h-2048).tif,Trainset,38,0.38112640380859375,Marsh-0
Trainset/Images_tif/86_HE_(d-4_x-10752_y-7680_w-2048_h-2048).tif,Trainset/Labels_tif/86_HE_(d-4_x-10752_y-7680_w-2048_h-2048).tif,Trainset,86,0.4937553405761719,Marsh-0
Trainset/Images_tif/86_HE_(d-4_x-1536_y-12288_w-2048_h-2048).tif,Trainset/Labels_tif/86_HE_(d-4_x-1536_y-12288_w-2048_h-2048).tif,Trainset,86,0.14153671264648438,Marsh-3a
Trainset/Images_tif/135_HE_(d-4_x-27648_y-43008_w-2048_h-2048).tif,Trainset/Labels_tif/135_HE_(d-4_x-27648_y-43008_w-2048_h-2048).tif,Trainset,135,0.30034637451171875,Marsh-1
Trainset/Images_tif/48_HE_(d-4_x-23040_y-6144_w-2048_h-2048).tif,Trainset/Labels_tif/48_HE_(d-4_x-23040_y-6144_w-2048_h-2048).tif,Trainset,48,0.2735099792480469,Marsh-1
Trainset/Images_tif/102_HE_(d-4_x-7680_y-7680_w-2048_h-2048).tif,Trainset/Labels_tif/102_HE_(d-4_x-7680_y-7680_w-2048_h-2048).tif,Trainset,102,0.5543136596679688,Marsh-0
Trainset/Images_tif/14_HE_(d-4_x-6144_y-10752_w-2048_h-2048).tif,Trainset/Labels_tif/14_HE_(d-4_x-6144_y-10752_w-2048_h-2048).tif,Trainset,14,0.10076141357421875,Marsh-3b
Trainset/Images_tif/87_HE_(d-4_x-27648_y-13824_w-2048_h-2048).tif,Trainset/Labels_tif/87_HE_(d-4_x-27648_y-13824_w-2048_h-2048).tif,Trainset,87,0.3956756591796875,Marsh-0
Trainset/Images_tif/17_HE_(d-4_x-10752_y-3072_w-2048_h-2048).tif,Trainset/Labels_tif/17_HE_(d-4_x-10752_y-3072_w-2048_h-2048).tif,Trainset,17,0.28934478759765625,Marsh-1
Trainset/Images_tif/105_HE_(d-4_x-23040_y-7680_w-2048_h-2048).tif,Trainset/Labels_tif/105_HE_(d-4_x-23040_y-7680_w-2048_h-2048).tif,Trainset,105,0.3092536926269531,Marsh-1
Trainset/Images_tif/79_HE_(d-4_x-7680_y-7680_w-2048_h-2048).tif,Trainset/Labels_tif/79_HE_(d-4_x-7680_y-7680_w-2048_h-2048).tif,Trainset,79,0.418548583984375,Marsh-0
Trainset/Images_tif/29_HE_(d-4_x-52224_y-9216_w-2048_h-2048).tif,Trainset/Labels_tif/29_HE_(d-4_x-52224_y-9216_w-2048_h-2048).tif,Trainset,29,0.27562713623046875,Marsh-1
Trainset/Images_tif/14_HE_(d-4_x-7680_y-6144_w-2048_h-2048).tif,Trainset/Labels_tif/14_HE_(d-4_x-7680_y-6144_w-2048_h-2048).tif,Trainset,14,0.2674598693847656,Marsh-1
Trainset/Images_tif/29_HE_(d-4_x-47616_y-7680_w-2048_h-2048).tif,Trainset/Labels_tif/29_HE_(d-4_x-47616_y-7680_w-2048_h-2048).tif,Trainset,29,0.5052108764648438,Marsh-0
Trainset/Images_tif/136_HE_(d-4_x-7680_y-15360_w-2048_h-2048).tif,Trainset/Labels_tif/136_HE_(d-4_x-7680_y-15360_w-2048_h-2048).tif,Trainset,136,0.019832611083984375,Marsh-3b
Trainset/Images_tif/80_HE_(d-4_x-15360_y-21504_w-2048_h-2048).tif,Trainset/Labels_tif/80_HE_(d-4_x-15360_y-21504_w-2048_h-2048).tif,Trainset,80,0.18870162963867188,Marsh-3a
Trainset/Images_tif/35_HE_(d-4_x-16896_y-9216_w-2048_h-2048).tif,Trainset/Labels_tif/35_HE_(d-4_x-16896_y-9216_w-2048_h-2048).tif,Trainset,35,0.07517623901367188,Marsh-3b
Trainset/Images_tif/137_HE_(d-4_x-6144_y-19968_w-2048_h-2048).tif,Trainset/Labels_tif/137_HE_(d-4_x-6144_y-19968_w-2048_h-2048).tif,Trainset,137,0.2131805419921875,Marsh-3a
Trainset/Images_tif/87_HE_(d-4_x-19968_y-16896_w-2048_h-2048).tif,Trainset/Labels_tif/87_HE_(d-4_x-19968_y-16896_w-2048_h-2048).tif,Trainset,87,0.23366165161132812,Marsh-3a
Trainset/Images_tif/70_HE_(d-4_x-6144_y-7680_w-2048_h-2048).tif,Trainset/Labels_tif/70_HE_(d-4_x-6144_y-7680_w-2048_h-2048).tif,Trainset,70,0.31766510009765625,Marsh-1
Trainset/Images_tif/136_HE_(d-4_x-6144_y-16896_w-2048_h-2048).tif,Trainset/Labels_tif/136_HE_(d-4_x-6144_y-16896_w-2048_h-2048).tif,Trainset,136,0.0297393798828125,Marsh-3b
Trainset/Images_tif/100_HE_(d-4_x-13824_y-55296_w-2048_h-2048).tif,Trainset/Labels_tif/100_HE_(d-4_x-13824_y-55296_w-2048_h-2048).tif,Trainset,100,0.47841644287109375,Marsh-0
Trainset/Images_tif/128_HE_(d-4_x-4608_y-7680_w-2048_h-2048).tif,Trainset/Labels_tif/128_HE_(d-4_x-4608_y-7680_w-2048_h-2048).tif,Trainset,128,0.22396469116210938,Marsh-3a
Trainset/Images_tif/114_HE_(d-4_x-29184_y-16896_w-2048_h-2048).tif,Trainset/Labels_tif/114_HE_(d-4_x-29184_y-16896_w-2048_h-2048).tif,Trainset,114,0.4499931335449219,Marsh-0
Trainset/Images_tif/32_HE_(d-4_x-58368_y-67584_w-2048_h-2048).tif,Trainset/Labels_tif/32_HE_(d-4_x-58368_y-67584_w-2048_h-2048).tif,Trainset,32,0.3063545227050781,Marsh-1
Trainset/Images_tif/17_HE_(d-4_x-12288_y-3072_w-2048_h-2048).tif,Trainset/Labels_tif/17_HE_(d-4_x-12288_y-3072_w-2048_h-2048).tif,Trainset,17,0.2626075744628906,Marsh-1
Trainset/Images_tif/4_HE_(d-4_x-35328_y-19968_w-2048_h-2048).tif,Trainset/Labels_tif/4_HE_(d-4_x-35328_y-19968_w-2048_h-2048).tif,Trainset,4,0.5640144348144531,Marsh-0
Trainset/Images_tif/63_HE_(d-4_x-19968_y-16896_w-2048_h-2048).tif,Trainset/Labels_tif/63_HE_(d-4_x-19968_y-16896_w-2048_h-2048).tif,Trainset,63,0.1633453369140625,Marsh-3a
Trainset/Images_tif/77_HE_(d-4_x-32256_y-26112_w-2048_h-2048).tif,Trainset/Labels_tif/77_HE_(d-4_x-32256_y-26112_w-2048_h-2048).tif,Trainset,77,0.4581871032714844,Marsh-0
Trainset/Images_tif/14_HE_(d-4_x-9216_y-10752_w-2048_h-2048).tif,Trainset/Labels_tif/14_HE_(d-4_x-9216_y-10752_w-2048_h-2048).tif,Trainset,14,0.23465728759765625,Marsh-1
Trainset/Images_tif/11_HE_(d-4_x-9216_y-33792_w-2048_h-2048).tif,Trainset/Labels_tif/11_HE_(d-4_x-9216_y-33792_w-2048_h-2048).tif,Trainset,11,0.079010009765625,Marsh-3b
Trainset/Images_tif/121_HE_(d-4_x-4608_y-6144_w-2048_h-2048).tif,Trainset/Labels_tif/121_HE_(d-4_x-4608_y-6144_w-2048_h-2048).tif,Trainset,121,0.3648681640625,Marsh-0
Trainset/Images_tif/14_HE_(d-4_x-3072_y-10752_w-2048_h-2048).tif,Trainset/Labels_tif/14_HE_(d-4_x-3072_y-10752_w-2048_h-2048).tif,Trainset,14,0.3912544250488281,Marsh-0
Trainset/Images_tif/29_HE_(d-4_x-62976_y-18432_w-2048_h-2048).tif,Trainset/Labels_tif/29_HE_(d-4_x-62976_y-18432_w-2048_h-2048).tif,Trainset,29,0.445037841796875,Marsh-0
Trainset/Images_tif/77_HE_(d-4_x-32256_y-27648_w-2048_h-2048).tif,Trainset/Labels_tif/77_HE_(d-4_x-32256_y-27648_w-2048_h-2048).tif,Trainset,77,0.4488410949707031,Marsh-0
Trainset/Images_tif/22_HE_(d-4_x-6144_y-6144_w-2048_h-2048).tif,Trainset/Labels_tif/22_HE_(d-4_x-6144_y-6144_w-2048_h-2048).tif,Trainset,22,0.21982955932617188,Marsh-3a
Trainset/Images_tif/105_HE_(d-4_x-24576_y-9216_w-2048_h-2048).tif,Trainset/Labels_tif/105_HE_(d-4_x-24576_y-9216_w-2048_h-2048).tif,Trainset,105,0.2788124084472656,Marsh-1
Trainset/Images_tif/72_HE_(d-4_x-105984_y-49152_w-2048_h-2048).tif,Trainset/Labels_tif/72_HE_(d-4_x-105984_y-49152_w-2048_h-2048).tif,Trainset,72,0.20475006103515625,Marsh-3a
Trainset/Images_tif/127_HE_(d-4_x-24576_y-6144_w-2048_h-2048).tif,Trainset/Labels_tif/127_HE_(d-4_x-24576_y-6144_w-2048_h-2048).tif,Trainset,127,0.12582778930664062,Marsh-3b
Trainset/Images_tif/63_HE_(d-4_x-47616_y-16896_w-2048_h-2048).tif,Trainset/Labels_tif/63_HE_(d-4_x-47616_y-16896_w-2048_h-2048).tif,Trainset,63,0.343719482421875,Marsh-0
Trainset/Images_tif/84_HE_(d-4_x-36864_y-26112_w-2048_h-2048).tif,Trainset/Labels_tif/84_HE_(d-4_x-36864_y-26112_w-2048_h-2048).tif,Trainset,84,0.0802764892578125,Marsh-3b
Trainset/Images_tif/63_HE_(d-4_x-46080_y-13824_w-2048_h-2048).tif,Trainset/Labels_tif/63_HE_(d-4_x-46080_y-13824_w-2048_h-2048).tif,Trainset,63,0.2627105712890625,Marsh-1
Trainset/Images_tif/13_HE_(d-4_x-29184_y-4608_w-2048_h-2048).tif,Trainset/Labels_tif/13_HE_(d-4_x-29184_y-4608_w-2048_h-2048).tif,Trainset,13,0.2616920471191406,Marsh-1
Trainset/Images_tif/53_HE_(d-4_x-12288_y-6144_w-2048_h-2048).tif,Trainset/Labels_tif/53_HE_(d-4_x-12288_y-6144_w-2048_h-2048).tif,Trainset,53,0.4139251708984375,Marsh-0
Trainset/Images_tif/114_HE_(d-4_x-19968_y-15360_w-2048_h-2048).tif,Trainset/Labels_tif/114_HE_(d-4_x-19968_y-15360_w-2048_h-2048).tif,Trainset,114,0.2535438537597656,Marsh-1
Trainset/Images_tif/105_HE_(d-4_x-4608_y-1536_w-2048_h-2048).tif,Trainset/Labels_tif/105_HE_(d-4_x-4608_y-1536_w-2048_h-2048).tif,Trainset,105,0.07550048828125,Marsh-3b
Trainset/Images_tif/2_HE_(d-4_x-9216_y-67584_w-2048_h-2048).tif,Trainset/Labels_tif/2_HE_(d-4_x-9216_y-67584_w-2048_h-2048).tif,Trainset,2,0.07407379150390625,Marsh-3b
Trainset/Images_tif/59_HE_(d-4_x-35328_y-44544_w-2048_h-2048).tif,Trainset/Labels_tif/59_HE_(d-4_x-35328_y-44544_w-2048_h-2048).tif,Trainset,59,0.04761505126953125,Marsh-3b
Trainset/Images_tif/111_HE_(d-4_x-39936_y-10752_w-2048_h-2048).tif,Trainset/Labels_tif/111_HE_(d-4_x-39936_y-10752_w-2048_h-2048).tif,Trainset,111,0.13733673095703125,Marsh-3a
Trainset/Images_tif/62_HE_(d-4_x-15360_y-13824_w-2048_h-2048).tif,Trainset/Labels_tif/62_HE_(d-4_x-15360_y-13824_w-2048_h-2048).tif,Trainset,62,0.24589920043945312,Marsh-1
Trainset/Images_tif/2_HE_(d-4_x-10752_y-66048_w-2048_h-2048).tif,Trainset/Labels_tif/2_HE_(d-4_x-10752_y-66048_w-2048_h-2048).tif,Trainset,2,0.2790679931640625,Marsh-1
Trainset/Images_tif/89_HE_(d-4_x-7680_y-9216_w-2048_h-2048).tif,Trainset/Labels_tif/89_HE_(d-4_x-7680_y-9216_w-2048_h-2048).tif,Trainset,89,0.09676361083984375,Marsh-3b
Trainset/Images_tif/52_HE_(d-4_x-7680_y-12288_w-2048_h-2048).tif,Trainset/Labels_tif/52_HE_(d-4_x-7680_y-12288_w-2048_h-2048).tif,Trainset,52,0.041027069091796875,Marsh-3b
Trainset/Images_tif/130_HE_(d-4_x-7680_y-39936_w-2048_h-2048).tif,Trainset/Labels_tif/130_HE_(d-4_x-7680_y-39936_w-2048_h-2048).tif,Trainset,130,0.3158073425292969,Marsh-1
Trainset/Images_tif/131_HE_(d-4_x-4608_y-4608_w-2048_h-2048).tif,Trainset/Labels_tif/131_HE_(d-4_x-4608_y-4608_w-2048_h-2048).tif,Trainset,131,0.22059249877929688,Marsh-3a
Trainset/Images_tif/45_HE_(d-4_x-56832_y-15360_w-2048_h-2048).tif,Trainset/Labels_tif/45_HE_(d-4_x-56832_y-15360_w-2048_h-2048).tif,Trainset,45,0.22314453125,Marsh-3a
Trainset/Images_tif/36_HE_(d-4_x-19968_y-9216_w-2048_h-2048).tif,Trainset/Labels_tif/36_HE_(d-4_x-19968_y-9216_w-2048_h-2048).tif,Trainset,36,0.593017578125,Marsh-0
Trainset/Images_tif/80_HE_(d-4_x-13824_y-29184_w-2048_h-2048).tif,Trainset/Labels_tif/80_HE_(d-4_x-13824_y-29184_w-2048_h-2048).tif,Trainset,80,0.2624855041503906,Marsh-1
Trainset/Images_tif/65_HE_(d-4_x-10752_y-30720_w-2048_h-2048).tif,Trainset/Labels_tif/65_HE_(d-4_x-10752_y-30720_w-2048_h-2048).tif,Trainset,65,0.0,Marsh-3b
Trainset/Images_tif/109_HE_(d-4_x-7680_y-24576_w-2048_h-2048).tif,Trainset/Labels_tif/109_HE_(d-4_x-7680_y-24576_w-2048_h-2048).tif,Trainset,109,0.029468536376953125,Marsh-3b
Trainset/Images_tif/112_HE_(d-4_x-10752_y-15360_w-2048_h-2048).tif,Trainset/Labels_tif/112_HE_(d-4_x-10752_y-15360_w-2048_h-2048).tif,Trainset,112,0.0943756103515625,Marsh-3b
Trainset/Images_tif/122_HE_(d-4_x-19968_y-4608_w-2048_h-2048).tif,Trainset/Labels_tif/122_HE_(d-4_x-19968_y-4608_w-2048_h-2048).tif,Trainset,122,0.08222198486328125,Marsh-3b
Trainset/Images_tif/118_HE_(d-4_x-38400_y-53760_w-2048_h-2048).tif,Trainset/Labels_tif/118_HE_(d-4_x-38400_y-53760_w-2048_h-2048).tif,Trainset,118,0.14787673950195312,Marsh-3a
Trainset/Images_tif/114_HE_(d-4_x-27648_y-18432_w-2048_h-2048).tif,Trainset/Labels_tif/114_HE_(d-4_x-27648_y-18432_w-2048_h-2048).tif,Trainset,114,0.4055938720703125,Marsh-0
Trainset/Images_tif/32_HE_(d-4_x-70656_y-38400_w-2048_h-2048).tif,Trainset/Labels_tif/32_HE_(d-4_x-70656_y-38400_w-2048_h-2048).tif,Trainset,32,0.001514434814453125,Marsh-3b
Trainset/Images_tif/113_HE_(d-4_x-6144_y-30720_w-2048_h-2048).tif,Trainset/Labels_tif/113_HE_(d-4_x-6144_y-30720_w-2048_h-2048).tif,Trainset,113,0.1550445556640625,Marsh-3a
Trainset/Images_tif/94_HE_(d-4_x-7680_y-46080_w-2048_h-2048).tif,Trainset/Labels_tif/94_HE_(d-4_x-7680_y-46080_w-2048_h-2048).tif,Trainset,94,0.23819351196289062,Marsh-1
Trainset/Images_tif/49_HE_(d-4_x-32256_y-13824_w-2048_h-2048).tif,Trainset/Labels_tif/49_HE_(d-4_x-32256_y-13824_w-2048_h-2048).tif,Trainset,49,0.21307754516601562,Marsh-3a
Trainset/Images_tif/38_HE_(d-4_x-9216_y-21504_w-2048_h-2048).tif,Trainset/Labels_tif/38_HE_(d-4_x-9216_y-21504_w-2048_h-2048).tif,Trainset,38,0.2521514892578125,Marsh-1
Trainset/Images_tif/70_HE_(d-4_x-9216_y-6144_w-2048_h-2048).tif,Trainset/Labels_tif/70_HE_(d-4_x-9216_y-6144_w-2048_h-2048).tif,Trainset,70,0.2854652404785156,Marsh-1
Trainset/Images_tif/114_HE_(d-4_x-26112_y-21504_w-2048_h-2048).tif,Trainset/Labels_tif/114_HE_(d-4_x-26112_y-21504_w-2048_h-2048).tif,Trainset,114,0.23204421997070312,Marsh-3a
Trainset/Images_tif/52_HE_(d-4_x-12288_y-6144_w-2048_h-2048).tif,Trainset/Labels_tif/52_HE_(d-4_x-12288_y-6144_w-2048_h-2048).tif,Trainset,52,0.2519187927246094,Marsh-1
Trainset/Images_tif/33_HE_(d-4_x-29184_y-12288_w-2048_h-2048).tif,Trainset/Labels_tif/33_HE_(d-4_x-29184_y-12288_w-2048_h-2048).tif,Trainset,33,0.242095947265625,Marsh-1
Trainset/Images_tif/2_HE_(d-4_x-10752_y-38400_w-2048_h-2048).tif,Trainset/Labels_tif/2_HE_(d-4_x-10752_y-38400_w-2048_h-2048).tif,Trainset,2,0.17112350463867188,Marsh-3a
Trainset/Images_tif/17_HE_(d-4_x-30720_y-4608_w-2048_h-2048).tif,Trainset/Labels_tif/17_HE_(d-4_x-30720_y-4608_w-2048_h-2048).tif,Trainset,17,0.2594795227050781,Marsh-1
Trainset/Images_tif/58_HE_(d-4_x-44544_y-9216_w-2048_h-2048).tif,Trainset/Labels_tif/58_HE_(d-4_x-44544_y-9216_w-2048_h-2048).tif,Trainset,58,0.4585227966308594,Marsh-0
Trainset/Images_tif/27_HE_(d-4_x-4608_y-27648_w-2048_h-2048).tif,Trainset/Labels_tif/27_HE_(d-4_x-4608_y-27648_w-2048_h-2048).tif,Trainset,27,0.1981658935546875,Marsh-3a
Trainset/Images_tif/78_HE_(d-4_x-32256_y-18432_w-2048_h-2048).tif,Trainset/Labels_tif/78_HE_(d-4_x-32256_y-18432_w-2048_h-2048).tif,Trainset,78,0.11097335815429688,Marsh-3b
Trainset/Images_tif/70_HE_(d-4_x-6144_y-15360_w-2048_h-2048).tif,Trainset/Labels_tif/70_HE_(d-4_x-6144_y-15360_w-2048_h-2048).tif,Trainset,70,0.1776885986328125,Marsh-3a
Trainset/Images_tif/142_HE_(d-4_x-12288_y-9216_w-2048_h-2048).tif,Trainset/Labels_tif/142_HE_(d-4_x-12288_y-9216_w-2048_h-2048).tif,Trainset,142,0.17468643188476562,Marsh-3a
Trainset/Images_tif/39_HE_(d-4_x-27648_y-18432_w-2048_h-2048).tif,Trainset/Labels_tif/39_HE_(d-4_x-27648_y-18432_w-2048_h-2048).tif,Trainset,39,0.23958587646484375,Marsh-1
Trainset/Images_tif/65_HE_(d-4_x-30720_y-24576_w-2048_h-2048).tif,Trainset/Labels_tif/65_HE_(d-4_x-30720_y-24576_w-2048_h-2048).tif,Trainset,65,0.08178329467773438,Marsh-3b
Trainset/Images_tif/36_HE_(d-4_x-10752_y-7680_w-2048_h-2048).tif,Trainset/Labels_tif/36_HE_(d-4_x-10752_y-7680_w-2048_h-2048).tif,Trainset,36,0.2598419189453125,Marsh-1
Trainset/Images_tif/67_HE_(d-4_x-43008_y-12288_w-2048_h-2048).tif,Trainset/Labels_tif/67_HE_(d-4_x-43008_y-12288_w-2048_h-2048).tif,Trainset,67,0.013668060302734375,Marsh-3b
Trainset/Images_tif/33_HE_(d-4_x-9216_y-10752_w-2048_h-2048).tif,Trainset/Labels_tif/33_HE_(d-4_x-9216_y-10752_w-2048_h-2048).tif,Trainset,33,0.4400444030761719,Marsh-0
Trainset/Images_tif/86_HE_(d-4_x-6144_y-13824_w-2048_h-2048).tif,Trainset/Labels_tif/86_HE_(d-4_x-6144_y-13824_w-2048_h-2048).tif,Trainset,86,0.5605850219726562,Marsh-0
Trainset/Images_tif/85_HE_(d-4_x-29184_y-12288_w-2048_h-2048).tif,Trainset/Labels_tif/85_HE_(d-4_x-29184_y-12288_w-2048_h-2048).tif,Trainset,85,0.21189498901367188,Marsh-3a
Trainset/Images_tif/127_HE_(d-4_x-29184_y-10752_w-2048_h-2048).tif,Trainset/Labels_tif/127_HE_(d-4_x-29184_y-10752_w-2048_h-2048).tif,Trainset,127,0.1621551513671875,Marsh-3a
Trainset/Images_tif/113_HE_(d-4_x-16896_y-9216_w-2048_h-2048).tif,Trainset/Labels_tif/113_HE_(d-4_x-16896_y-9216_w-2048_h-2048).tif,Trainset,113,0.0405120849609375,Marsh-3b
Trainset/Images_tif/140_HE_(d-4_x-6144_y-7680_w-2048_h-2048).tif,Trainset/Labels_tif/140_HE_(d-4_x-6144_y-7680_w-2048_h-2048).tif,Trainset,140,0.19493865966796875,Marsh-3a
Trainset/Images_tif/104_HE_(d-4_x-13824_y-12288_w-2048_h-2048).tif,Trainset/Labels_tif/104_HE_(d-4_x-13824_y-12288_w-2048_h-2048).tif,Trainset,104,0.15345382690429688,Marsh-3a
Trainset/Images_tif/82_HE_(d-4_x-16896_y-10752_w-2048_h-2048).tif,Trainset/Labels_tif/82_HE_(d-4_x-16896_y-10752_w-2048_h-2048).tif,Trainset,82,0.48522186279296875,Marsh-0
Trainset/Images_tif/142_HE_(d-4_x-3072_y-6144_w-2048_h-2048).tif,Trainset/Labels_tif/142_HE_(d-4_x-3072_y-6144_w-2048_h-2048).tif,Trainset,142,0.2549552917480469,Marsh-1
Trainset/Images_tif/33_HE_(d-4_x-30720_y-16896_w-2048_h-2048).tif,Trainset/Labels_tif/33_HE_(d-4_x-30720_y-16896_w-2048_h-2048).tif,Trainset,33,0.11917495727539062,Marsh-3b
Trainset/Images_tif/126_HE_(d-4_x-6144_y-6144_w-2048_h-2048).tif,Trainset/Labels_tif/126_HE_(d-4_x-6144_y-6144_w-2048_h-2048).tif,Trainset,126,0.24690628051757812,Marsh-1
Trainset/Images_tif/124_HE_(d-4_x-33792_y-15360_w-2048_h-2048).tif,Trainset/Labels_tif/124_HE_(d-4_x-33792_y-15360_w-2048_h-2048).tif,Trainset,124,0.021389007568359375,Marsh-3b
Trainset/Images_tif/85_HE_(d-4_x-6144_y-6144_w-2048_h-2048).tif,Trainset/Labels_tif/85_HE_(d-4_x-6144_y-6144_w-2048_h-2048).tif,Trainset,85,0.3518180847167969,Marsh-0
Trainset/Images_tif/102_HE_(d-4_x-13824_y-35328_w-2048_h-2048).tif,Trainset/Labels_tif/102_HE_(d-4_x-13824_y-35328_w-2048_h-2048).tif,Trainset,102,0.3666839599609375,Marsh-0
Trainset/Images_tif/131_HE_(d-4_x-9216_y-4608_w-2048_h-2048).tif,Trainset/Labels_tif/131_HE_(d-4_x-9216_y-4608_w-2048_h-2048).tif,Trainset,131,0.10878753662109375,Marsh-3b
Trainset/Images_tif/60_HE_(d-4_x-19968_y-7680_w-2048_h-2048).tif,Trainset/Labels_tif/60_HE_(d-4_x-19968_y-7680_w-2048_h-2048).tif,Trainset,60,0.18204498291015625,Marsh-3a
Trainset/Images_tif/104_HE_(d-4_x-7680_y-18432_w-2048_h-2048).tif,Trainset/Labels_tif/104_HE_(d-4_x-7680_y-18432_w-2048_h-2048).tif,Trainset,104,0.17468643188476562,Marsh-3a
Trainset/Images_tif/127_HE_(d-4_x-26112_y-6144_w-2048_h-2048).tif,Trainset/Labels_tif/127_HE_(d-4_x-26112_y-6144_w-2048_h-2048).tif,Trainset,127,0.22462081909179688,Marsh-3a
Trainset/Images_tif/17_HE_(d-4_x-7680_y-4608_w-2048_h-2048).tif,Trainset/Labels_tif/17_HE_(d-4_x-7680_y-4608_w-2048_h-2048).tif,Trainset,17,0.43900299072265625,Marsh-0
Trainset/Images_tif/63_HE_(d-4_x-44544_y-15360_w-2048_h-2048).tif,Trainset/Labels_tif/63_HE_(d-4_x-44544_y-15360_w-2048_h-2048).tif,Trainset,63,0.23241806030273438,Marsh-3a
Trainset/Images_tif/101_HE_(d-4_x-10752_y-10752_w-2048_h-2048).tif,Trainset/Labels_tif/101_HE_(d-4_x-10752_y-10752_w-2048_h-2048).tif,Trainset,101,0.033161163330078125,Marsh-3b
Trainset/Images_tif/102_HE_(d-4_x-18432_y-35328_w-2048_h-2048).tif,Trainset/Labels_tif/102_HE_(d-4_x-18432_y-35328_w-2048_h-2048).tif,Trainset,102,0.45197296142578125,Marsh-0
Trainset/Images_tif/8_HE_(d-4_x-9216_y-10752_w-2048_h-2048).tif,Trainset/Labels_tif/8_HE_(d-4_x-9216_y-10752_w-2048_h-2048).tif,Trainset,8,0.09552764892578125,Marsh-3b
Trainset/Images_tif/125_HE_(d-4_x-3072_y-3072_w-2048_h-2048).tif,Trainset/Labels_tif/125_HE_(d-4_x-3072_y-3072_w-2048_h-2048).tif,Trainset,125,0.013355255126953125,Marsh-3b
Trainset/Images_tif/105_HE_(d-4_x-21504_y-6144_w-2048_h-2048).tif,Trainset/Labels_tif/105_HE_(d-4_x-21504_y-6144_w-2048_h-2048).tif,Trainset,105,0.21133804321289062,Marsh-3a
Trainset/Images_tif/78_HE_(d-4_x-36864_y-16896_w-2048_h-2048).tif,Trainset/Labels_tif/78_HE_(d-4_x-36864_y-16896_w-2048_h-2048).tif,Trainset,78,0.13811492919921875,Marsh-3a
Trainset/Images_tif/67_HE_(d-4_x-49152_y-16896_w-2048_h-2048).tif,Trainset/Labels_tif/67_HE_(d-4_x-49152_y-16896_w-2048_h-2048).tif,Trainset,67,0.09017562866210938,Marsh-3b
Trainset/Images_tif/81_HE_(d-4_x-4608_y-6144_w-2048_h-2048).tif,Trainset/Labels_tif/81_HE_(d-4_x-4608_y-6144_w-2048_h-2048).tif,Trainset,81,0.308624267578125,Marsh-1
Trainset/Images_tif/31_HE_(d-4_x-19968_y-53760_w-2048_h-2048).tif,Trainset/Labels_tif/31_HE_(d-4_x-19968_y-53760_w-2048_h-2048).tif,Trainset,31,0.23693466186523438,Marsh-1
Trainset/Images_tif/2_HE_(d-4_x-9216_y-62976_w-2048_h-2048).tif,Trainset/Labels_tif/2_HE_(d-4_x-9216_y-62976_w-2048_h-2048).tif,Trainset,2,0.19500350952148438,Marsh-3a
Trainset/Images_tif/134_HE_(d-4_x-7680_y-33792_w-2048_h-2048).tif,Trainset/Labels_tif/134_HE_(d-4_x-7680_y-33792_w-2048_h-2048).tif,Trainset,134,0.0,Marsh-3b
Trainset/Images_tif/17_HE_(d-4_x-23040_y-4608_w-2048_h-2048).tif,Trainset/Labels_tif/17_HE_(d-4_x-23040_y-4608_w-2048_h-2048).tif,Trainset,17,0.0,Marsh-3b
Trainset/Images_tif/29_HE_(d-4_x-50688_y-12288_w-2048_h-2048).tif,Trainset/Labels_tif/29_HE_(d-4_x-50688_y-12288_w-2048_h-2048).tif,Trainset,29,0.20184326171875,Marsh-3a
Trainset/Images_tif/65_HE_(d-4_x-10752_y-24576_w-2048_h-2048).tif,Trainset/Labels_tif/65_HE_(d-4_x-10752_y-24576_w-2048_h-2048).tif,Trainset,65,0.044254302978515625,Marsh-3b
Trainset/Images_tif/60_HE_(d-4_x-4608_y-15360_w-2048_h-2048).tif,Trainset/Labels_tif/60_HE_(d-4_x-4608_y-15360_w-2048_h-2048).tif,Trainset,60,0.16450119018554688,Marsh-3a
Trainset/Images_tif/102_HE_(d-4_x-7680_y-6144_w-2048_h-2048).tif,Trainset/Labels_tif/102_HE_(d-4_x-7680_y-6144_w-2048_h-2048).tif,Trainset,102,0.61199951171875,Marsh-0
Trainset/Images_tif/142_HE_(d-4_x-52224_y-9216_w-2048_h-2048).tif,Trainset/Labels_tif/142_HE_(d-4_x-52224_y-9216_w-2048_h-2048).tif,Trainset,142,0.22937774658203125,Marsh-3a
Trainset/Images_tif/29_HE_(d-4_x-44544_y-6144_w-2048_h-2048).tif,Trainset/Labels_tif/29_HE_(d-4_x-44544_y-6144_w-2048_h-2048).tif,Trainset,29,0.23607254028320312,Marsh-1
Trainset/Images_tif/38_HE_(d-4_x-9216_y-15360_w-2048_h-2048).tif,Trainset/Labels_tif/38_HE_(d-4_x-9216_y-15360_w-2048_h-2048).tif,Trainset,38,0.5213203430175781,Marsh-0
Trainset/Images_tif/116_HE_(d-4_x-27648_y-9216_w-2048_h-2048).tif,Trainset/Labels_tif/116_HE_(d-4_x-27648_y-9216_w-2048_h-2048).tif,Trainset,116,0.4131278991699219,Marsh-0
Trainset/Images_tif/128_HE_(d-4_x-10752_y-3072_w-2048_h-2048).tif,Trainset/Labels_tif/128_HE_(d-4_x-10752_y-3072_w-2048_h-2048).tif,Trainset,128,0.29413604736328125,Marsh-1
Trainset/Images_tif/87_HE_(d-4_x-10752_y-12288_w-2048_h-2048).tif,Trainset/Labels_tif/87_HE_(d-4_x-10752_y-12288_w-2048_h-2048).tif,Trainset,87,0.4165496826171875,Marsh-0
Trainset/Images_tif/18_HE_(d-4_x-21504_y-6144_w-2048_h-2048).tif,Trainset/Labels_tif/18_HE_(d-4_x-21504_y-6144_w-2048_h-2048).tif,Trainset,18,0.2754020690917969,Marsh-1
Trainset/Images_tif/2_HE_(d-4_x-6144_y-46080_w-2048_h-2048).tif,Trainset/Labels_tif/2_HE_(d-4_x-6144_y-46080_w-2048_h-2048).tif,Trainset,2,0.3305473327636719,Marsh-1
Trainset/Images_tif/89_HE_(d-4_x-39936_y-3072_w-2048_h-2048).tif,Trainset/Labels_tif/89_HE_(d-4_x-39936_y-3072_w-2048_h-2048).tif,Trainset,89,0.2598419189453125,Marsh-1
Trainset/Images_tif/102_HE_(d-4_x-15360_y-38400_w-2048_h-2048).tif,Trainset/Labels_tif/102_HE_(d-4_x-15360_y-38400_w-2048_h-2048).tif,Trainset,102,0.4925498962402344,Marsh-0
Trainset/Images_tif/142_HE_(d-4_x-6144_y-10752_w-2048_h-2048).tif,Trainset/Labels_tif/142_HE_(d-4_x-6144_y-10752_w-2048_h-2048).tif,Trainset,142,0.24298477172851562,Marsh-1
Trainset/Images_tif/109_HE_(d-4_x-23040_y-24576_w-2048_h-2048).tif,Trainset/Labels_tif/109_HE_(d-4_x-23040_y-24576_w-2048_h-2048).tif,Trainset,109,0.1278533935546875,Marsh-3b
Trainset/Images_tif/130_HE_(d-4_x-23040_y-32256_w-2048_h-2048).tif,Trainset/Labels_tif/130_HE_(d-4_x-23040_y-32256_w-2048_h-2048).tif,Trainset,130,0.0117034912109375,Marsh-3b
Trainset/Images_tif/43_HE_(d-4_x-7680_y-10752_w-2048_h-2048).tif,Trainset/Labels_tif/43_HE_(d-4_x-7680_y-10752_w-2048_h-2048).tif,Trainset,43,0.31221771240234375,Marsh-1
Trainset/Images_tif/105_HE_(d-4_x-9216_y-15360_w-2048_h-2048).tif,Trainset/Labels_tif/105_HE_(d-4_x-9216_y-15360_w-2048_h-2048).tif,Trainset,105,0.5157546997070312,Marsh-0
Trainset/Images_tif/91_HE_(d-4_x-9216_y-16896_w-2048_h-2048).tif,Trainset/Labels_tif/91_HE_(d-4_x-9216_y-16896_w-2048_h-2048).tif,Trainset,91,0.0,Marsh-3b
Trainset/Images_tif/36_HE_(d-4_x-24576_y-9216_w-2048_h-2048).tif,Trainset/Labels_tif/36_HE_(d-4_x-24576_y-9216_w-2048_h-2048).tif,Trainset,36,0.4284858703613281,Marsh-0
Trainset/Images_tif/114_HE_(d-4_x-3072_y-18432_w-2048_h-2048).tif,Trainset/Labels_tif/114_HE_(d-4_x-3072_y-18432_w-2048_h-2048).tif,Trainset,114,0.39374542236328125,Marsh-0
Trainset/Images_tif/82_HE_(d-4_x-16896_y-7680_w-2048_h-2048).tif,Trainset/Labels_tif/82_HE_(d-4_x-16896_y-7680_w-2048_h-2048).tif,Trainset,82,0.4500999450683594,Marsh-0
Trainset/Images_tif/121_HE_(d-4_x-21504_y-7680_w-2048_h-2048).tif,Trainset/Labels_tif/121_HE_(d-4_x-21504_y-7680_w-2048_h-2048).tif,Trainset,121,0.07967758178710938,Marsh-3b
Trainset/Images_tif/43_HE_(d-4_x-30720_y-6144_w-2048_h-2048).tif,Trainset/Labels_tif/43_HE_(d-4_x-30720_y-6144_w-2048_h-2048).tif,Trainset,43,0.1428070068359375,Marsh-3a
Trainset/Images_tif/140_HE_(d-4_x-9216_y-4608_w-2048_h-2048).tif,Trainset/Labels_tif/140_HE_(d-4_x-9216_y-4608_w-2048_h-2048).tif,Trainset,140,0.3011207580566406,Marsh-1
Trainset/Images_tif/93_HE_(d-4_x-9216_y-4608_w-2048_h-2048).tif,Trainset/Labels_tif/93_HE_(d-4_x-9216_y-4608_w-2048_h-2048).tif,Trainset,93,0.5037841796875,Marsh-0
Trainset/Images_tif/56_HE_(d-4_x-27648_y-50688_w-2048_h-2048).tif,Trainset/Labels_tif/56_HE_(d-4_x-27648_y-50688_w-2048_h-2048).tif,Trainset,56,0.35329437255859375,Marsh-0
Trainset/Images_tif/22_HE_(d-4_x-7680_y-4608_w-2048_h-2048).tif,Trainset/Labels_tif/22_HE_(d-4_x-7680_y-4608_w-2048_h-2048).tif,Trainset,22,0.2571220397949219,Marsh-1
Trainset/Images_tif/32_HE_(d-4_x-70656_y-49152_w-2048_h-2048).tif,Trainset/Labels_tif/32_HE_(d-4_x-70656_y-49152_w-2048_h-2048).tif,Trainset,32,0.2047882080078125,Marsh-3a
Trainset/Images_tif/114_HE_(d-4_x-21504_y-4608_w-2048_h-2048).tif,Trainset/Labels_tif/114_HE_(d-4_x-21504_y-4608_w-2048_h-2048).tif,Trainset,114,0.4568824768066406,Marsh-0
Trainset/Images_tif/132_HE_(d-4_x-27648_y-12288_w-2048_h-2048).tif,Trainset/Labels_tif/132_HE_(d-4_x-27648_y-12288_w-2048_h-2048).tif,Trainset,132,0.4241485595703125,Marsh-0
Trainset/Images_tif/133_HE_(d-4_x-9216_y-4608_w-2048_h-2048).tif,Trainset/Labels_tif/133_HE_(d-4_x-9216_y-4608_w-2048_h-2048).tif,Trainset,133,0.26354217529296875,Marsh-1
Trainset/Images_tif/76_HE_(d-4_x-26112_y-24576_w-2048_h-2048).tif,Trainset/Labels_tif/76_HE_(d-4_x-26112_y-24576_w-2048_h-2048).tif,Trainset,76,0.17480087280273438,Marsh-3a
Trainset/Images_tif/135_HE_(d-4_x-10752_y-36864_w-2048_h-2048).tif,Trainset/Labels_tif/135_HE_(d-4_x-10752_y-36864_w-2048_h-2048).tif,Trainset,135,0.15149688720703125,Marsh-3a
Trainset/Images_tif/137_HE_(d-4_x-6144_y-9216_w-2048_h-2048).tif,Trainset/Labels_tif/137_HE_(d-4_x-6144_y-9216_w-2048_h-2048).tif,Trainset,137,0.26261138916015625,Marsh-1
Trainset/Images_tif/13_HE_(d-4_x-4608_y-9216_w-2048_h-2048).tif,Trainset/Labels_tif/13_HE_(d-4_x-4608_y-9216_w-2048_h-2048).tif,Trainset,13,0.07941818237304688,Marsh-3b
Trainset/Images_tif/39_HE_(d-4_x-12288_y-16896_w-2048_h-2048).tif,Trainset/Labels_tif/39_HE_(d-4_x-12288_y-16896_w-2048_h-2048).tif,Trainset,39,0.14258193969726562,Marsh-3a
Trainset/Images_tif/31_HE_(d-4_x-30720_y-56832_w-2048_h-2048).tif,Trainset/Labels_tif/31_HE_(d-4_x-30720_y-56832_w-2048_h-2048).tif,Trainset,31,0.19899749755859375,Marsh-3a
Trainset/Images_tif/63_HE_(d-4_x-43008_y-18432_w-2048_h-2048).tif,Trainset/Labels_tif/63_HE_(d-4_x-43008_y-18432_w-2048_h-2048).tif,Trainset,63,0.10892868041992188,Marsh-3b
Trainset/Images_tif/8_HE_(d-4_x-39936_y-23040_w-2048_h-2048).tif,Trainset/Labels_tif/8_HE_(d-4_x-39936_y-23040_w-2048_h-2048).tif,Trainset,8,0.4476776123046875,Marsh-0
Trainset/Images_tif/36_HE_(d-4_x-23040_y-10752_w-2048_h-2048).tif,Trainset/Labels_tif/36_HE_(d-4_x-23040_y-10752_w-2048_h-2048).tif,Trainset,36,0.45325469970703125,Marsh-0
Trainset/Images_tif/13_HE_(d-4_x-21504_y-6144_w-2048_h-2048).tif,Trainset/Labels_tif/13_HE_(d-4_x-21504_y-6144_w-2048_h-2048).tif,Trainset,13,0.18813705444335938,Marsh-3a
Trainset/Images_tif/62_HE_(d-4_x-33792_y-15360_w-2048_h-2048).tif,Trainset/Labels_tif/62_HE_(d-4_x-33792_y-15360_w-2048_h-2048).tif,Trainset,62,0.18946075439453125,Marsh-3a
Trainset/Images_tif/87_HE_(d-4_x-30720_y-15360_w-2048_h-2048).tif,Trainset/Labels_tif/87_HE_(d-4_x-30720_y-15360_w-2048_h-2048).tif,Trainset,87,0.38147735595703125,Marsh-0
Trainset/Images_tif/106_HE_(d-4_x-33792_y-43008_w-2048_h-2048).tif,Trainset/Labels_tif/106_HE_(d-4_x-33792_y-43008_w-2048_h-2048).tif,Trainset,106,0.058597564697265625,Marsh-3b
Trainset/Images_tif/26_HE_(d-4_x-9216_y-12288_w-2048_h-2048).tif,Trainset/Labels_tif/26_HE_(d-4_x-9216_y-12288_w-2048_h-2048).tif,Trainset,26,0.22345733642578125,Marsh-3a
Trainset/Images_tif/39_HE_(d-4_x-9216_y-16896_w-2048_h-2048).tif,Trainset/Labels_tif/39_HE_(d-4_x-9216_y-16896_w-2048_h-2048).tif,Trainset,39,0.22210311889648438,Marsh-3a
Trainset/Images_tif/135_HE_(d-4_x-6144_y-36864_w-2048_h-2048).tif,Trainset/Labels_tif/135_HE_(d-4_x-6144_y-36864_w-2048_h-2048).tif,Trainset,135,0.3052825927734375,Marsh-1
Trainset/Images_tif/124_HE_(d-4_x-12288_y-23040_w-2048_h-2048).tif,Trainset/Labels_tif/124_HE_(d-4_x-12288_y-23040_w-2048_h-2048).tif,Trainset,124,0.3437309265136719,Marsh-0
Trainset/Images_tif/121_HE_(d-4_x-19968_y-10752_w-2048_h-2048).tif,Trainset/Labels_tif/121_HE_(d-4_x-19968_y-10752_w-2048_h-2048).tif,Trainset,121,0.272979736328125,Marsh-1
Trainset/Images_tif/45_HE_(d-4_x-61440_y-12288_w-2048_h-2048).tif,Trainset/Labels_tif/45_HE_(d-4_x-61440_y-12288_w-2048_h-2048).tif,Trainset,45,0.4127540588378906,Marsh-0
Trainset/Images_tif/60_HE_(d-4_x-12288_y-7680_w-2048_h-2048).tif,Trainset/Labels_tif/60_HE_(d-4_x-12288_y-7680_w-2048_h-2048).tif,Trainset,60,0.13852310180664062,Marsh-3a
Trainset/Images_tif/32_HE_(d-4_x-72192_y-38400_w-2048_h-2048).tif,Trainset/Labels_tif/32_HE_(d-4_x-72192_y-38400_w-2048_h-2048).tif,Trainset,32,0.426055908203125,Marsh-0
Trainset/Images_tif/113_HE_(d-4_x-12288_y-9216_w-2048_h-2048).tif,Trainset/Labels_tif/113_HE_(d-4_x-12288_y-9216_w-2048_h-2048).tif,Trainset,113,0.2522773742675781,Marsh-1
Trainset/Images_tif/78_HE_(d-4_x-13824_y-12288_w-2048_h-2048).tif,Trainset/Labels_tif/78_HE_(d-4_x-13824_y-12288_w-2048_h-2048).tif,Trainset,78,0.287078857421875,Marsh-1
Trainset/Images_tif/105_HE_(d-4_x-21504_y-12288_w-2048_h-2048).tif,Trainset/Labels_tif/105_HE_(d-4_x-21504_y-12288_w-2048_h-2048).tif,Trainset,105,0.3755340576171875,Marsh-0
Trainset/Images_tif/29_HE_(d-4_x-64512_y-12288_w-2048_h-2048).tif,Trainset/Labels_tif/29_HE_(d-4_x-64512_y-12288_w-2048_h-2048).tif,Trainset,29,0.4881324768066406,Marsh-0
Trainset/Images_tif/74_HE_(d-4_x-29184_y-9216_w-2048_h-2048).tif,Trainset/Labels_tif/74_HE_(d-4_x-29184_y-9216_w-2048_h-2048).tif,Trainset,74,0.3131561279296875,Marsh-1
Trainset/Images_tif/112_HE_(d-4_x-21504_y-9216_w-2048_h-2048).tif,Trainset/Labels_tif/112_HE_(d-4_x-21504_y-9216_w-2048_h-2048).tif,Trainset,112,0.20341873168945312,Marsh-3a
Trainset/Images_tif/130_HE_(d-4_x-9216_y-39936_w-2048_h-2048).tif,Trainset/Labels_tif/130_HE_(d-4_x-9216_y-39936_w-2048_h-2048).tif,Trainset,130,0.20932388305664062,Marsh-3a
Trainset/Images_tif/56_HE_(d-4_x-27648_y-47616_w-2048_h-2048).tif,Trainset/Labels_tif/56_HE_(d-4_x-27648_y-47616_w-2048_h-2048).tif,Trainset,56,0.14107131958007812,Marsh-3a
Trainset/Images_tif/38_HE_(d-4_x-39936_y-21504_w-2048_h-2048).tif,Trainset/Labels_tif/38_HE_(d-4_x-39936_y-21504_w-2048_h-2048).tif,Trainset,38,0.22444534301757812,Marsh-3a
Trainset/Images_tif/77_HE_(d-4_x-46080_y-19968_w-2048_h-2048).tif,Trainset/Labels_tif/77_HE_(d-4_x-46080_y-19968_w-2048_h-2048).tif,Trainset,77,0.3931770324707031,Marsh-0
Trainset/Images_tif/85_HE_(d-4_x-29184_y-15360_w-2048_h-2048).tif,Trainset/Labels_tif/85_HE_(d-4_x-29184_y-15360_w-2048_h-2048).tif,Trainset,85,0.27626800537109375,Marsh-1
Trainset/Images_tif/135_HE_(d-4_x-24576_y-39936_w-2048_h-2048).tif,Trainset/Labels_tif/135_HE_(d-4_x-24576_y-39936_w-2048_h-2048).tif,Trainset,135,0.1230621337890625,Marsh-3b
Trainset/Images_tif/111_HE_(d-4_x-55296_y-29184_w-2048_h-2048).tif,Trainset/Labels_tif/111_HE_(d-4_x-55296_y-29184_w-2048_h-2048).tif,Trainset,111,0.2539215087890625,Marsh-1
Trainset/Images_tif/31_HE_(d-4_x-19968_y-55296_w-2048_h-2048).tif,Trainset/Labels_tif/31_HE_(d-4_x-19968_y-55296_w-2048_h-2048).tif,Trainset,31,0.3011474609375,Marsh-1
Trainset/Images_tif/43_HE_(d-4_x-6144_y-7680_w-2048_h-2048).tif,Trainset/Labels_tif/43_HE_(d-4_x-6144_y-7680_w-2048_h-2048).tif,Trainset,43,0.25839996337890625,Marsh-1
Trainset/Images_tif/58_HE_(d-4_x-27648_y-13824_w-2048_h-2048).tif,Trainset/Labels_tif/58_HE_(d-4_x-27648_y-13824_w-2048_h-2048).tif,Trainset,58,0.14013290405273438,Marsh-3a
Trainset/Images_tif/87_HE_(d-4_x-41472_y-18432_w-2048_h-2048).tif,Trainset/Labels_tif/87_HE_(d-4_x-41472_y-18432_w-2048_h-2048).tif,Trainset,87,0.015636444091796875,Marsh-3b
Trainset/Images_tif/27_HE_(d-4_x-26112_y-23040_w-2048_h-2048).tif,Trainset/Labels_tif/27_HE_(d-4_x-26112_y-23040_w-2048_h-2048).tif,Trainset,27,0.2568244934082031,Marsh-1
Trainset/Images_tif/134_HE_(d-4_x-27648_y-24576_w-2048_h-2048).tif,Trainset/Labels_tif/134_HE_(d-4_x-27648_y-24576_w-2048_h-2048).tif,Trainset,134,0.15688705444335938,Marsh-3a
Trainset/Images_tif/63_HE_(d-4_x-6144_y-9216_w-2048_h-2048).tif,Trainset/Labels_tif/63_HE_(d-4_x-6144_y-9216_w-2048_h-2048).tif,Trainset,63,0.22860336303710938,Marsh-3a
Trainset/Images_tif/78_HE_(d-4_x-10752_y-13824_w-2048_h-2048).tif,Trainset/Labels_tif/78_HE_(d-4_x-10752_y-13824_w-2048_h-2048).tif,Trainset,78,0.080596923828125,Marsh-3b
Trainset/Images_tif/111_HE_(d-4_x-58368_y-27648_w-2048_h-2048).tif,Trainset/Labels_tif/111_HE_(d-4_x-58368_y-27648_w-2048_h-2048).tif,Trainset,111,0.1827239990234375,Marsh-3a
Trainset/Images_tif/71_HE_(d-4_x-7680_y-30720_w-2048_h-2048).tif,Trainset/Labels_tif/71_HE_(d-4_x-7680_y-30720_w-2048_h-2048).tif,Trainset,71,0.2305145263671875,Marsh-3a
Trainset/Images_tif/59_HE_(d-4_x-36864_y-49152_w-2048_h-2048).tif,Trainset/Labels_tif/59_HE_(d-4_x-36864_y-49152_w-2048_h-2048).tif,Trainset,59,0.11783981323242188,Marsh-3b
Trainset/Images_tif/52_HE_(d-4_x-9216_y-9216_w-2048_h-2048).tif,Trainset/Labels_tif/52_HE_(d-4_x-9216_y-9216_w-2048_h-2048).tif,Trainset,52,0.1133880615234375,Marsh-3b
Trainset/Images_tif/4_HE_(d-4_x-36864_y-13824_w-2048_h-2048).tif,Trainset/Labels_tif/4_HE_(d-4_x-36864_y-13824_w-2048_h-2048).tif,Trainset,4,0.13473892211914062,Marsh-3b
Trainset/Images_tif/22_HE_(d-4_x-4608_y-9216_w-2048_h-2048).tif,Trainset/Labels_tif/22_HE_(d-4_x-4608_y-9216_w-2048_h-2048).tif,Trainset,22,0.125091552734375,Marsh-3b
Trainset/Images_tif/106_HE_(d-4_x-36864_y-41472_w-2048_h-2048).tif,Trainset/Labels_tif/106_HE_(d-4_x-36864_y-41472_w-2048_h-2048).tif,Trainset,106,0.0892486572265625,Marsh-3b
Trainset/Images_tif/51_HE_(d-4_x-10752_y-18432_w-2048_h-2048).tif,Trainset/Labels_tif/51_HE_(d-4_x-10752_y-18432_w-2048_h-2048).tif,Trainset,51,0.16464614868164062,Marsh-3a
Trainset/Images_tif/67_HE_(d-4_x-6144_y-9216_w-2048_h-2048).tif,Trainset/Labels_tif/67_HE_(d-4_x-6144_y-9216_w-2048_h-2048).tif,Trainset,67,0.41680908203125,Marsh-0
Trainset/Images_tif/138_HE_(d-4_x-15360_y-9216_w-2048_h-2048).tif,Trainset/Labels_tif/138_HE_(d-4_x-15360_y-9216_w-2048_h-2048).tif,Trainset,138,0.4688377380371094,Marsh-0
Trainset/Images_tif/2_HE_(d-4_x-9216_y-64512_w-2048_h-2048).tif,Trainset/Labels_tif/2_HE_(d-4_x-9216_y-64512_w-2048_h-2048).tif,Trainset,2,0.3516654968261719,Marsh-0
Trainset/Images_tif/56_HE_(d-4_x-6144_y-53760_w-2048_h-2048).tif,Trainset/Labels_tif/56_HE_(d-4_x-6144_y-53760_w-2048_h-2048).tif,Trainset,56,0.13978958129882812,Marsh-3a
Trainset/Images_tif/10_HE_(d-4_x-4608_y-10752_w-2048_h-2048).tif,Trainset/Labels_tif/10_HE_(d-4_x-4608_y-10752_w-2048_h-2048).tif,Trainset,10,0.476654052734375,Marsh-0
Trainset/Images_tif/65_HE_(d-4_x-7680_y-30720_w-2048_h-2048).tif,Trainset/Labels_tif/65_HE_(d-4_x-7680_y-30720_w-2048_h-2048).tif,Trainset,65,0.3799896240234375,Marsh-0
Trainset/Images_tif/59_HE_(d-4_x-33792_y-49152_w-2048_h-2048).tif,Trainset/Labels_tif/59_HE_(d-4_x-33792_y-49152_w-2048_h-2048).tif,Trainset,59,0.20973587036132812,Marsh-3a
Trainset/Images_tif/59_HE_(d-4_x-61440_y-49152_w-2048_h-2048).tif,Trainset/Labels_tif/59_HE_(d-4_x-61440_y-49152_w-2048_h-2048).tif,Trainset,59,0.20993423461914062,Marsh-3a
Trainset/Images_tif/12_HE_(d-4_x-16896_y-6144_w-2048_h-2048).tif,Trainset/Labels_tif/12_HE_(d-4_x-16896_y-6144_w-2048_h-2048).tif,Trainset,12,0.0,Marsh-3b
Trainset/Images_tif/130_HE_(d-4_x-23040_y-29184_w-2048_h-2048).tif,Trainset/Labels_tif/130_HE_(d-4_x-23040_y-29184_w-2048_h-2048).tif,Trainset,130,0.16128158569335938,Marsh-3a
Trainset/Images_tif/19_HE_(d-4_x-24576_y-9216_w-2048_h-2048).tif,Trainset/Labels_tif/19_HE_(d-4_x-24576_y-9216_w-2048_h-2048).tif,Trainset,19,0.3898353576660156,Marsh-0
Trainset/Images_tif/116_HE_(d-4_x-7680_y-12288_w-2048_h-2048).tif,Trainset/Labels_tif/116_HE_(d-4_x-7680_y-12288_w-2048_h-2048).tif,Trainset,116,0.3442649841308594,Marsh-0
Trainset/Images_tif/12_HE_(d-4_x-33792_y-13824_w-2048_h-2048).tif,Trainset/Labels_tif/12_HE_(d-4_x-33792_y-13824_w-2048_h-2048).tif,Trainset,12,0.1916656494140625,Marsh-3a
Trainset/Images_tif/87_HE_(d-4_x-33792_y-12288_w-2048_h-2048).tif,Trainset/Labels_tif/87_HE_(d-4_x-33792_y-12288_w-2048_h-2048).tif,Trainset,87,0.13184738159179688,Marsh-3b
Trainset/Images_tif/82_HE_(d-4_x-39936_y-10752_w-2048_h-2048).tif,Trainset/Labels_tif/82_HE_(d-4_x-39936_y-10752_w-2048_h-2048).tif,Trainset,82,0.3945121765136719,Marsh-0
Trainset/Images_tif/105_HE_(d-4_x-19968_y-7680_w-2048_h-2048).tif,Trainset/Labels_tif/105_HE_(d-4_x-19968_y-7680_w-2048_h-2048).tif,Trainset,105,0.4262504577636719,Marsh-0
Trainset/Images_tif/72_HE_(d-4_x-76800_y-50688_w-2048_h-2048).tif,Trainset/Labels_tif/72_HE_(d-4_x-76800_y-50688_w-2048_h-2048).tif,Trainset,72,0.2871665954589844,Marsh-1
Trainset/Images_tif/89_HE_(d-4_x-4608_y-3072_w-2048_h-2048).tif,Trainset/Labels_tif/89_HE_(d-4_x-4608_y-3072_w-2048_h-2048).tif,Trainset,89,0.1544342041015625,Marsh-3a
Trainset/Images_tif/76_HE_(d-4_x-32256_y-24576_w-2048_h-2048).tif,Trainset/Labels_tif/76_HE_(d-4_x-32256_y-24576_w-2048_h-2048).tif,Trainset,76,0.21448898315429688,Marsh-3a
Trainset/Images_tif/25_HE_(d-4_x-30720_y-16896_w-2048_h-2048).tif,Trainset/Labels_tif/25_HE_(d-4_x-30720_y-16896_w-2048_h-2048).tif,Trainset,25,0.341278076171875,Marsh-0
Trainset/Images_tif/47_HE_(d-4_x-9216_y-35328_w-2048_h-2048).tif,Trainset/Labels_tif/47_HE_(d-4_x-9216_y-35328_w-2048_h-2048).tif,Trainset,47,0.046970367431640625,Marsh-3b
Trainset/Images_tif/49_HE_(d-4_x-10752_y-12288_w-2048_h-2048).tif,Trainset/Labels_tif/49_HE_(d-4_x-10752_y-12288_w-2048_h-2048).tif,Trainset,49,0.19345474243164062,Marsh-3a
Trainset/Images_tif/53_HE_(d-4_x-7680_y-6144_w-2048_h-2048).tif,Trainset/Labels_tif/53_HE_(d-4_x-7680_y-6144_w-2048_h-2048).tif,Trainset,53,0.24535369873046875,Marsh-1
Trainset/Images_tif/58_HE_(d-4_x-41472_y-7680_w-2048_h-2048).tif,Trainset/Labels_tif/58_HE_(d-4_x-41472_y-7680_w-2048_h-2048).tif,Trainset,58,0.0,Marsh-3b
Trainset/Images_tif/13_HE_(d-4_x-9216_y-7680_w-2048_h-2048).tif,Trainset/Labels_tif/13_HE_(d-4_x-9216_y-7680_w-2048_h-2048).tif,Trainset,13,0.1182098388671875,Marsh-3b
Trainset/Images_tif/91_HE_(d-4_x-7680_y-15360_w-2048_h-2048).tif,Trainset/Labels_tif/91_HE_(d-4_x-7680_y-15360_w-2048_h-2048).tif,Trainset,91,0.059795379638671875,Marsh-3b
Trainset/Images_tif/77_HE_(d-4_x-30720_y-21504_w-2048_h-2048).tif,Trainset/Labels_tif/77_HE_(d-4_x-30720_y-21504_w-2048_h-2048).tif,Trainset,77,0.5069389343261719,Marsh-0
Trainset/Images_tif/91_HE_(d-4_x-9216_y-18432_w-2048_h-2048).tif,Trainset/Labels_tif/91_HE_(d-4_x-9216_y-18432_w-2048_h-2048).tif,Trainset,91,6.866455078125e-05,Marsh-3b
Trainset/Images_tif/134_HE_(d-4_x-6144_y-26112_w-2048_h-2048).tif,Trainset/Labels_tif/134_HE_(d-4_x-6144_y-26112_w-2048_h-2048).tif,Trainset,134,0.20872116088867188,Marsh-3a
Trainset/Images_tif/113_HE_(d-4_x-9216_y-32256_w-2048_h-2048).tif,Trainset/Labels_tif/113_HE_(d-4_x-9216_y-32256_w-2048_h-2048).tif,Trainset,113,0.1676177978515625,Marsh-3a
Trainset/Images_tif/114_HE_(d-4_x-16896_y-10752_w-2048_h-2048).tif,Trainset/Labels_tif/114_HE_(d-4_x-16896_y-10752_w-2048_h-2048).tif,Trainset,114,0.426544189453125,Marsh-0
Trainset/Images_tif/116_HE_(d-4_x-7680_y-6144_w-2048_h-2048).tif,Trainset/Labels_tif/116_HE_(d-4_x-7680_y-6144_w-2048_h-2048).tif,Trainset,116,0.2726593017578125,Marsh-1
Trainset/Images_tif/74_HE_(d-4_x-9216_y-4608_w-2048_h-2048).tif,Trainset/Labels_tif/74_HE_(d-4_x-9216_y-4608_w-2048_h-2048).tif,Trainset,74,0.11549758911132812,Marsh-3b
Trainset/Images_tif/86_HE_(d-4_x-6144_y-10752_w-2048_h-2048).tif,Trainset/Labels_tif/86_HE_(d-4_x-6144_y-10752_w-2048_h-2048).tif,Trainset,86,0.7259483337402344,Marsh-0
Trainset/Images_tif/114_HE_(d-4_x-26112_y-13824_w-2048_h-2048).tif,Trainset/Labels_tif/114_HE_(d-4_x-26112_y-13824_w-2048_h-2048).tif,Trainset,114,0.36200714111328125,Marsh-0
Trainset/Images_tif/60_HE_(d-4_x-18432_y-9216_w-2048_h-2048).tif,Trainset/Labels_tif/60_HE_(d-4_x-18432_y-9216_w-2048_h-2048).tif,Trainset,60,0.5872764587402344,Marsh-0
Trainset/Images_tif/82_HE_(d-4_x-13824_y-16896_w-2048_h-2048).tif,Trainset/Labels_tif/82_HE_(d-4_x-13824_y-16896_w-2048_h-2048).tif,Trainset,82,0.0627593994140625,Marsh-3b
Trainset/Images_tif/76_HE_(d-4_x-9216_y-19968_w-2048_h-2048).tif,Trainset/Labels_tif/76_HE_(d-4_x-9216_y-19968_w-2048_h-2048).tif,Trainset,76,0.0,Marsh-3b
Trainset/Images_tif/60_HE_(d-4_x-12288_y-10752_w-2048_h-2048).tif,Trainset/Labels_tif/60_HE_(d-4_x-12288_y-10752_w-2048_h-2048).tif,Trainset,60,0.21679306030273438,Marsh-3a
Trainset/Images_tif/132_HE_(d-4_x-30720_y-12288_w-2048_h-2048).tif,Trainset/Labels_tif/132_HE_(d-4_x-30720_y-12288_w-2048_h-2048).tif,Trainset,132,0.28957366943359375,Marsh-1
Trainset/Images_tif/70_HE_(d-4_x-9216_y-4608_w-2048_h-2048).tif,Trainset/Labels_tif/70_HE_(d-4_x-9216_y-4608_w-2048_h-2048).tif,Trainset,70,0.4033355712890625,Marsh-0
Trainset/Images_tif/45_HE_(d-4_x-76800_y-7680_w-2048_h-2048).tif,Trainset/Labels_tif/45_HE_(d-4_x-76800_y-7680_w-2048_h-2048).tif,Trainset,45,0.14137649536132812,Marsh-3a
Trainset/Images_tif/120_HE_(d-4_x-18432_y-24576_w-2048_h-2048).tif,Trainset/Labels_tif/120_HE_(d-4_x-18432_y-24576_w-2048_h-2048).tif,Trainset,120,0.43906402587890625,Marsh-0
Trainset/Images_tif/142_HE_(d-4_x-52224_y-6144_w-2048_h-2048).tif,Trainset/Labels_tif/142_HE_(d-4_x-52224_y-6144_w-2048_h-2048).tif,Trainset,142,0.0196533203125,Marsh-3b
Trainset/Images_tif/89_HE_(d-4_x-7680_y-3072_w-2048_h-2048).tif,Trainset/Labels_tif/89_HE_(d-4_x-7680_y-3072_w-2048_h-2048).tif,Trainset,89,0.11696243286132812,Marsh-3b
Trainset/Images_tif/124_HE_(d-4_x-10752_y-24576_w-2048_h-2048).tif,Trainset/Labels_tif/124_HE_(d-4_x-10752_y-24576_w-2048_h-2048).tif,Trainset,124,0.32061004638671875,Marsh-1
Trainset/Images_tif/54_HE_(d-4_x-15360_y-7680_w-2048_h-2048).tif,Trainset/Labels_tif/54_HE_(d-4_x-15360_y-7680_w-2048_h-2048).tif,Trainset,54,0.12323760986328125,Marsh-3b
Trainset/Images_tif/120_HE_(d-4_x-7680_y-19968_w-2048_h-2048).tif,Trainset/Labels_tif/120_HE_(d-4_x-7680_y-19968_w-2048_h-2048).tif,Trainset,120,0.23371124267578125,Marsh-1
Trainset/Images_tif/93_HE_(d-4_x-9216_y-7680_w-2048_h-2048).tif,Trainset/Labels_tif/93_HE_(d-4_x-9216_y-7680_w-2048_h-2048).tif,Trainset,93,0.10616302490234375,Marsh-3b
Trainset/Images_tif/91_HE_(d-4_x-10752_y-7680_w-2048_h-2048).tif,Trainset/Labels_tif/91_HE_(d-4_x-10752_y-7680_w-2048_h-2048).tif,Trainset,91,0.3528633117675781,Marsh-0
Trainset/Images_tif/127_HE_(d-4_x-6144_y-4608_w-2048_h-2048).tif,Trainset/Labels_tif/127_HE_(d-4_x-6144_y-4608_w-2048_h-2048).tif,Trainset,127,0.2706336975097656,Marsh-1
Trainset/Images_tif/17_HE_(d-4_x-19968_y-7680_w-2048_h-2048).tif,Trainset/Labels_tif/17_HE_(d-4_x-19968_y-7680_w-2048_h-2048).tif,Trainset,17,0.212615966796875,Marsh-3a
Trainset/Images_tif/92_HE_(d-4_x-7680_y-15360_w-2048_h-2048).tif,Trainset/Labels_tif/92_HE_(d-4_x-7680_y-15360_w-2048_h-2048).tif,Trainset,92,0.2830924987792969,Marsh-1
Trainset/Images_tif/132_HE_(d-4_x-29184_y-15360_w-2048_h-2048).tif,Trainset/Labels_tif/132_HE_(d-4_x-29184_y-15360_w-2048_h-2048).tif,Trainset,132,0.031261444091796875,Marsh-3b
Trainset/Images_tif/51_HE_(d-4_x-4608_y-6144_w-2048_h-2048).tif,Trainset/Labels_tif/51_HE_(d-4_x-4608_y-6144_w-2048_h-2048).tif,Trainset,51,0.2528038024902344,Marsh-1
Trainset/Images_tif/87_HE_(d-4_x-9216_y-19968_w-2048_h-2048).tif,Trainset/Labels_tif/87_HE_(d-4_x-9216_y-19968_w-2048_h-2048).tif,Trainset,87,0.09377670288085938,Marsh-3b
Trainset/Images_tif/91_HE_(d-4_x-9216_y-10752_w-2048_h-2048).tif,Trainset/Labels_tif/91_HE_(d-4_x-9216_y-10752_w-2048_h-2048).tif,Trainset,91,0.2557525634765625,Marsh-1
Trainset/Images_tif/91_HE_(d-4_x-13824_y-18432_w-2048_h-2048).tif,Trainset/Labels_tif/91_HE_(d-4_x-13824_y-18432_w-2048_h-2048).tif,Trainset,91,0.3235740661621094,Marsh-1
Trainset/Images_tif/124_HE_(d-4_x-7680_y-21504_w-2048_h-2048).tif,Trainset/Labels_tif/124_HE_(d-4_x-7680_y-21504_w-2048_h-2048).tif,Trainset,124,0.33559417724609375,Marsh-1
Trainset/Images_tif/134_HE_(d-4_x-7680_y-30720_w-2048_h-2048).tif,Trainset/Labels_tif/134_HE_(d-4_x-7680_y-30720_w-2048_h-2048).tif,Trainset,134,0.43416595458984375,Marsh-0
Trainset/Images_tif/8_HE_(d-4_x-41472_y-24576_w-2048_h-2048).tif,Trainset/Labels_tif/8_HE_(d-4_x-41472_y-24576_w-2048_h-2048).tif,Trainset,8,0.100311279296875,Marsh-3b
Trainset/Images_tif/22_HE_(d-4_x-10752_y-9216_w-2048_h-2048).tif,Trainset/Labels_tif/22_HE_(d-4_x-10752_y-9216_w-2048_h-2048).tif,Trainset,22,0.3191337585449219,Marsh-1
Trainset/Images_tif/137_HE_(d-4_x-7680_y-21504_w-2048_h-2048).tif,Trainset/Labels_tif/137_HE_(d-4_x-7680_y-21504_w-2048_h-2048).tif,Trainset,137,0.23933029174804688,Marsh-1
Trainset/Images_tif/114_HE_(d-4_x-19968_y-9216_w-2048_h-2048).tif,Trainset/Labels_tif/114_HE_(d-4_x-19968_y-9216_w-2048_h-2048).tif,Trainset,114,0.277252197265625,Marsh-1
Trainset/Images_tif/118_HE_(d-4_x-39936_y-55296_w-2048_h-2048).tif,Trainset/Labels_tif/118_HE_(d-4_x-39936_y-55296_w-2048_h-2048).tif,Trainset,118,0.22359848022460938,Marsh-3a
Trainset/Images_tif/8_HE_(d-4_x-15360_y-15360_w-2048_h-2048).tif,Trainset/Labels_tif/8_HE_(d-4_x-15360_y-15360_w-2048_h-2048).tif,Trainset,8,0.2899818420410156,Marsh-1
Trainset/Images_tif/91_HE_(d-4_x-29184_y-18432_w-2048_h-2048).tif,Trainset/Labels_tif/91_HE_(d-4_x-29184_y-18432_w-2048_h-2048).tif,Trainset,91,0.19162750244140625,Marsh-3a
Trainset/Images_tif/72_HE_(d-4_x-109056_y-52224_w-2048_h-2048).tif,Trainset/Labels_tif/72_HE_(d-4_x-109056_y-52224_w-2048_h-2048).tif,Trainset,72,0.11626052856445312,Marsh-3b
Trainset/Images_tif/102_HE_(d-4_x-15360_y-16896_w-2048_h-2048).tif,Trainset/Labels_tif/102_HE_(d-4_x-15360_y-16896_w-2048_h-2048).tif,Trainset,102,0.24625015258789062,Marsh-1
Trainset/Images_tif/35_HE_(d-4_x-12288_y-10752_w-2048_h-2048).tif,Trainset/Labels_tif/35_HE_(d-4_x-12288_y-10752_w-2048_h-2048).tif,Trainset,35,0.32044219970703125,Marsh-1
Trainset/Images_tif/80_HE_(d-4_x-26112_y-18432_w-2048_h-2048).tif,Trainset/Labels_tif/80_HE_(d-4_x-26112_y-18432_w-2048_h-2048).tif,Trainset,80,0.14216232299804688,Marsh-3a
Trainset/Images_tif/133_HE_(d-4_x-6144_y-3072_w-2048_h-2048).tif,Trainset/Labels_tif/133_HE_(d-4_x-6144_y-3072_w-2048_h-2048).tif,Trainset,133,0.2142791748046875,Marsh-3a
Trainset/Images_tif/82_HE_(d-4_x-13824_y-12288_w-2048_h-2048).tif,Trainset/Labels_tif/82_HE_(d-4_x-13824_y-12288_w-2048_h-2048).tif,Trainset,82,0.19321060180664062,Marsh-3a
Trainset/Images_tif/8_HE_(d-4_x-21504_y-9216_w-2048_h-2048).tif,Trainset/Labels_tif/8_HE_(d-4_x-21504_y-9216_w-2048_h-2048).tif,Trainset,8,0.14957046508789062,Marsh-3a
Trainset/Images_tif/43_HE_(d-4_x-4608_y-9216_w-2048_h-2048).tif,Trainset/Labels_tif/43_HE_(d-4_x-4608_y-9216_w-2048_h-2048).tif,Trainset,43,0.3311347961425781,Marsh-1
Trainset/Images_tif/21_HE_(d-4_x-4608_y-36864_w-2048_h-2048).tif,Trainset/Labels_tif/21_HE_(d-4_x-4608_y-36864_w-2048_h-2048).tif,Trainset,21,0.286285400390625,Marsh-1
Trainset/Images_tif/82_HE_(d-4_x-38400_y-7680_w-2048_h-2048).tif,Trainset/Labels_tif/82_HE_(d-4_x-38400_y-7680_w-2048_h-2048).tif,Trainset,82,0.2986564636230469,Marsh-1
Trainset/Images_tif/48_HE_(d-4_x-4608_y-9216_w-2048_h-2048).tif,Trainset/Labels_tif/48_HE_(d-4_x-4608_y-9216_w-2048_h-2048).tif,Trainset,48,0.5223464965820312,Marsh-0
Trainset/Images_tif/105_HE_(d-4_x-26112_y-13824_w-2048_h-2048).tif,Trainset/Labels_tif/105_HE_(d-4_x-26112_y-13824_w-2048_h-2048).tif,Trainset,105,0.146881103515625,Marsh-3a
Trainset/Images_tif/87_HE_(d-4_x-27648_y-16896_w-2048_h-2048).tif,Trainset/Labels_tif/87_HE_(d-4_x-27648_y-16896_w-2048_h-2048).tif,Trainset,87,0.18500518798828125,Marsh-3a
Trainset/Images_tif/124_HE_(d-4_x-36864_y-13824_w-2048_h-2048).tif,Trainset/Labels_tif/124_HE_(d-4_x-36864_y-13824_w-2048_h-2048).tif,Trainset,124,0.21448516845703125,Marsh-3a
Trainset/Images_tif/84_HE_(d-4_x-13824_y-23040_w-2048_h-2048).tif,Trainset/Labels_tif/84_HE_(d-4_x-13824_y-23040_w-2048_h-2048).tif,Trainset,84,0.24123382568359375,Marsh-1
Trainset/Images_tif/63_HE_(d-4_x-18432_y-16896_w-2048_h-2048).tif,Trainset/Labels_tif/63_HE_(d-4_x-18432_y-16896_w-2048_h-2048).tif,Trainset,63,0.18548583984375,Marsh-3a
Trainset/Images_tif/113_HE_(d-4_x-16896_y-4608_w-2048_h-2048).tif,Trainset/Labels_tif/113_HE_(d-4_x-16896_y-4608_w-2048_h-2048).tif,Trainset,113,0.07009506225585938,Marsh-3b
Trainset/Images_tif/97_HE_(d-4_x-12288_y-7680_w-2048_h-2048).tif,Trainset/Labels_tif/97_HE_(d-4_x-12288_y-7680_w-2048_h-2048).tif,Trainset,97,0.060756683349609375,Marsh-3b
Trainset/Images_tif/58_HE_(d-4_x-30720_y-16896_w-2048_h-2048).tif,Trainset/Labels_tif/58_HE_(d-4_x-30720_y-16896_w-2048_h-2048).tif,Trainset,58,0.09886932373046875,Marsh-3b
Trainset/Images_tif/12_HE_(d-4_x-13824_y-10752_w-2048_h-2048).tif,Trainset/Labels_tif/12_HE_(d-4_x-13824_y-10752_w-2048_h-2048).tif,Trainset,12,0.11279296875,Marsh-3b
Trainset/Images_tif/142_HE_(d-4_x-9216_y-10752_w-2048_h-2048).tif,Trainset/Labels_tif/142_HE_(d-4_x-9216_y-10752_w-2048_h-2048).tif,Trainset,142,0.2288055419921875,Marsh-3a
Trainset/Images_tif/55_HE_(d-4_x-13824_y-6144_w-2048_h-2048).tif,Trainset/Labels_tif/55_HE_(d-4_x-13824_y-6144_w-2048_h-2048).tif,Trainset,55,0.15401077270507812,Marsh-3a
Trainset/Images_tif/100_HE_(d-4_x-46080_y-58368_w-2048_h-2048).tif,Trainset/Labels_tif/100_HE_(d-4_x-46080_y-58368_w-2048_h-2048).tif,Trainset,100,0.42436981201171875,Marsh-0
Trainset/Images_tif/67_HE_(d-4_x-9216_y-6144_w-2048_h-2048).tif,Trainset/Labels_tif/67_HE_(d-4_x-9216_y-6144_w-2048_h-2048).tif,Trainset,67,0.2501220703125,Marsh-1
Trainset/Images_tif/102_HE_(d-4_x-23040_y-16896_w-2048_h-2048).tif,Trainset/Labels_tif/102_HE_(d-4_x-23040_y-16896_w-2048_h-2048).tif,Trainset,102,0.16875839233398438,Marsh-3a
Trainset/Images_tif/135_HE_(d-4_x-10752_y-43008_w-2048_h-2048).tif,Trainset/Labels_tif/135_HE_(d-4_x-10752_y-43008_w-2048_h-2048).tif,Trainset,135,0.31714630126953125,Marsh-1
Trainset/Images_tif/2_HE_(d-4_x-13824_y-46080_w-2048_h-2048).tif,Trainset/Labels_tif/2_HE_(d-4_x-13824_y-46080_w-2048_h-2048).tif,Trainset,2,0.0,Marsh-3b
Trainset/Images_tif/134_HE_(d-4_x-24576_y-19968_w-2048_h-2048).tif,Trainset/Labels_tif/134_HE_(d-4_x-24576_y-19968_w-2048_h-2048).tif,Trainset,134,0.19765472412109375,Marsh-3a
Trainset/Images_tif/120_HE_(d-4_x-19968_y-21504_w-2048_h-2048).tif,Trainset/Labels_tif/120_HE_(d-4_x-19968_y-21504_w-2048_h-2048).tif,Trainset,120,0.32015228271484375,Marsh-1
Trainset/Images_tif/74_HE_(d-4_x-30720_y-9216_w-2048_h-2048).tif,Trainset/Labels_tif/74_HE_(d-4_x-30720_y-9216_w-2048_h-2048).tif,Trainset,74,0.4164581298828125,Marsh-0
Trainset/Images_tif/85_HE_(d-4_x-32256_y-6144_w-2048_h-2048).tif,Trainset/Labels_tif/85_HE_(d-4_x-32256_y-6144_w-2048_h-2048).tif,Trainset,85,0.257415771484375,Marsh-1
Trainset/Images_tif/73_HE_(d-4_x-27648_y-7680_w-2048_h-2048).tif,Trainset/Labels_tif/73_HE_(d-4_x-27648_y-7680_w-2048_h-2048).tif,Trainset,73,0.13516998291015625,Marsh-3a
Trainset/Images_tif/12_HE_(d-4_x-9216_y-12288_w-2048_h-2048).tif,Trainset/Labels_tif/12_HE_(d-4_x-9216_y-12288_w-2048_h-2048).tif,Trainset,12,0.08597564697265625,Marsh-3b
Trainset/Images_tif/8_HE_(d-4_x-13824_y-15360_w-2048_h-2048).tif,Trainset/Labels_tif/8_HE_(d-4_x-13824_y-15360_w-2048_h-2048).tif,Trainset,8,0.18756103515625,Marsh-3a
Trainset/Images_tif/127_HE_(d-4_x-4608_y-13824_w-2048_h-2048).tif,Trainset/Labels_tif/127_HE_(d-4_x-4608_y-13824_w-2048_h-2048).tif,Trainset,127,0.294281005859375,Marsh-1
Trainset/Images_tif/67_HE_(d-4_x-43008_y-4608_w-2048_h-2048).tif,Trainset/Labels_tif/67_HE_(d-4_x-43008_y-4608_w-2048_h-2048).tif,Trainset,67,0.14095687866210938,Marsh-3a
Trainset/Images_tif/43_HE_(d-4_x-10752_y-10752_w-2048_h-2048).tif,Trainset/Labels_tif/43_HE_(d-4_x-10752_y-10752_w-2048_h-2048).tif,Trainset,43,0.17462921142578125,Marsh-3a
Trainset/Images_tif/80_HE_(d-4_x-30720_y-21504_w-2048_h-2048).tif,Trainset/Labels_tif/80_HE_(d-4_x-30720_y-21504_w-2048_h-2048).tif,Trainset,80,0.03047943115234375,Marsh-3b
Trainset/Images_tif/13_HE_(d-4_x-26112_y-6144_w-2048_h-2048).tif,Trainset/Labels_tif/13_HE_(d-4_x-26112_y-6144_w-2048_h-2048).tif,Trainset,13,0.2711906433105469,Marsh-1
Trainset/Images_tif/112_HE_(d-4_x-9216_y-15360_w-2048_h-2048).tif,Trainset/Labels_tif/112_HE_(d-4_x-9216_y-15360_w-2048_h-2048).tif,Trainset,112,0.2997322082519531,Marsh-1
Trainset/Images_tif/49_HE_(d-4_x-30720_y-9216_w-2048_h-2048).tif,Trainset/Labels_tif/49_HE_(d-4_x-30720_y-9216_w-2048_h-2048).tif,Trainset,49,0.25670623779296875,Marsh-1
Trainset/Images_tif/101_HE_(d-4_x-15360_y-10752_w-2048_h-2048).tif,Trainset/Labels_tif/101_HE_(d-4_x-15360_y-10752_w-2048_h-2048).tif,Trainset,101,0.10940933227539062,Marsh-3b
Trainset/Images_tif/82_HE_(d-4_x-38400_y-4608_w-2048_h-2048).tif,Trainset/Labels_tif/82_HE_(d-4_x-38400_y-4608_w-2048_h-2048).tif,Trainset,82,0.43576812744140625,Marsh-0
Trainset/Images_tif/17_HE_(d-4_x-32256_y-10752_w-2048_h-2048).tif,Trainset/Labels_tif/17_HE_(d-4_x-32256_y-10752_w-2048_h-2048).tif,Trainset,17,0.221832275390625,Marsh-3a
Trainset/Images_tif/40_HE_(d-4_x-10752_y-9216_w-2048_h-2048).tif,Trainset/Labels_tif/40_HE_(d-4_x-10752_y-9216_w-2048_h-2048).tif,Trainset,40,0.0,Marsh-3b
Trainset/Images_tif/85_HE_(d-4_x-29184_y-18432_w-2048_h-2048).tif,Trainset/Labels_tif/85_HE_(d-4_x-29184_y-18432_w-2048_h-2048).tif,Trainset,85,0.4119758605957031,Marsh-0
Trainset/Images_tif/76_HE_(d-4_x-27648_y-29184_w-2048_h-2048).tif,Trainset/Labels_tif/76_HE_(d-4_x-27648_y-29184_w-2048_h-2048).tif,Trainset,76,0.3975830078125,Marsh-0
Trainset/Images_tif/48_HE_(d-4_x-27648_y-6144_w-2048_h-2048).tif,Trainset/Labels_tif/48_HE_(d-4_x-27648_y-6144_w-2048_h-2048).tif,Trainset,48,0.12451171875,Marsh-3b
Trainset/Images_tif/142_HE_(d-4_x-10752_y-9216_w-2048_h-2048).tif,Trainset/Labels_tif/142_HE_(d-4_x-10752_y-9216_w-2048_h-2048).tif,Trainset,142,0.24726486206054688,Marsh-1
Trainset/Images_tif/32_HE_(d-4_x-53760_y-66048_w-2048_h-2048).tif,Trainset/Labels_tif/32_HE_(d-4_x-53760_y-66048_w-2048_h-2048).tif,Trainset,32,0.005126953125,Marsh-3b
Trainset/Images_tif/79_HE_(d-4_x-6144_y-7680_w-2048_h-2048).tif,Trainset/Labels_tif/79_HE_(d-4_x-6144_y-7680_w-2048_h-2048).tif,Trainset,79,0.4233512878417969,Marsh-0
Trainset/Images_tif/105_HE_(d-4_x-7680_y-10752_w-2048_h-2048).tif,Trainset/Labels_tif/105_HE_(d-4_x-7680_y-10752_w-2048_h-2048).tif,Trainset,105,0.19607925415039062,Marsh-3a
Trainset/Images_tif/10_HE_(d-4_x-23040_y-10752_w-2048_h-2048).tif,Trainset/Labels_tif/10_HE_(d-4_x-23040_y-10752_w-2048_h-2048).tif,Trainset,10,0.0,Marsh-3b
Trainset/Images_tif/55_HE_(d-4_x-13824_y-4608_w-2048_h-2048).tif,Trainset/Labels_tif/55_HE_(d-4_x-13824_y-4608_w-2048_h-2048).tif,Trainset,55,0.2670478820800781,Marsh-1
Trainset/Images_tif/12_HE_(d-4_x-12288_y-7680_w-2048_h-2048).tif,Trainset/Labels_tif/12_HE_(d-4_x-12288_y-7680_w-2048_h-2048).tif,Trainset,12,0.23707962036132812,Marsh-1
Trainset/Images_tif/113_HE_(d-4_x-16896_y-7680_w-2048_h-2048).tif,Trainset/Labels_tif/113_HE_(d-4_x-16896_y-7680_w-2048_h-2048).tif,Trainset,113,0.20145034790039062,Marsh-3a
Trainset/Images_tif/8_HE_(d-4_x-16896_y-13824_w-2048_h-2048).tif,Trainset/Labels_tif/8_HE_(d-4_x-16896_y-13824_w-2048_h-2048).tif,Trainset,8,0.10967254638671875,Marsh-3b
Trainset/Images_tif/77_HE_(d-4_x-30720_y-19968_w-2048_h-2048).tif,Trainset/Labels_tif/77_HE_(d-4_x-30720_y-19968_w-2048_h-2048).tif,Trainset,77,0.18260955810546875,Marsh-3a
Trainset/Images_tif/22_HE_(d-4_x-9216_y-10752_w-2048_h-2048).tif,Trainset/Labels_tif/22_HE_(d-4_x-9216_y-10752_w-2048_h-2048).tif,Trainset,22,0.21567535400390625,Marsh-3a
Trainset/Images_tif/81_HE_(d-4_x-27648_y-13824_w-2048_h-2048).tif,Trainset/Labels_tif/81_HE_(d-4_x-27648_y-13824_w-2048_h-2048).tif,Trainset,81,0.4616546630859375,Marsh-0
Trainset/Images_tif/111_HE_(d-4_x-12288_y-9216_w-2048_h-2048).tif,Trainset/Labels_tif/111_HE_(d-4_x-12288_y-9216_w-2048_h-2048).tif,Trainset,111,0.4749908447265625,Marsh-0
Trainset/Images_tif/78_HE_(d-4_x-6144_y-10752_w-2048_h-2048).tif,Trainset/Labels_tif/78_HE_(d-4_x-6144_y-10752_w-2048_h-2048).tif,Trainset,78,0.195098876953125,Marsh-3a
Trainset/Images_tif/120_HE_(d-4_x-19968_y-24576_w-2048_h-2048).tif,Trainset/Labels_tif/120_HE_(d-4_x-19968_y-24576_w-2048_h-2048).tif,Trainset,120,0.2570686340332031,Marsh-1
Trainset/Images_tif/125_HE_(d-4_x-32256_y-13824_w-2048_h-2048).tif,Trainset/Labels_tif/125_HE_(d-4_x-32256_y-13824_w-2048_h-2048).tif,Trainset,125,0.511138916015625,Marsh-0
Trainset/Images_tif/87_HE_(d-4_x-24576_y-18432_w-2048_h-2048).tif,Trainset/Labels_tif/87_HE_(d-4_x-24576_y-18432_w-2048_h-2048).tif,Trainset,87,0.01544952392578125,Marsh-3b
Trainset/Images_tif/102_HE_(d-4_x-10752_y-13824_w-2048_h-2048).tif,Trainset/Labels_tif/102_HE_(d-4_x-10752_y-13824_w-2048_h-2048).tif,Trainset,102,0.3185386657714844,Marsh-1
Trainset/Images_tif/120_HE_(d-4_x-19968_y-27648_w-2048_h-2048).tif,Trainset/Labels_tif/120_HE_(d-4_x-19968_y-27648_w-2048_h-2048).tif,Trainset,120,0.41405487060546875,Marsh-0
Trainset/Images_tif/58_HE_(d-4_x-33792_y-15360_w-2048_h-2048).tif,Trainset/Labels_tif/58_HE_(d-4_x-33792_y-15360_w-2048_h-2048).tif,Trainset,58,0.13503646850585938,Marsh-3a
Trainset/Images_tif/72_HE_(d-4_x-75264_y-53760_w-2048_h-2048).tif,Trainset/Labels_tif/72_HE_(d-4_x-75264_y-53760_w-2048_h-2048).tif,Trainset,72,0.43749237060546875,Marsh-0
Trainset/Images_tif/33_HE_(d-4_x-6144_y-9216_w-2048_h-2048).tif,Trainset/Labels_tif/33_HE_(d-4_x-6144_y-9216_w-2048_h-2048).tif,Trainset,33,0.32881927490234375,Marsh-1
Trainset/Images_tif/142_HE_(d-4_x-55296_y-13824_w-2048_h-2048).tif,Trainset/Labels_tif/142_HE_(d-4_x-55296_y-13824_w-2048_h-2048).tif,Trainset,142,0.0340728759765625,Marsh-3b
Trainset/Images_tif/91_HE_(d-4_x-15360_y-7680_w-2048_h-2048).tif,Trainset/Labels_tif/91_HE_(d-4_x-15360_y-7680_w-2048_h-2048).tif,Trainset,91,0.1298828125,Marsh-3b
Trainset/Images_tif/80_HE_(d-4_x-29184_y-18432_w-2048_h-2048).tif,Trainset/Labels_tif/80_HE_(d-4_x-29184_y-18432_w-2048_h-2048).tif,Trainset,80,0.10555648803710938,Marsh-3b
Trainset/Images_tif/2_HE_(d-4_x-16896_y-44544_w-2048_h-2048).tif,Trainset/Labels_tif/2_HE_(d-4_x-16896_y-44544_w-2048_h-2048).tif,Trainset,2,0.0,Marsh-3b
Trainset/Images_tif/91_HE_(d-4_x-33792_y-21504_w-2048_h-2048).tif,Trainset/Labels_tif/91_HE_(d-4_x-33792_y-21504_w-2048_h-2048).tif,Trainset,91,0.36432647705078125,Marsh-0
Trainset/Images_tif/25_HE_(d-4_x-21504_y-13824_w-2048_h-2048).tif,Trainset/Labels_tif/25_HE_(d-4_x-21504_y-13824_w-2048_h-2048).tif,Trainset,25,0.00412750244140625,Marsh-3b
Trainset/Images_tif/10_HE_(d-4_x-3072_y-9216_w-2048_h-2048).tif,Trainset/Labels_tif/10_HE_(d-4_x-3072_y-9216_w-2048_h-2048).tif,Trainset,10,0.14933395385742188,Marsh-3a
Trainset/Images_tif/33_HE_(d-4_x-29184_y-18432_w-2048_h-2048).tif,Trainset/Labels_tif/33_HE_(d-4_x-29184_y-18432_w-2048_h-2048).tif,Trainset,33,0.1482391357421875,Marsh-3a
Trainset/Images_tif/21_HE_(d-4_x-7680_y-35328_w-2048_h-2048).tif,Trainset/Labels_tif/21_HE_(d-4_x-7680_y-35328_w-2048_h-2048).tif,Trainset,21,0.18364334106445312,Marsh-3a
Trainset/Images_tif/29_HE_(d-4_x-47616_y-9216_w-2048_h-2048).tif,Trainset/Labels_tif/29_HE_(d-4_x-47616_y-9216_w-2048_h-2048).tif,Trainset,29,0.4335746765136719,Marsh-0
Trainset/Images_tif/121_HE_(d-4_x-16896_y-4608_w-2048_h-2048).tif,Trainset/Labels_tif/121_HE_(d-4_x-16896_y-4608_w-2048_h-2048).tif,Trainset,121,0.21611404418945312,Marsh-3a
Trainset/Images_tif/74_HE_(d-4_x-6144_y-1536_w-2048_h-2048).tif,Trainset/Labels_tif/74_HE_(d-4_x-6144_y-1536_w-2048_h-2048).tif,Trainset,74,0.10355377197265625,Marsh-3b
Trainset/Images_tif/112_HE_(d-4_x-9216_y-12288_w-2048_h-2048).tif,Trainset/Labels_tif/112_HE_(d-4_x-9216_y-12288_w-2048_h-2048).tif,Trainset,112,0.2637939453125,Marsh-1
Trainset/Images_tif/125_HE_(d-4_x-33792_y-6144_w-2048_h-2048).tif,Trainset/Labels_tif/125_HE_(d-4_x-33792_y-6144_w-2048_h-2048).tif,Trainset,125,0.5390968322753906,Marsh-0
Trainset/Images_tif/56_HE_(d-4_x-33792_y-55296_w-2048_h-2048).tif,Trainset/Labels_tif/56_HE_(d-4_x-33792_y-55296_w-2048_h-2048).tif,Trainset,56,0.15005111694335938,Marsh-3a
Trainset/Images_tif/1_HE_(d-4_x-1536_y-4608_w-2048_h-2048).tif,Trainset/Labels_tif/1_HE_(d-4_x-1536_y-4608_w-2048_h-2048).tif,Trainset,1,0.54925537109375,Marsh-0
Trainset/Images_tif/32_HE_(d-4_x-59904_y-64512_w-2048_h-2048).tif,Trainset/Labels_tif/32_HE_(d-4_x-59904_y-64512_w-2048_h-2048).tif,Trainset,32,0.003173828125,Marsh-3b
Trainset/Images_tif/131_HE_(d-4_x-4608_y-6144_w-2048_h-2048).tif,Trainset/Labels_tif/131_HE_(d-4_x-4608_y-6144_w-2048_h-2048).tif,Trainset,131,0.3820075988769531,Marsh-0
Trainset/Images_tif/120_HE_(d-4_x-19968_y-33792_w-2048_h-2048).tif,Trainset/Labels_tif/120_HE_(d-4_x-19968_y-33792_w-2048_h-2048).tif,Trainset,120,0.4043388366699219,Marsh-0
Trainset/Images_tif/27_HE_(d-4_x-12288_y-32256_w-2048_h-2048).tif,Trainset/Labels_tif/27_HE_(d-4_x-12288_y-32256_w-2048_h-2048).tif,Trainset,27,0.08380508422851562,Marsh-3b
Trainset/Images_tif/137_HE_(d-4_x-9216_y-18432_w-2048_h-2048).tif,Trainset/Labels_tif/137_HE_(d-4_x-9216_y-18432_w-2048_h-2048).tif,Trainset,137,0.4189720153808594,Marsh-0
Trainset/Images_tif/97_HE_(d-4_x-13824_y-7680_w-2048_h-2048).tif,Trainset/Labels_tif/97_HE_(d-4_x-13824_y-7680_w-2048_h-2048).tif,Trainset,97,0.3737373352050781,Marsh-0
Trainset/Images_tif/86_HE_(d-4_x-4608_y-7680_w-2048_h-2048).tif,Trainset/Labels_tif/86_HE_(d-4_x-4608_y-7680_w-2048_h-2048).tif,Trainset,86,0.3221168518066406,Marsh-1
Trainset/Images_tif/38_HE_(d-4_x-39936_y-29184_w-2048_h-2048).tif,Trainset/Labels_tif/38_HE_(d-4_x-39936_y-29184_w-2048_h-2048).tif,Trainset,38,0.2997093200683594,Marsh-1
Trainset/Images_tif/105_HE_(d-4_x-7680_y-16896_w-2048_h-2048).tif,Trainset/Labels_tif/105_HE_(d-4_x-7680_y-16896_w-2048_h-2048).tif,Trainset,105,0.001373291015625,Marsh-3b
Trainset/Images_tif/22_HE_(d-4_x-12288_y-4608_w-2048_h-2048).tif,Trainset/Labels_tif/22_HE_(d-4_x-12288_y-4608_w-2048_h-2048).tif,Trainset,22,0.145477294921875,Marsh-3a
Trainset/Images_tif/132_HE_(d-4_x-24576_y-10752_w-2048_h-2048).tif,Trainset/Labels_tif/132_HE_(d-4_x-24576_y-10752_w-2048_h-2048).tif,Trainset,132,0.2562141418457031,Marsh-1
Trainset/Images_tif/104_HE_(d-4_x-15360_y-10752_w-2048_h-2048).tif,Trainset/Labels_tif/104_HE_(d-4_x-15360_y-10752_w-2048_h-2048).tif,Trainset,104,0.2528495788574219,Marsh-1
Trainset/Images_tif/63_HE_(d-4_x-18432_y-18432_w-2048_h-2048).tif,Trainset/Labels_tif/63_HE_(d-4_x-18432_y-18432_w-2048_h-2048).tif,Trainset,63,0.1825714111328125,Marsh-3a
Trainset/Images_tif/25_HE_(d-4_x-32256_y-19968_w-2048_h-2048).tif,Trainset/Labels_tif/25_HE_(d-4_x-32256_y-19968_w-2048_h-2048).tif,Trainset,25,0.17423248291015625,Marsh-3a
Trainset/Images_tif/53_HE_(d-4_x-15360_y-6144_w-2048_h-2048).tif,Trainset/Labels_tif/53_HE_(d-4_x-15360_y-6144_w-2048_h-2048).tif,Trainset,53,0.12884140014648438,Marsh-3b
Trainset/Images_tif/49_HE_(d-4_x-36864_y-7680_w-2048_h-2048).tif,Trainset/Labels_tif/49_HE_(d-4_x-36864_y-7680_w-2048_h-2048).tif,Trainset,49,0.077056884765625,Marsh-3b
Trainset/Images_tif/26_HE_(d-4_x-7680_y-7680_w-2048_h-2048).tif,Trainset/Labels_tif/26_HE_(d-4_x-7680_y-7680_w-2048_h-2048).tif,Trainset,26,0.4373893737792969,Marsh-0
Trainset/Images_tif/85_HE_(d-4_x-29184_y-9216_w-2048_h-2048).tif,Trainset/Labels_tif/85_HE_(d-4_x-29184_y-9216_w-2048_h-2048).tif,Trainset,85,0.144134521484375,Marsh-3a
Trainset/Images_tif/135_HE_(d-4_x-32256_y-38400_w-2048_h-2048).tif,Trainset/Labels_tif/135_HE_(d-4_x-32256_y-38400_w-2048_h-2048).tif,Trainset,135,0.21144485473632812,Marsh-3a
Trainset/Images_tif/78_HE_(d-4_x-18432_y-12288_w-2048_h-2048).tif,Trainset/Labels_tif/78_HE_(d-4_x-18432_y-12288_w-2048_h-2048).tif,Trainset,78,0.1808624267578125,Marsh-3a
Trainset/Images_tif/67_HE_(d-4_x-6144_y-15360_w-2048_h-2048).tif,Trainset/Labels_tif/67_HE_(d-4_x-6144_y-15360_w-2048_h-2048).tif,Trainset,67,0.09390640258789062,Marsh-3b
Trainset/Images_tif/35_HE_(d-4_x-19968_y-6144_w-2048_h-2048).tif,Trainset/Labels_tif/35_HE_(d-4_x-19968_y-6144_w-2048_h-2048).tif,Trainset,35,0.11494064331054688,Marsh-3b
Trainset/Images_tif/135_HE_(d-4_x-7680_y-36864_w-2048_h-2048).tif,Trainset/Labels_tif/135_HE_(d-4_x-7680_y-36864_w-2048_h-2048).tif,Trainset,135,0.31751251220703125,Marsh-1
Trainset/Images_tif/133_HE_(d-4_x-7680_y-6144_w-2048_h-2048).tif,Trainset/Labels_tif/133_HE_(d-4_x-7680_y-6144_w-2048_h-2048).tif,Trainset,133,0.20877456665039062,Marsh-3a
Trainset/Images_tif/121_HE_(d-4_x-16896_y-12288_w-2048_h-2048).tif,Trainset/Labels_tif/121_HE_(d-4_x-16896_y-12288_w-2048_h-2048).tif,Trainset,121,0.104034423828125,Marsh-3b
Trainset/Images_tif/10_HE_(d-4_x-1536_y-9216_w-2048_h-2048).tif,Trainset/Labels_tif/10_HE_(d-4_x-1536_y-9216_w-2048_h-2048).tif,Trainset,10,0.10539627075195312,Marsh-3b
Trainset/Images_tif/85_HE_(d-4_x-29184_y-13824_w-2048_h-2048).tif,Trainset/Labels_tif/85_HE_(d-4_x-29184_y-13824_w-2048_h-2048).tif,Trainset,85,0.30164337158203125,Marsh-1
Trainset/Images_tif/104_HE_(d-4_x-13824_y-10752_w-2048_h-2048).tif,Trainset/Labels_tif/104_HE_(d-4_x-13824_y-10752_w-2048_h-2048).tif,Trainset,104,0.16965484619140625,Marsh-3a
Trainset/Images_tif/130_HE_(d-4_x-23040_y-33792_w-2048_h-2048).tif,Trainset/Labels_tif/130_HE_(d-4_x-23040_y-33792_w-2048_h-2048).tif,Trainset,130,0.061641693115234375,Marsh-3b
Trainset/Images_tif/121_HE_(d-4_x-3072_y-4608_w-2048_h-2048).tif,Trainset/Labels_tif/121_HE_(d-4_x-3072_y-4608_w-2048_h-2048).tif,Trainset,121,0.19269180297851562,Marsh-3a
Trainset/Images_tif/38_HE_(d-4_x-4608_y-23040_w-2048_h-2048).tif,Trainset/Labels_tif/38_HE_(d-4_x-4608_y-23040_w-2048_h-2048).tif,Trainset,38,0.385345458984375,Marsh-0
Trainset/Images_tif/87_HE_(d-4_x-32256_y-13824_w-2048_h-2048).tif,Trainset/Labels_tif/87_HE_(d-4_x-32256_y-13824_w-2048_h-2048).tif,Trainset,87,0.24995803833007812,Marsh-1
Trainset/Images_tif/60_HE_(d-4_x-7680_y-9216_w-2048_h-2048).tif,Trainset/Labels_tif/60_HE_(d-4_x-7680_y-9216_w-2048_h-2048).tif,Trainset,60,0.5597801208496094,Marsh-0
Trainset/Images_tif/29_HE_(d-4_x-59904_y-12288_w-2048_h-2048).tif,Trainset/Labels_tif/29_HE_(d-4_x-59904_y-12288_w-2048_h-2048).tif,Trainset,29,0.6322517395019531,Marsh-0
Trainset/Images_tif/76_HE_(d-4_x-23040_y-23040_w-2048_h-2048).tif,Trainset/Labels_tif/76_HE_(d-4_x-23040_y-23040_w-2048_h-2048).tif,Trainset,76,0.12382888793945312,Marsh-3b
Trainset/Images_tif/112_HE_(d-4_x-19968_y-3072_w-2048_h-2048).tif,Trainset/Labels_tif/112_HE_(d-4_x-19968_y-3072_w-2048_h-2048).tif,Trainset,112,0.02338409423828125,Marsh-3b
Trainset/Images_tif/102_HE_(d-4_x-13824_y-9216_w-2048_h-2048).tif,Trainset/Labels_tif/102_HE_(d-4_x-13824_y-9216_w-2048_h-2048).tif,Trainset,102,0.4567451477050781,Marsh-0
Trainset/Images_tif/71_HE_(d-4_x-6144_y-36864_w-2048_h-2048).tif,Trainset/Labels_tif/71_HE_(d-4_x-6144_y-36864_w-2048_h-2048).tif,Trainset,71,0.2780494689941406,Marsh-1
Trainset/Images_tif/25_HE_(d-4_x-32256_y-21504_w-2048_h-2048).tif,Trainset/Labels_tif/25_HE_(d-4_x-32256_y-21504_w-2048_h-2048).tif,Trainset,25,0.4472312927246094,Marsh-0
Trainset/Images_tif/74_HE_(d-4_x-29184_y-4608_w-2048_h-2048).tif,Trainset/Labels_tif/74_HE_(d-4_x-29184_y-4608_w-2048_h-2048).tif,Trainset,74,0.4787864685058594,Marsh-0
Trainset/Images_tif/84_HE_(d-4_x-12288_y-19968_w-2048_h-2048).tif,Trainset/Labels_tif/84_HE_(d-4_x-12288_y-19968_w-2048_h-2048).tif,Trainset,84,0.3634490966796875,Marsh-0
Validationset/Images_tif/128_HE_(d-4_x-4608_y-4608_w-2048_h-2048).tif,Validationset/Labels_tif/128_HE_(d-4_x-4608_y-4608_w-2048_h-2048).tif,Validationset,128,0.3661766052246094,Marsh-0
Validationset/Images_tif/65_HE_(d-4_x-23040_y-21504_w-2048_h-2048).tif,Validationset/Labels_tif/65_HE_(d-4_x-23040_y-21504_w-2048_h-2048).tif,Validationset,65,0.0,Marsh-3b
Validationset/Images_tif/72_HE_(d-4_x-73728_y-59904_w-2048_h-2048).tif,Validationset/Labels_tif/72_HE_(d-4_x-73728_y-59904_w-2048_h-2048).tif,Validationset,72,0.30541229248046875,Marsh-1
Validationset/Images_tif/130_HE_(d-4_x-21504_y-36864_w-2048_h-2048).tif,Validationset/Labels_tif/130_HE_(d-4_x-21504_y-36864_w-2048_h-2048).tif,Validationset,130,0.23712539672851562,Marsh-1
Validationset/Images_tif/122_HE_(d-4_x-6144_y-7680_w-2048_h-2048).tif,Validationset/Labels_tif/122_HE_(d-4_x-6144_y-7680_w-2048_h-2048).tif,Validationset,122,0.25720977783203125,Marsh-1
Validationset/Images_tif/109_HE_(d-4_x-23040_y-26112_w-2048_h-2048).tif,Validationset/Labels_tif/109_HE_(d-4_x-23040_y-26112_w-2048_h-2048).tif,Validationset,109,0.35735321044921875,Marsh-0
Validationset/Images_tif/62_HE_(d-4_x-19968_y-12288_w-2048_h-2048).tif,Validationset/Labels_tif/62_HE_(d-4_x-19968_y-12288_w-2048_h-2048).tif,Validationset,62,0.13198471069335938,Marsh-3b
Validationset/Images_tif/102_HE_(d-4_x-18432_y-39936_w-2048_h-2048).tif,Validationset/Labels_tif/102_HE_(d-4_x-18432_y-39936_w-2048_h-2048).tif,Validationset,102,0.6158905029296875,Marsh-0
Validationset/Images_tif/29_HE_(d-4_x-46080_y-4608_w-2048_h-2048).tif,Validationset/Labels_tif/29_HE_(d-4_x-46080_y-4608_w-2048_h-2048).tif,Validationset,29,0.2977561950683594,Marsh-1
Validationset/Images_tif/135_HE_(d-4_x-9216_y-39936_w-2048_h-2048).tif,Validationset/Labels_tif/135_HE_(d-4_x-9216_y-39936_w-2048_h-2048).tif,Validationset,135,0.2644538879394531,Marsh-1
Validationset/Images_tif/105_HE_(d-4_x-26112_y-10752_w-2048_h-2048).tif,Validationset/Labels_tif/105_HE_(d-4_x-26112_y-10752_w-2048_h-2048).tif,Validationset,105,0.4258689880371094,Marsh-0
Validationset/Images_tif/86_HE_(d-4_x-9216_y-10752_w-2048_h-2048).tif,Validationset/Labels_tif/86_HE_(d-4_x-9216_y-10752_w-2048_h-2048).tif,Validationset,86,0.5553741455078125,Marsh-0
Validationset/Images_tif/104_HE_(d-4_x-13824_y-15360_w-2048_h-2048).tif,Validationset/Labels_tif/104_HE_(d-4_x-13824_y-15360_w-2048_h-2048).tif,Validationset,104,0.2870941162109375,Marsh-1
Validationset/Images_tif/32_HE_(d-4_x-66048_y-39936_w-2048_h-2048).tif,Validationset/Labels_tif/32_HE_(d-4_x-66048_y-39936_w-2048_h-2048).tif,Validationset,32,0.0465087890625,Marsh-3b
Validationset/Images_tif/32_HE_(d-4_x-67584_y-38400_w-2048_h-2048).tif,Validationset/Labels_tif/32_HE_(d-4_x-67584_y-38400_w-2048_h-2048).tif,Validationset,32,0.11713409423828125,Marsh-3b
Validationset/Images_tif/78_HE_(d-4_x-13824_y-13824_w-2048_h-2048).tif,Validationset/Labels_tif/78_HE_(d-4_x-13824_y-13824_w-2048_h-2048).tif,Validationset,78,0.3439292907714844,Marsh-0
Validationset/Images_tif/45_HE_(d-4_x-73728_y-13824_w-2048_h-2048).tif,Validationset/Labels_tif/45_HE_(d-4_x-73728_y-13824_w-2048_h-2048).tif,Validationset,45,0.3853492736816406,Marsh-0
Validationset/Images_tif/67_HE_(d-4_x-50688_y-15360_w-2048_h-2048).tif,Validationset/Labels_tif/67_HE_(d-4_x-50688_y-15360_w-2048_h-2048).tif,Validationset,67,0.256378173828125,Marsh-1
Validationset/Images_tif/2_HE_(d-4_x-33792_y-41472_w-2048_h-2048).tif,Validationset/Labels_tif/2_HE_(d-4_x-33792_y-41472_w-2048_h-2048).tif,Validationset,2,0.29866790771484375,Marsh-1
Validationset/Images_tif/89_HE_(d-4_x-39936_y-1536_w-2048_h-2048).tif,Validationset/Labels_tif/89_HE_(d-4_x-39936_y-1536_w-2048_h-2048).tif,Validationset,89,0.19712066650390625,Marsh-3a
Validationset/Images_tif/132_HE_(d-4_x-30720_y-15360_w-2048_h-2048).tif,Validationset/Labels_tif/132_HE_(d-4_x-30720_y-15360_w-2048_h-2048).tif,Validationset,132,0.2432708740234375,Marsh-1
Validationset/Images_tif/26_HE_(d-4_x-7680_y-12288_w-2048_h-2048).tif,Validationset/Labels_tif/26_HE_(d-4_x-7680_y-12288_w-2048_h-2048).tif,Validationset,26,0.3476524353027344,Marsh-0
Validationset/Images_tif/39_HE_(d-4_x-26112_y-12288_w-2048_h-2048).tif,Validationset/Labels_tif/39_HE_(d-4_x-26112_y-12288_w-2048_h-2048).tif,Validationset,39,0.0,Marsh-3b
Validationset/Images_tif/105_HE_(d-4_x-9216_y-18432_w-2048_h-2048).tif,Validationset/Labels_tif/105_HE_(d-4_x-9216_y-18432_w-2048_h-2048).tif,Validationset,105,0.21151351928710938,Marsh-3a
Validationset/Images_tif/52_HE_(d-4_x-13824_y-6144_w-2048_h-2048).tif,Validationset/Labels_tif/52_HE_(d-4_x-13824_y-6144_w-2048_h-2048).tif,Validationset,52,0.3054351806640625,Marsh-1
Validationset/Images_tif/32_HE_(d-4_x-56832_y-69120_w-2048_h-2048).tif,Validationset/Labels_tif/32_HE_(d-4_x-56832_y-69120_w-2048_h-2048).tif,Validationset,32,0.2853736877441406,Marsh-1
Validationset/Images_tif/127_HE_(d-4_x-24576_y-9216_w-2048_h-2048).tif,Validationset/Labels_tif/127_HE_(d-4_x-24576_y-9216_w-2048_h-2048).tif,Validationset,127,0.39948272705078125,Marsh-0
Validationset/Images_tif/89_HE_(d-4_x-41472_y-6144_w-2048_h-2048).tif,Validationset/Labels_tif/89_HE_(d-4_x-41472_y-6144_w-2048_h-2048).tif,Validationset,89,0.0499725341796875,Marsh-3b
Validationset/Images_tif/106_HE_(d-4_x-4608_y-46080_w-2048_h-2048).tif,Validationset/Labels_tif/106_HE_(d-4_x-4608_y-46080_w-2048_h-2048).tif,Validationset,106,0.08296585083007812,Marsh-3b
Validationset/Images_tif/46_HE_(d-4_x-12288_y-4608_w-2048_h-2048).tif,Validationset/Labels_tif/46_HE_(d-4_x-12288_y-4608_w-2048_h-2048).tif,Validationset,46,0.20010757446289062,Marsh-3a
Validationset/Images_tif/130_HE_(d-4_x-7680_y-41472_w-2048_h-2048).tif,Validationset/Labels_tif/130_HE_(d-4_x-7680_y-41472_w-2048_h-2048).tif,Validationset,130,0.4098243713378906,Marsh-0
Validationset/Images_tif/137_HE_(d-4_x-23040_y-19968_w-2048_h-2048).tif,Validationset/Labels_tif/137_HE_(d-4_x-23040_y-19968_w-2048_h-2048).tif,Validationset,137,0.41904449462890625,Marsh-0
Validationset/Images_tif/56_HE_(d-4_x-36864_y-58368_w-2048_h-2048).tif,Validationset/Labels_tif/56_HE_(d-4_x-36864_y-58368_w-2048_h-2048).tif,Validationset,56,0.2291717529296875,Marsh-3a
Validationset/Images_tif/86_HE_(d-4_x-26112_y-3072_w-2048_h-2048).tif,Validationset/Labels_tif/86_HE_(d-4_x-26112_y-3072_w-2048_h-2048).tif,Validationset,86,0.2643699645996094,Marsh-1
Validationset/Images_tif/4_HE_(d-4_x-33792_y-16896_w-2048_h-2048).tif,Validationset/Labels_tif/4_HE_(d-4_x-33792_y-16896_w-2048_h-2048).tif,Validationset,4,0.1544647216796875,Marsh-3a
Validationset/Images_tif/138_HE_(d-4_x-6144_y-4608_w-2048_h-2048).tif,Validationset/Labels_tif/138_HE_(d-4_x-6144_y-4608_w-2048_h-2048).tif,Validationset,138,0.4332618713378906,Marsh-0
Validationset/Images_tif/56_HE_(d-4_x-10752_y-62976_w-2048_h-2048).tif,Validationset/Labels_tif/56_HE_(d-4_x-10752_y-62976_w-2048_h-2048).tif,Validationset,56,0.2511444091796875,Marsh-1
Validationset/Images_tif/133_HE_(d-4_x-6144_y-6144_w-2048_h-2048).tif,Validationset/Labels_tif/133_HE_(d-4_x-6144_y-6144_w-2048_h-2048).tif,Validationset,133,0.23406982421875,Marsh-1
Validationset/Images_tif/127_HE_(d-4_x-27648_y-10752_w-2048_h-2048).tif,Validationset/Labels_tif/127_HE_(d-4_x-27648_y-10752_w-2048_h-2048).tif,Validationset,127,0.44305419921875,Marsh-0
Validationset/Images_tif/118_HE_(d-4_x-36864_y-55296_w-2048_h-2048).tif,Validationset/Labels_tif/118_HE_(d-4_x-36864_y-55296_w-2048_h-2048).tif,Validationset,118,0.0782012939453125,Marsh-3b
Validationset/Images_tif/18_HE_(d-4_x-12288_y-9216_w-2048_h-2048).tif,Validationset/Labels_tif/18_HE_(d-4_x-12288_y-9216_w-2048_h-2048).tif,Validationset,18,0.3237495422363281,Marsh-1
Validationset/Images_tif/36_HE_(d-4_x-21504_y-7680_w-2048_h-2048).tif,Validationset/Labels_tif/36_HE_(d-4_x-21504_y-7680_w-2048_h-2048).tif,Validationset,36,0.4757232666015625,Marsh-0
Validationset/Images_tif/74_HE_(d-4_x-29184_y-6144_w-2048_h-2048).tif,Validationset/Labels_tif/74_HE_(d-4_x-29184_y-6144_w-2048_h-2048).tif,Validationset,74,0.41595458984375,Marsh-0
Validationset/Images_tif/67_HE_(d-4_x-7680_y-13824_w-2048_h-2048).tif,Validationset/Labels_tif/67_HE_(d-4_x-7680_y-13824_w-2048_h-2048).tif,Validationset,67,0.4156532287597656,Marsh-0
Validationset/Images_tif/79_HE_(d-4_x-13824_y-9216_w-2048_h-2048).tif,Validationset/Labels_tif/79_HE_(d-4_x-13824_y-9216_w-2048_h-2048).tif,Validationset,79,0.43009185791015625,Marsh-0
Validationset/Images_tif/2_HE_(d-4_x-19968_y-62976_w-2048_h-2048).tif,Validationset/Labels_tif/2_HE_(d-4_x-19968_y-62976_w-2048_h-2048).tif,Validationset,2,0.3230705261230469,Marsh-1
Validationset/Images_tif/73_HE_(d-4_x-27648_y-9216_w-2048_h-2048).tif,Validationset/Labels_tif/73_HE_(d-4_x-27648_y-9216_w-2048_h-2048).tif,Validationset,73,0.39780426025390625,Marsh-0
Validationset/Images_tif/49_HE_(d-4_x-30720_y-13824_w-2048_h-2048).tif,Validationset/Labels_tif/49_HE_(d-4_x-30720_y-13824_w-2048_h-2048).tif,Validationset,49,0.17507171630859375,Marsh-3a
Validationset/Images_tif/85_HE_(d-4_x-9216_y-10752_w-2048_h-2048).tif,Validationset/Labels_tif/85_HE_(d-4_x-9216_y-10752_w-2048_h-2048).tif,Validationset,85,0.0,Marsh-3b
Validationset/Images_tif/39_HE_(d-4_x-13824_y-15360_w-2048_h-2048).tif,Validationset/Labels_tif/39_HE_(d-4_x-13824_y-15360_w-2048_h-2048).tif,Validationset,39,0.0,Marsh-3b
Validationset/Images_tif/137_HE_(d-4_x-6144_y-18432_w-2048_h-2048).tif,Validationset/Labels_tif/137_HE_(d-4_x-6144_y-18432_w-2048_h-2048).tif,Validationset,137,0.1786346435546875,Marsh-3a
Validationset/Images_tif/46_HE_(d-4_x-18432_y-7680_w-2048_h-2048).tif,Validationset/Labels_tif/46_HE_(d-4_x-18432_y-7680_w-2048_h-2048).tif,Validationset,46,0.24268722534179688,Marsh-1
Validationset/Images_tif/65_HE_(d-4_x-23040_y-35328_w-2048_h-2048).tif,Validationset/Labels_tif/65_HE_(d-4_x-23040_y-35328_w-2048_h-2048).tif,Validationset,65,0.0,Marsh-3b
Validationset/Images_tif/29_HE_(d-4_x-61440_y-9216_w-2048_h-2048).tif,Validationset/Labels_tif/29_HE_(d-4_x-61440_y-9216_w-2048_h-2048).tif,Validationset,29,0.2303924560546875,Marsh-3a
Validationset/Images_tif/54_HE_(d-4_x-15360_y-6144_w-2048_h-2048).tif,Validationset/Labels_tif/54_HE_(d-4_x-15360_y-6144_w-2048_h-2048).tif,Validationset,54,0.18770217895507812,Marsh-3a
Validationset/Images_tif/25_HE_(d-4_x-29184_y-12288_w-2048_h-2048).tif,Validationset/Labels_tif/25_HE_(d-4_x-29184_y-12288_w-2048_h-2048).tif,Validationset,25,0.19843292236328125,Marsh-3a
Validationset/Images_tif/122_HE_(d-4_x-9216_y-13824_w-2048_h-2048).tif,Validationset/Labels_tif/122_HE_(d-4_x-9216_y-13824_w-2048_h-2048).tif,Validationset,122,0.24007034301757812,Marsh-1
Validationset/Images_tif/126_HE_(d-4_x-7680_y-6144_w-2048_h-2048).tif,Validationset/Labels_tif/126_HE_(d-4_x-7680_y-6144_w-2048_h-2048).tif,Validationset,126,0.48016357421875,Marsh-0
Validationset/Images_tif/105_HE_(d-4_x-9216_y-21504_w-2048_h-2048).tif,Validationset/Labels_tif/105_HE_(d-4_x-9216_y-21504_w-2048_h-2048).tif,Validationset,105,0.07527923583984375,Marsh-3b
Validationset/Images_tif/43_HE_(d-4_x-30720_y-9216_w-2048_h-2048).tif,Validationset/Labels_tif/43_HE_(d-4_x-30720_y-9216_w-2048_h-2048).tif,Validationset,43,0.40743255615234375,Marsh-0
Validationset/Images_tif/8_HE_(d-4_x-9216_y-12288_w-2048_h-2048).tif,Validationset/Labels_tif/8_HE_(d-4_x-9216_y-12288_w-2048_h-2048).tif,Validationset,8,0.19158172607421875,Marsh-3a
Validationset/Images_tif/33_HE_(d-4_x-10752_y-9216_w-2048_h-2048).tif,Validationset/Labels_tif/33_HE_(d-4_x-10752_y-9216_w-2048_h-2048).tif,Validationset,33,0.318817138671875,Marsh-1
Validationset/Images_tif/4_HE_(d-4_x-46080_y-6144_w-2048_h-2048).tif,Validationset/Labels_tif/4_HE_(d-4_x-46080_y-6144_w-2048_h-2048).tif,Validationset,4,0.3076667785644531,Marsh-1
Validationset/Images_tif/124_HE_(d-4_x-6144_y-19968_w-2048_h-2048).tif,Validationset/Labels_tif/124_HE_(d-4_x-6144_y-19968_w-2048_h-2048).tif,Validationset,124,0.0955352783203125,Marsh-3b
Validationset/Images_tif/138_HE_(d-4_x-15360_y-12288_w-2048_h-2048).tif,Validationset/Labels_tif/138_HE_(d-4_x-15360_y-12288_w-2048_h-2048).tif,Validationset,138,0.09701156616210938,Marsh-3b
Validationset/Images_tif/40_HE_(d-4_x-6144_y-7680_w-2048_h-2048).tif,Validationset/Labels_tif/40_HE_(d-4_x-6144_y-7680_w-2048_h-2048).tif,Validationset,40,0.05584716796875,Marsh-3b
Validationset/Images_tif/43_HE_(d-4_x-10752_y-12288_w-2048_h-2048).tif,Validationset/Labels_tif/43_HE_(d-4_x-10752_y-12288_w-2048_h-2048).tif,Validationset,43,0.262908935546875,Marsh-1
Validationset/Images_tif/116_HE_(d-4_x-24576_y-12288_w-2048_h-2048).tif,Validationset/Labels_tif/116_HE_(d-4_x-24576_y-12288_w-2048_h-2048).tif,Validationset,116,0.25673675537109375,Marsh-1
Validationset/Images_tif/59_HE_(d-4_x-35328_y-50688_w-2048_h-2048).tif,Validationset/Labels_tif/59_HE_(d-4_x-35328_y-50688_w-2048_h-2048).tif,Validationset,59,0.3275794982910156,Marsh-1
Validationset/Images_tif/97_HE_(d-4_x-6144_y-10752_w-2048_h-2048).tif,Validationset/Labels_tif/97_HE_(d-4_x-6144_y-10752_w-2048_h-2048).tif,Validationset,97,0.2544441223144531,Marsh-1
Validationset/Images_tif/33_HE_(d-4_x-6144_y-10752_w-2048_h-2048).tif,Validationset/Labels_tif/33_HE_(d-4_x-6144_y-10752_w-2048_h-2048).tif,Validationset,33,0.12888336181640625,Marsh-3b
Validationset/Images_tif/102_HE_(d-4_x-10752_y-9216_w-2048_h-2048).tif,Validationset/Labels_tif/102_HE_(d-4_x-10752_y-9216_w-2048_h-2048).tif,Validationset,102,0.1236572265625,Marsh-3b
Validationset/Images_tif/128_HE_(d-4_x-9216_y-6144_w-2048_h-2048).tif,Validationset/Labels_tif/128_HE_(d-4_x-9216_y-6144_w-2048_h-2048).tif,Validationset,128,0.3274879455566406,Marsh-1
Validationset/Images_tif/40_HE_(d-4_x-9216_y-12288_w-2048_h-2048).tif,Validationset/Labels_tif/40_HE_(d-4_x-9216_y-12288_w-2048_h-2048).tif,Validationset,40,0.1413726806640625,Marsh-3a
Validationset/Images_tif/122_HE_(d-4_x-13824_y-7680_w-2048_h-2048).tif,Validationset/Labels_tif/122_HE_(d-4_x-13824_y-7680_w-2048_h-2048).tif,Validationset,122,0.17409896850585938,Marsh-3a
Validationset/Images_tif/102_HE_(d-4_x-12288_y-38400_w-2048_h-2048).tif,Validationset/Labels_tif/102_HE_(d-4_x-12288_y-38400_w-2048_h-2048).tif,Validationset,102,0.49005126953125,Marsh-0
Validationset/Images_tif/8_HE_(d-4_x-41472_y-23040_w-2048_h-2048).tif,Validationset/Labels_tif/8_HE_(d-4_x-41472_y-23040_w-2048_h-2048).tif,Validationset,8,0.4093971252441406,Marsh-0
Validationset/Images_tif/89_HE_(d-4_x-9216_y-4608_w-2048_h-2048).tif,Validationset/Labels_tif/89_HE_(d-4_x-9216_y-4608_w-2048_h-2048).tif,Validationset,89,0.18976593017578125,Marsh-3a
Validationset/Images_tif/91_HE_(d-4_x-12288_y-12288_w-2048_h-2048).tif,Validationset/Labels_tif/91_HE_(d-4_x-12288_y-12288_w-2048_h-2048).tif,Validationset,91,0.20416259765625,Marsh-3a
Validationset/Images_tif/2_HE_(d-4_x-38400_y-44544_w-2048_h-2048).tif,Validationset/Labels_tif/2_HE_(d-4_x-38400_y-44544_w-2048_h-2048).tif,Validationset,2,0.24225616455078125,Marsh-1
Validationset/Images_tif/113_HE_(d-4_x-12288_y-7680_w-2048_h-2048).tif,Validationset/Labels_tif/113_HE_(d-4_x-12288_y-7680_w-2048_h-2048).tif,Validationset,113,0.20764923095703125,Marsh-3a
Validationset/Images_tif/100_HE_(d-4_x-41472_y-59904_w-2048_h-2048).tif,Validationset/Labels_tif/100_HE_(d-4_x-41472_y-59904_w-2048_h-2048).tif,Validationset,100,0.13434982299804688,Marsh-3b
Validationset/Images_tif/113_HE_(d-4_x-13824_y-4608_w-2048_h-2048).tif,Validationset/Labels_tif/113_HE_(d-4_x-13824_y-4608_w-2048_h-2048).tif,Validationset,113,0.1800384521484375,Marsh-3a
Validationset/Images_tif/32_HE_(d-4_x-58368_y-59904_w-2048_h-2048).tif,Validationset/Labels_tif/32_HE_(d-4_x-58368_y-59904_w-2048_h-2048).tif,Validationset,32,0.35086822509765625,Marsh-0
Validationset/Images_tif/101_HE_(d-4_x-4608_y-7680_w-2048_h-2048).tif,Validationset/Labels_tif/101_HE_(d-4_x-4608_y-7680_w-2048_h-2048).tif,Validationset,101,0.30506134033203125,Marsh-1
Validationset/Images_tif/89_HE_(d-4_x-35328_y-6144_w-2048_h-2048).tif,Validationset/Labels_tif/89_HE_(d-4_x-35328_y-6144_w-2048_h-2048).tif,Validationset,89,0.13474655151367188,Marsh-3b
Validationset/Images_tif/102_HE_(d-4_x-12288_y-39936_w-2048_h-2048).tif,Validationset/Labels_tif/102_HE_(d-4_x-12288_y-39936_w-2048_h-2048).tif,Validationset,102,0.188934326171875,Marsh-3a
Validationset/Images_tif/120_HE_(d-4_x-21504_y-29184_w-2048_h-2048).tif,Validationset/Labels_tif/120_HE_(d-4_x-21504_y-29184_w-2048_h-2048).tif,Validationset,120,0.12473678588867188,Marsh-3b
Validationset/Images_tif/97_HE_(d-4_x-15360_y-7680_w-2048_h-2048).tif,Validationset/Labels_tif/97_HE_(d-4_x-15360_y-7680_w-2048_h-2048).tif,Validationset,97,0.17419815063476562,Marsh-3a
Validationset/Images_tif/39_HE_(d-4_x-6144_y-12288_w-2048_h-2048).tif,Validationset/Labels_tif/39_HE_(d-4_x-6144_y-12288_w-2048_h-2048).tif,Validationset,39,0.0,Marsh-3b
Validationset/Images_tif/4_HE_(d-4_x-39936_y-23040_w-2048_h-2048).tif,Validationset/Labels_tif/4_HE_(d-4_x-39936_y-23040_w-2048_h-2048).tif,Validationset,4,0.17433547973632812,Marsh-3a
Validationset/Images_tif/17_HE_(d-4_x-32256_y-3072_w-2048_h-2048).tif,Validationset/Labels_tif/17_HE_(d-4_x-32256_y-3072_w-2048_h-2048).tif,Validationset,17,0.20879364013671875,Marsh-3a
Validationset/Images_tif/119_HE_(d-4_x-12288_y-7680_w-2048_h-2048).tif,Validationset/Labels_tif/119_HE_(d-4_x-12288_y-7680_w-2048_h-2048).tif,Validationset,119,0.19841384887695312,Marsh-3a
Validationset/Images_tif/122_HE_(d-4_x-18432_y-7680_w-2048_h-2048).tif,Validationset/Labels_tif/122_HE_(d-4_x-18432_y-7680_w-2048_h-2048).tif,Validationset,122,0.16991424560546875,Marsh-3a
Validationset/Images_tif/100_HE_(d-4_x-12288_y-56832_w-2048_h-2048).tif,Validationset/Labels_tif/100_HE_(d-4_x-12288_y-56832_w-2048_h-2048).tif,Validationset,100,0.3570976257324219,Marsh-0
Validationset/Images_tif/124_HE_(d-4_x-39936_y-16896_w-2048_h-2048).tif,Validationset/Labels_tif/124_HE_(d-4_x-39936_y-16896_w-2048_h-2048).tif,Validationset,124,0.04187774658203125,Marsh-3b
Validationset/Images_tif/27_HE_(d-4_x-6144_y-27648_w-2048_h-2048).tif,Validationset/Labels_tif/27_HE_(d-4_x-6144_y-27648_w-2048_h-2048).tif,Validationset,27,0.4119758605957031,Marsh-0
Validationset/Images_tif/55_HE_(d-4_x-7680_y-4608_w-2048_h-2048).tif,Validationset/Labels_tif/55_HE_(d-4_x-7680_y-4608_w-2048_h-2048).tif,Validationset,55,0.17480850219726562,Marsh-3a
Validationset/Images_tif/120_HE_(d-4_x-7680_y-21504_w-2048_h-2048).tif,Validationset/Labels_tif/120_HE_(d-4_x-7680_y-21504_w-2048_h-2048).tif,Validationset,120,0.3672943115234375,Marsh-0
Validationset/Images_tif/17_HE_(d-4_x-9216_y-3072_w-2048_h-2048).tif,Validationset/Labels_tif/17_HE_(d-4_x-9216_y-3072_w-2048_h-2048).tif,Validationset,17,0.14213943481445312,Marsh-3a
Validationset/Images_tif/77_HE_(d-4_x-36864_y-19968_w-2048_h-2048).tif,Validationset/Labels_tif/77_HE_(d-4_x-36864_y-19968_w-2048_h-2048).tif,Validationset,77,0.12978744506835938,Marsh-3b
Validationset/Images_tif/135_HE_(d-4_x-27648_y-39936_w-2048_h-2048).tif,Validationset/Labels_tif/135_HE_(d-4_x-27648_y-39936_w-2048_h-2048).tif,Validationset,135,0.1239776611328125,Marsh-3b
Validationset/Images_tif/77_HE_(d-4_x-44544_y-21504_w-2048_h-2048).tif,Validationset/Labels_tif/77_HE_(d-4_x-44544_y-21504_w-2048_h-2048).tif,Validationset,77,0.47327423095703125,Marsh-0
Validationset/Images_tif/47_HE_(d-4_x-7680_y-32256_w-2048_h-2048).tif,Validationset/Labels_tif/47_HE_(d-4_x-7680_y-32256_w-2048_h-2048).tif,Validationset,47,0.09599685668945312,Marsh-3b
Validationset/Images_tif/82_HE_(d-4_x-12288_y-16896_w-2048_h-2048).tif,Validationset/Labels_tif/82_HE_(d-4_x-12288_y-16896_w-2048_h-2048).tif,Validationset,82,0.006744384765625,Marsh-3b
Validationset/Images_tif/79_HE_(d-4_x-10752_y-6144_w-2048_h-2048).tif,Validationset/Labels_tif/79_HE_(d-4_x-10752_y-6144_w-2048_h-2048).tif,Validationset,79,0.13599014282226562,Marsh-3a
Validationset/Images_tif/121_HE_(d-4_x-21504_y-9216_w-2048_h-2048).tif,Validationset/Labels_tif/121_HE_(d-4_x-21504_y-9216_w-2048_h-2048).tif,Validationset,121,0.000545501708984375,Marsh-3b
Validationset/Images_tif/134_HE_(d-4_x-6144_y-33792_w-2048_h-2048).tif,Validationset/Labels_tif/134_HE_(d-4_x-6144_y-33792_w-2048_h-2048).tif,Validationset,134,0.0,Marsh-3b
Validationset/Images_tif/12_HE_(d-4_x-18432_y-4608_w-2048_h-2048).tif,Validationset/Labels_tif/12_HE_(d-4_x-18432_y-4608_w-2048_h-2048).tif,Validationset,12,0.03365325927734375,Marsh-3b
Validationset/Images_tif/25_HE_(d-4_x-30720_y-13824_w-2048_h-2048).tif,Validationset/Labels_tif/25_HE_(d-4_x-30720_y-13824_w-2048_h-2048).tif,Validationset,25,0.15090560913085938,Marsh-3a
Validationset/Images_tif/112_HE_(d-4_x-23040_y-9216_w-2048_h-2048).tif,Validationset/Labels_tif/112_HE_(d-4_x-23040_y-9216_w-2048_h-2048).tif,Validationset,112,0.11977767944335938,Marsh-3b
Validationset/Images_tif/94_HE_(d-4_x-23040_y-50688_w-2048_h-2048).tif,Validationset/Labels_tif/94_HE_(d-4_x-23040_y-50688_w-2048_h-2048).tif,Validationset,94,0.10432052612304688,Marsh-3b
Validationset/Images_tif/87_HE_(d-4_x-29184_y-16896_w-2048_h-2048).tif,Validationset/Labels_tif/87_HE_(d-4_x-29184_y-16896_w-2048_h-2048).tif,Validationset,87,0.3191795349121094,Marsh-1
Validationset/Images_tif/10_HE_(d-4_x-1536_y-4608_w-2048_h-2048).tif,Validationset/Labels_tif/10_HE_(d-4_x-1536_y-4608_w-2048_h-2048).tif,Validationset,10,0.0,Marsh-3b
Validationset/Images_tif/86_HE_(d-4_x-7680_y-10752_w-2048_h-2048).tif,Validationset/Labels_tif/86_HE_(d-4_x-7680_y-10752_w-2048_h-2048).tif,Validationset,86,0.6981048583984375,Marsh-0
Validationset/Images_tif/121_HE_(d-4_x-6144_y-4608_w-2048_h-2048).tif,Validationset/Labels_tif/121_HE_(d-4_x-6144_y-4608_w-2048_h-2048).tif,Validationset,121,0.41136932373046875,Marsh-0
Validationset/Images_tif/32_HE_(d-4_x-70656_y-41472_w-2048_h-2048).tif,Validationset/Labels_tif/32_HE_(d-4_x-70656_y-41472_w-2048_h-2048).tif,Validationset,32,0.021636962890625,Marsh-3b
Validationset/Images_tif/14_HE_(d-4_x-6144_y-12288_w-2048_h-2048).tif,Validationset/Labels_tif/14_HE_(d-4_x-6144_y-12288_w-2048_h-2048).tif,Validationset,14,0.41371917724609375,Marsh-0
Validationset/Images_tif/33_HE_(d-4_x-30720_y-9216_w-2048_h-2048).tif,Validationset/Labels_tif/33_HE_(d-4_x-30720_y-9216_w-2048_h-2048).tif,Validationset,33,0.0405120849609375,Marsh-3b
Validationset/Images_tif/25_HE_(d-4_x-32256_y-16896_w-2048_h-2048).tif,Validationset/Labels_tif/25_HE_(d-4_x-32256_y-16896_w-2048_h-2048).tif,Validationset,25,0.4073677062988281,Marsh-0
Validationset/Images_tif/47_HE_(d-4_x-47616_y-13824_w-2048_h-2048).tif,Validationset/Labels_tif/47_HE_(d-4_x-47616_y-13824_w-2048_h-2048).tif,Validationset,47,0.159698486328125,Marsh-3a
Validationset/Images_tif/29_HE_(d-4_x-50688_y-15360_w-2048_h-2048).tif,Validationset/Labels_tif/29_HE_(d-4_x-50688_y-15360_w-2048_h-2048).tif,Validationset,29,0.18325042724609375,Marsh-3a
Validationset/Images_tif/118_HE_(d-4_x-76800_y-53760_w-2048_h-2048).tif,Validationset/Labels_tif/118_HE_(d-4_x-76800_y-53760_w-2048_h-2048).tif,Validationset,118,0.14964675903320312,Marsh-3a
Validationset/Images_tif/106_HE_(d-4_x-10752_y-41472_w-2048_h-2048).tif,Validationset/Labels_tif/106_HE_(d-4_x-10752_y-41472_w-2048_h-2048).tif,Validationset,106,0.2384033203125,Marsh-1
Validationset/Images_tif/102_HE_(d-4_x-13824_y-10752_w-2048_h-2048).tif,Validationset/Labels_tif/102_HE_(d-4_x-13824_y-10752_w-2048_h-2048).tif,Validationset,102,0.23286056518554688,Marsh-3a
Validationset/Images_tif/113_HE_(d-4_x-12288_y-6144_w-2048_h-2048).tif,Validationset/Labels_tif/113_HE_(d-4_x-12288_y-6144_w-2048_h-2048).tif,Validationset,113,0.12066268920898438,Marsh-3b
Validationset/Images_tif/38_HE_(d-4_x-39936_y-27648_w-2048_h-2048).tif,Validationset/Labels_tif/38_HE_(d-4_x-39936_y-27648_w-2048_h-2048).tif,Validationset,38,0.40949249267578125,Marsh-0
Validationset/Images_tif/18_HE_(d-4_x-6144_y-7680_w-2048_h-2048).tif,Validationset/Labels_tif/18_HE_(d-4_x-6144_y-7680_w-2048_h-2048).tif,Validationset,18,0.14459991455078125,Marsh-3a
Validationset/Images_tif/35_HE_(d-4_x-10752_y-9216_w-2048_h-2048).tif,Validationset/Labels_tif/35_HE_(d-4_x-10752_y-9216_w-2048_h-2048).tif,Validationset,35,0.2342071533203125,Marsh-1
Validationset/Images_tif/12_HE_(d-4_x-36864_y-10752_w-2048_h-2048).tif,Validationset/Labels_tif/12_HE_(d-4_x-36864_y-10752_w-2048_h-2048).tif,Validationset,12,0.001178741455078125,Marsh-3b
Validationset/Images_tif/60_HE_(d-4_x-4608_y-13824_w-2048_h-2048).tif,Validationset/Labels_tif/60_HE_(d-4_x-4608_y-13824_w-2048_h-2048).tif,Validationset,60,0.3524932861328125,Marsh-0
Validationset/Images_tif/51_HE_(d-4_x-4608_y-4608_w-2048_h-2048).tif,Validationset/Labels_tif/51_HE_(d-4_x-4608_y-4608_w-2048_h-2048).tif,Validationset,51,0.5575294494628906,Marsh-0
Validationset/Images_tif/21_HE_(d-4_x-18432_y-38400_w-2048_h-2048).tif,Validationset/Labels_tif/21_HE_(d-4_x-18432_y-38400_w-2048_h-2048).tif,Validationset,21,0.2797355651855469,Marsh-1
Validationset/Images_tif/12_HE_(d-4_x-10752_y-12288_w-2048_h-2048).tif,Validationset/Labels_tif/12_HE_(d-4_x-10752_y-12288_w-2048_h-2048).tif,Validationset,12,0.0656890869140625,Marsh-3b
Validationset/Images_tif/81_HE_(d-4_x-7680_y-12288_w-2048_h-2048).tif,Validationset/Labels_tif/81_HE_(d-4_x-7680_y-12288_w-2048_h-2048).tif,Validationset,81,0.4055595397949219,Marsh-0
Validationset/Images_tif/125_HE_(d-4_x-32256_y-10752_w-2048_h-2048).tif,Validationset/Labels_tif/125_HE_(d-4_x-32256_y-10752_w-2048_h-2048).tif,Validationset,125,0.4211578369140625,Marsh-0
Validationset/Images_tif/51_HE_(d-4_x-12288_y-16896_w-2048_h-2048).tif,Validationset/Labels_tif/51_HE_(d-4_x-12288_y-16896_w-2048_h-2048).tif,Validationset,51,0.44109344482421875,Marsh-0
Validationset/Images_tif/74_HE_(d-4_x-10752_y-9216_w-2048_h-2048).tif,Validationset/Labels_tif/74_HE_(d-4_x-10752_y-9216_w-2048_h-2048).tif,Validationset,74,0.31319427490234375,Marsh-1
Validationset/Images_tif/76_HE_(d-4_x-13824_y-23040_w-2048_h-2048).tif,Validationset/Labels_tif/76_HE_(d-4_x-13824_y-23040_w-2048_h-2048).tif,Validationset,76,0.4242820739746094,Marsh-0
Validationset/Images_tif/29_HE_(d-4_x-46080_y-7680_w-2048_h-2048).tif,Validationset/Labels_tif/29_HE_(d-4_x-46080_y-7680_w-2048_h-2048).tif,Validationset,29,0.38182830810546875,Marsh-0
Validationset/Images_tif/39_HE_(d-4_x-32256_y-13824_w-2048_h-2048).tif,Validationset/Labels_tif/39_HE_(d-4_x-32256_y-13824_w-2048_h-2048).tif,Validationset,39,0.0,Marsh-3b
Validationset/Images_tif/25_HE_(d-4_x-29184_y-18432_w-2048_h-2048).tif,Validationset/Labels_tif/25_HE_(d-4_x-29184_y-18432_w-2048_h-2048).tif,Validationset,25,0.2514610290527344,Marsh-1
Validationset/Images_tif/137_HE_(d-4_x-7680_y-15360_w-2048_h-2048).tif,Validationset/Labels_tif/137_HE_(d-4_x-7680_y-15360_w-2048_h-2048).tif,Validationset,137,0.3583717346191406,Marsh-0
Validationset/Images_tif/74_HE_(d-4_x-4608_y-3072_w-2048_h-2048).tif,Validationset/Labels_tif/74_HE_(d-4_x-4608_y-3072_w-2048_h-2048).tif,Validationset,74,0.19972610473632812,Marsh-3a
Validationset/Images_tif/25_HE_(d-4_x-19968_y-12288_w-2048_h-2048).tif,Validationset/Labels_tif/25_HE_(d-4_x-19968_y-12288_w-2048_h-2048).tif,Validationset,25,0.4844169616699219,Marsh-0
Validationset/Images_tif/120_HE_(d-4_x-19968_y-26112_w-2048_h-2048).tif,Validationset/Labels_tif/120_HE_(d-4_x-19968_y-26112_w-2048_h-2048).tif,Validationset,120,0.36186981201171875,Marsh-0
Validationset/Images_tif/51_HE_(d-4_x-1536_y-6144_w-2048_h-2048).tif,Validationset/Labels_tif/51_HE_(d-4_x-1536_y-6144_w-2048_h-2048).tif,Validationset,51,0.053752899169921875,Marsh-3b
Validationset/Images_tif/74_HE_(d-4_x-12288_y-6144_w-2048_h-2048).tif,Validationset/Labels_tif/74_HE_(d-4_x-12288_y-6144_w-2048_h-2048).tif,Validationset,74,0.15865325927734375,Marsh-3a
Validationset/Images_tif/18_HE_(d-4_x-24576_y-6144_w-2048_h-2048).tif,Validationset/Labels_tif/18_HE_(d-4_x-24576_y-6144_w-2048_h-2048).tif,Validationset,18,0.2895317077636719,Marsh-1
Validationset/Images_tif/1_HE_(d-4_x-6144_y-3072_w-2048_h-2048).tif,Validationset/Labels_tif/1_HE_(d-4_x-6144_y-3072_w-2048_h-2048).tif,Validationset,1,0.21361541748046875,Marsh-3a
Validationset/Images_tif/121_HE_(d-4_x-16896_y-7680_w-2048_h-2048).tif,Validationset/Labels_tif/121_HE_(d-4_x-16896_y-7680_w-2048_h-2048).tif,Validationset,121,0.24501800537109375,Marsh-1
Testset/Images_tif/23_HE_(d-4_x-4608_y-4608_w-2048_h-2048).tif,Testset/Labels_tif/23_HE_(d-4_x-4608_y-4608_w-2048_h-2048).tif,Testset,23,0.0,Marsh-3b
Testset/Images_tif/139_HE_(d-4_x-13824_y-10752_w-2048_h-2048).tif,Testset/Labels_tif/139_HE_(d-4_x-13824_y-10752_w-2048_h-2048).tif,Testset,139,0.019649505615234375,Marsh-3b
Testset/Images_tif/3_HE_(d-4_x-7680_y-9216_w-2048_h-2048).tif,Testset/Labels_tif/3_HE_(d-4_x-7680_y-9216_w-2048_h-2048).tif,Testset,3,0.28774261474609375,Marsh-1
Testset/Images_tif/75_HE_(d-4_x-16896_y-7680_w-2048_h-2048).tif,Testset/Labels_tif/75_HE_(d-4_x-16896_y-7680_w-2048_h-2048).tif,Testset,75,0.2762718200683594,Marsh-1
Testset/Images_tif/110_HE_(d-4_x-9216_y-1536_w-2048_h-2048).tif,Testset/Labels_tif/110_HE_(d-4_x-9216_y-1536_w-2048_h-2048).tif,Testset,110,0.12379837036132812,Marsh-3b
Testset/Images_tif/57_HE_(d-4_x-6144_y-12288_w-2048_h-2048).tif,Testset/Labels_tif/57_HE_(d-4_x-6144_y-12288_w-2048_h-2048).tif,Testset,57,0.3224372863769531,Marsh-1
Testset/Images_tif/98_HE_(d-4_x-4608_y-9216_w-2048_h-2048).tif,Testset/Labels_tif/98_HE_(d-4_x-4608_y-9216_w-2048_h-2048).tif,Testset,98,0.4045677185058594,Marsh-0
Testset/Images_tif/99_HE_(d-4_x-9216_y-9216_w-2048_h-2048).tif,Testset/Labels_tif/99_HE_(d-4_x-9216_y-9216_w-2048_h-2048).tif,Testset,99,0.4855766296386719,Marsh-0
Testset/Images_tif/6_HE_(d-4_x-4608_y-3072_w-2048_h-2048).tif,Testset/Labels_tif/6_HE_(d-4_x-4608_y-3072_w-2048_h-2048).tif,Testset,6,0.005435943603515625,Marsh-3b
Testset/Images_tif/69_HE_(d-4_x-4608_y-26112_w-2048_h-2048).tif,Testset/Labels_tif/69_HE_(d-4_x-4608_y-26112_w-2048_h-2048).tif,Testset,69,0.14530181884765625,Marsh-3a
Testset/Images_tif/98_HE_(d-4_x-9216_y-7680_w-2048_h-2048).tif,Testset/Labels_tif/98_HE_(d-4_x-9216_y-7680_w-2048_h-2048).tif,Testset,98,0.3367958068847656,Marsh-1
Testset/Images_tif/139_HE_(d-4_x-4608_y-7680_w-2048_h-2048).tif,Testset/Labels_tif/139_HE_(d-4_x-4608_y-7680_w-2048_h-2048).tif,Testset,139,0.07683563232421875,Marsh-3b
Testset/Images_tif/123_HE_(d-4_x-4608_y-7680_w-2048_h-2048).tif,Testset/Labels_tif/123_HE_(d-4_x-4608_y-7680_w-2048_h-2048).tif,Testset,123,0.34796142578125,Marsh-0
Testset/Images_tif/115_HE_(d-4_x-9216_y-44544_w-2048_h-2048).tif,Testset/Labels_tif/115_HE_(d-4_x-9216_y-44544_w-2048_h-2048).tif,Testset,115,0.12334060668945312,Marsh-3b
Testset/Images_tif/41_HE_(d-4_x-15360_y-3072_w-2048_h-2048).tif,Testset/Labels_tif/41_HE_(d-4_x-15360_y-3072_w-2048_h-2048).tif,Testset,41,0.1009063720703125,Marsh-3b
Testset/Images_tif/64_HE_(d-4_x-9216_y-13824_w-2048_h-2048).tif,Testset/Labels_tif/64_HE_(d-4_x-9216_y-13824_w-2048_h-2048).tif,Testset,64,0.0,Marsh-3b
Testset/Images_tif/7_HE_(d-4_x-10752_y-6144_w-2048_h-2048).tif,Testset/Labels_tif/7_HE_(d-4_x-10752_y-6144_w-2048_h-2048).tif,Testset,7,0.228759765625,Marsh-3a
Testset/Images_tif/9_HE_(d-4_x-16896_y-4608_w-2048_h-2048).tif,Testset/Labels_tif/9_HE_(d-4_x-16896_y-4608_w-2048_h-2048).tif,Testset,9,0.4348030090332031,Marsh-0
Testset/Images_tif/64_HE_(d-4_x-6144_y-21504_w-2048_h-2048).tif,Testset/Labels_tif/64_HE_(d-4_x-6144_y-21504_w-2048_h-2048).tif,Testset,64,0.23331451416015625,Marsh-3a
Testset/Images_tif/64_HE_(d-4_x-9216_y-19968_w-2048_h-2048).tif,Testset/Labels_tif/64_HE_(d-4_x-9216_y-19968_w-2048_h-2048).tif,Testset,64,0.27933502197265625,Marsh-1
Testset/Images_tif/117_HE_(d-4_x-7680_y-3072_w-2048_h-2048).tif,Testset/Labels_tif/117_HE_(d-4_x-7680_y-3072_w-2048_h-2048).tif,Testset,117,0.3932533264160156,Marsh-0
Testset/Images_tif/139_HE_(d-4_x-1536_y-6144_w-2048_h-2048).tif,Testset/Labels_tif/139_HE_(d-4_x-1536_y-6144_w-2048_h-2048).tif,Testset,139,0.14008712768554688,Marsh-3a
Testset/Images_tif/41_HE_(d-4_x-12288_y-6144_w-2048_h-2048).tif,Testset/Labels_tif/41_HE_(d-4_x-12288_y-6144_w-2048_h-2048).tif,Testset,41,0.0537109375,Marsh-3b
Testset/Images_tif/99_HE_(d-4_x-12288_y-9216_w-2048_h-2048).tif,Testset/Labels_tif/99_HE_(d-4_x-12288_y-9216_w-2048_h-2048).tif,Testset,99,0.1080474853515625,Marsh-3b
Testset/Images_tif/68_HE_(d-4_x-18432_y-4608_w-2048_h-2048).tif,Testset/Labels_tif/68_HE_(d-4_x-18432_y-4608_w-2048_h-2048).tif,Testset,68,0.39896392822265625,Marsh-0
Testset/Images_tif/69_HE_(d-4_x-23040_y-24576_w-2048_h-2048).tif,Testset/Labels_tif/69_HE_(d-4_x-23040_y-24576_w-2048_h-2048).tif,Testset,69,0.2715415954589844,Marsh-1
Testset/Images_tif/83_HE_(d-4_x-6144_y-9216_w-2048_h-2048).tif,Testset/Labels_tif/83_HE_(d-4_x-6144_y-9216_w-2048_h-2048).tif,Testset,83,0.3241996765136719,Marsh-1
Testset/Images_tif/5_HE_(d-4_x-18432_y-9216_w-2048_h-2048).tif,Testset/Labels_tif/5_HE_(d-4_x-18432_y-9216_w-2048_h-2048).tif,Testset,5,0.25917816162109375,Marsh-1
Testset/Images_tif/139_HE_(d-4_x-10752_y-6144_w-2048_h-2048).tif,Testset/Labels_tif/139_HE_(d-4_x-10752_y-6144_w-2048_h-2048).tif,Testset,139,0.0,Marsh-3b
Testset/Images_tif/99_HE_(d-4_x-29184_y-10752_w-2048_h-2048).tif,Testset/Labels_tif/99_HE_(d-4_x-29184_y-10752_w-2048_h-2048).tif,Testset,99,0.3441581726074219,Marsh-0
Testset/Images_tif/15_HE_(d-4_x-4608_y-4608_w-2048_h-2048).tif,Testset/Labels_tif/15_HE_(d-4_x-4608_y-4608_w-2048_h-2048).tif,Testset,15,0.2656517028808594,Marsh-1
Testset/Images_tif/139_HE_(d-4_x-13824_y-6144_w-2048_h-2048).tif,Testset/Labels_tif/139_HE_(d-4_x-13824_y-6144_w-2048_h-2048).tif,Testset,139,0.020946502685546875,Marsh-3b
Testset/Images_tif/66_HE_(d-4_x-27648_y-15360_w-2048_h-2048).tif,Testset/Labels_tif/66_HE_(d-4_x-27648_y-15360_w-2048_h-2048).tif,Testset,66,0.25350189208984375,Marsh-1
Testset/Images_tif/75_HE_(d-4_x-15360_y-10752_w-2048_h-2048).tif,Testset/Labels_tif/75_HE_(d-4_x-15360_y-10752_w-2048_h-2048).tif,Testset,75,0.0,Marsh-3b
Testset/Images_tif/115_HE_(d-4_x-32256_y-38400_w-2048_h-2048).tif,Testset/Labels_tif/115_HE_(d-4_x-32256_y-38400_w-2048_h-2048).tif,Testset,115,0.27996826171875,Marsh-1
Testset/Images_tif/139_HE_(d-4_x-7680_y-4608_w-2048_h-2048).tif,Testset/Labels_tif/139_HE_(d-4_x-7680_y-4608_w-2048_h-2048).tif,Testset,139,0.0,Marsh-3b
Testset/Images_tif/83_HE_(d-4_x-9216_y-9216_w-2048_h-2048).tif,Testset/Labels_tif/83_HE_(d-4_x-9216_y-9216_w-2048_h-2048).tif,Testset,83,0.37076568603515625,Marsh-0
Testset/Images_tif/143_HE_(d-4_x-15360_y-10752_w-2048_h-2048).tif,Testset/Labels_tif/143_HE_(d-4_x-15360_y-10752_w-2048_h-2048).tif,Testset,143,0.12374496459960938,Marsh-3b
Testset/Images_tif/37_HE_(d-4_x-13824_y-9216_w-2048_h-2048).tif,Testset/Labels_tif/37_HE_(d-4_x-13824_y-9216_w-2048_h-2048).tif,Testset,37,0.42729949951171875,Marsh-0
Testset/Images_tif/143_HE_(d-4_x-12288_y-13824_w-2048_h-2048).tif,Testset/Labels_tif/143_HE_(d-4_x-12288_y-13824_w-2048_h-2048).tif,Testset,143,0.2628326416015625,Marsh-1
Testset/Images_tif/143_HE_(d-4_x-23040_y-12288_w-2048_h-2048).tif,Testset/Labels_tif/143_HE_(d-4_x-23040_y-12288_w-2048_h-2048).tif,Testset,143,0.4571266174316406,Marsh-0
Testset/Images_tif/44_HE_(d-4_x-6144_y-4608_w-2048_h-2048).tif,Testset/Labels_tif/44_HE_(d-4_x-6144_y-4608_w-2048_h-2048).tif,Testset,44,0.2864875793457031,Marsh-1
Testset/Images_tif/28_HE_(d-4_x-12288_y-7680_w-2048_h-2048).tif,Testset/Labels_tif/28_HE_(d-4_x-12288_y-7680_w-2048_h-2048).tif,Testset,28,0.06864547729492188,Marsh-3b
Testset/Images_tif/5_HE_(d-4_x-15360_y-10752_w-2048_h-2048).tif,Testset/Labels_tif/5_HE_(d-4_x-15360_y-10752_w-2048_h-2048).tif,Testset,5,0.19902420043945312,Marsh-3a
Testset/Images_tif/83_HE_(d-4_x-4608_y-10752_w-2048_h-2048).tif,Testset/Labels_tif/83_HE_(d-4_x-4608_y-10752_w-2048_h-2048).tif,Testset,83,0.22368240356445312,Marsh-3a
Testset/Images_tif/34_HE_(d-4_x-38400_y-27648_w-2048_h-2048).tif,Testset/Labels_tif/34_HE_(d-4_x-38400_y-27648_w-2048_h-2048).tif,Testset,34,0.3231391906738281,Marsh-1
Testset/Images_tif/123_HE_(d-4_x-6144_y-3072_w-2048_h-2048).tif,Testset/Labels_tif/123_HE_(d-4_x-6144_y-3072_w-2048_h-2048).tif,Testset,123,0.4178009033203125,Marsh-0
Testset/Images_tif/30_HE_(d-4_x-33792_y-21504_w-2048_h-2048).tif,Testset/Labels_tif/30_HE_(d-4_x-33792_y-21504_w-2048_h-2048).tif,Testset,30,0.18395233154296875,Marsh-3a
Testset/Images_tif/20_HE_(d-4_x-10752_y-9216_w-2048_h-2048).tif,Testset/Labels_tif/20_HE_(d-4_x-10752_y-9216_w-2048_h-2048).tif,Testset,20,0.3713569641113281,Marsh-0
Testset/Images_tif/98_HE_(d-4_x-43008_y-6144_w-2048_h-2048).tif,Testset/Labels_tif/98_HE_(d-4_x-43008_y-6144_w-2048_h-2048).tif,Testset,98,0.14980316162109375,Marsh-3a
Testset/Images_tif/34_HE_(d-4_x-13824_y-24576_w-2048_h-2048).tif,Testset/Labels_tif/34_HE_(d-4_x-13824_y-24576_w-2048_h-2048).tif,Testset,34,0.12492752075195312,Marsh-3b
Testset/Images_tif/99_HE_(d-4_x-10752_y-9216_w-2048_h-2048).tif,Testset/Labels_tif/99_HE_(d-4_x-10752_y-9216_w-2048_h-2048).tif,Testset,99,0.518463134765625,Marsh-0
Testset/Images_tif/37_HE_(d-4_x-13824_y-7680_w-2048_h-2048).tif,Testset/Labels_tif/37_HE_(d-4_x-13824_y-7680_w-2048_h-2048).tif,Testset,37,0.25212860107421875,Marsh-1
Testset/Images_tif/9_HE_(d-4_x-7680_y-9216_w-2048_h-2048).tif,Testset/Labels_tif/9_HE_(d-4_x-7680_y-9216_w-2048_h-2048).tif,Testset,9,0.463897705078125,Marsh-0
Testset/Images_tif/123_HE_(d-4_x-7680_y-10752_w-2048_h-2048).tif,Testset/Labels_tif/123_HE_(d-4_x-7680_y-10752_w-2048_h-2048).tif,Testset,123,0.294281005859375,Marsh-1
Testset/Images_tif/99_HE_(d-4_x-29184_y-6144_w-2048_h-2048).tif,Testset/Labels_tif/99_HE_(d-4_x-29184_y-6144_w-2048_h-2048).tif,Testset,99,0.442138671875,Marsh-0
Testset/Images_tif/143_HE_(d-4_x-12288_y-15360_w-2048_h-2048).tif,Testset/Labels_tif/143_HE_(d-4_x-12288_y-15360_w-2048_h-2048).tif,Testset,143,0.13010025024414062,Marsh-3b
Testset/Images_tif/143_HE_(d-4_x-18432_y-10752_w-2048_h-2048).tif,Testset/Labels_tif/143_HE_(d-4_x-18432_y-10752_w-2048_h-2048).tif,Testset,143,0.49657440185546875,Marsh-0
Testset/Images_tif/144_HE_(d-4_x-12288_y-3072_w-2048_h-2048).tif,Testset/Labels_tif/144_HE_(d-4_x-12288_y-3072_w-2048_h-2048).tif,Testset,144,0.3309211730957031,Marsh-1
Testset/Images_tif/5_HE_(d-4_x-10752_y-6144_w-2048_h-2048).tif,Testset/Labels_tif/5_HE_(d-4_x-10752_y-6144_w-2048_h-2048).tif,Testset,5,0.21957015991210938,Marsh-3a
Testset/Images_tif/115_HE_(d-4_x-9216_y-35328_w-2048_h-2048).tif,Testset/Labels_tif/115_HE_(d-4_x-9216_y-35328_w-2048_h-2048).tif,Testset,115,0.28340911865234375,Marsh-1
Testset/Images_tif/110_HE_(d-4_x-6144_y-4608_w-2048_h-2048).tif,Testset/Labels_tif/110_HE_(d-4_x-6144_y-4608_w-2048_h-2048).tif,Testset,110,0.19721603393554688,Marsh-3a
Testset/Images_tif/123_HE_(d-4_x-7680_y-4608_w-2048_h-2048).tif,Testset/Labels_tif/123_HE_(d-4_x-7680_y-4608_w-2048_h-2048).tif,Testset,123,0.4340667724609375,Marsh-0
Testset/Images_tif/115_HE_(d-4_x-7680_y-36864_w-2048_h-2048).tif,Testset/Labels_tif/115_HE_(d-4_x-7680_y-36864_w-2048_h-2048).tif,Testset,115,0.3875617980957031,Marsh-0
Testset/Images_tif/30_HE_(d-4_x-32256_y-30720_w-2048_h-2048).tif,Testset/Labels_tif/30_HE_(d-4_x-32256_y-30720_w-2048_h-2048).tif,Testset,30,0.2046966552734375,Marsh-3a
Testset/Images_tif/24_HE_(d-4_x-7680_y-6144_w-2048_h-2048).tif,Testset/Labels_tif/24_HE_(d-4_x-7680_y-6144_w-2048_h-2048).tif,Testset,24,0.3742523193359375,Marsh-0
Testset/Images_tif/64_HE_(d-4_x-23040_y-26112_w-2048_h-2048).tif,Testset/Labels_tif/64_HE_(d-4_x-23040_y-26112_w-2048_h-2048).tif,Testset,64,0.32820892333984375,Marsh-1
Testset/Images_tif/110_HE_(d-4_x-13824_y-4608_w-2048_h-2048).tif,Testset/Labels_tif/110_HE_(d-4_x-13824_y-4608_w-2048_h-2048).tif,Testset,110,0.2498779296875,Marsh-1
Testset/Images_tif/75_HE_(d-4_x-15360_y-9216_w-2048_h-2048).tif,Testset/Labels_tif/75_HE_(d-4_x-15360_y-9216_w-2048_h-2048).tif,Testset,75,0.09966659545898438,Marsh-3b
Testset/Images_tif/90_HE_(d-4_x-10752_y-10752_w-2048_h-2048).tif,Testset/Labels_tif/90_HE_(d-4_x-10752_y-10752_w-2048_h-2048).tif,Testset,90,0.31221771240234375,Marsh-1
Testset/Images_tif/34_HE_(d-4_x-7680_y-30720_w-2048_h-2048).tif,Testset/Labels_tif/34_HE_(d-4_x-7680_y-30720_w-2048_h-2048).tif,Testset,34,0.3910865783691406,Marsh-0
Testset/Images_tif/37_HE_(d-4_x-10752_y-7680_w-2048_h-2048).tif,Testset/Labels_tif/37_HE_(d-4_x-10752_y-7680_w-2048_h-2048).tif,Testset,37,0.15558242797851562,Marsh-3a
Testset/Images_tif/7_HE_(d-4_x-13824_y-7680_w-2048_h-2048).tif,Testset/Labels_tif/7_HE_(d-4_x-13824_y-7680_w-2048_h-2048).tif,Testset,7,0.3466072082519531,Marsh-0
Testset/Images_tif/3_HE_(d-4_x-9216_y-12288_w-2048_h-2048).tif,Testset/Labels_tif/3_HE_(d-4_x-9216_y-12288_w-2048_h-2048).tif,Testset,3,0.11000442504882812,Marsh-3b
Testset/Images_tif/64_HE_(d-4_x-7680_y-18432_w-2048_h-2048).tif,Testset/Labels_tif/64_HE_(d-4_x-7680_y-18432_w-2048_h-2048).tif,Testset,64,0.21590423583984375,Marsh-3a
Testset/Images_tif/34_HE_(d-4_x-36864_y-35328_w-2048_h-2048).tif,Testset/Labels_tif/34_HE_(d-4_x-36864_y-35328_w-2048_h-2048).tif,Testset,34,0.06252670288085938,Marsh-3b
Testset/Images_tif/68_HE_(d-4_x-15360_y-6144_w-2048_h-2048).tif,Testset/Labels_tif/68_HE_(d-4_x-15360_y-6144_w-2048_h-2048).tif,Testset,68,0.30782318115234375,Marsh-1
Testset/Images_tif/117_HE_(d-4_x-6144_y-1536_w-2048_h-2048).tif,Testset/Labels_tif/117_HE_(d-4_x-6144_y-1536_w-2048_h-2048).tif,Testset,117,0.1372528076171875,Marsh-3a
Testset/Images_tif/115_HE_(d-4_x-32256_y-39936_w-2048_h-2048).tif,Testset/Labels_tif/115_HE_(d-4_x-32256_y-39936_w-2048_h-2048).tif,Testset,115,0.14389419555664062,Marsh-3a
Testset/Images_tif/143_HE_(d-4_x-10752_y-12288_w-2048_h-2048).tif,Testset/Labels_tif/143_HE_(d-4_x-10752_y-12288_w-2048_h-2048).tif,Testset,143,0.20444488525390625,Marsh-3a
Testset/Images_tif/66_HE_(d-4_x-29184_y-19968_w-2048_h-2048).tif,Testset/Labels_tif/66_HE_(d-4_x-29184_y-19968_w-2048_h-2048).tif,Testset,66,0.4796104431152344,Marsh-0
Testset/Images_tif/64_HE_(d-4_x-24576_y-24576_w-2048_h-2048).tif,Testset/Labels_tif/64_HE_(d-4_x-24576_y-24576_w-2048_h-2048).tif,Testset,64,0.233306884765625,Marsh-3a
Testset/Images_tif/7_HE_(d-4_x-9216_y-9216_w-2048_h-2048).tif,Testset/Labels_tif/7_HE_(d-4_x-9216_y-9216_w-2048_h-2048).tif,Testset,7,0.07001113891601562,Marsh-3b
Testset/Images_tif/69_HE_(d-4_x-4608_y-24576_w-2048_h-2048).tif,Testset/Labels_tif/69_HE_(d-4_x-4608_y-24576_w-2048_h-2048).tif,Testset,69,0.12043380737304688,Marsh-3b
Testset/Images_tif/23_HE_(d-4_x-9216_y-6144_w-2048_h-2048).tif,Testset/Labels_tif/23_HE_(d-4_x-9216_y-6144_w-2048_h-2048).tif,Testset,23,0.0,Marsh-3b
Testset/Images_tif/5_HE_(d-4_x-13824_y-7680_w-2048_h-2048).tif,Testset/Labels_tif/5_HE_(d-4_x-13824_y-7680_w-2048_h-2048).tif,Testset,5,0.5251083374023438,Marsh-0
Testset/Images_tif/143_HE_(d-4_x-26112_y-7680_w-2048_h-2048).tif,Testset/Labels_tif/143_HE_(d-4_x-26112_y-7680_w-2048_h-2048).tif,Testset,143,0.1907196044921875,Marsh-3a
Testset/Images_tif/41_HE_(d-4_x-12288_y-4608_w-2048_h-2048).tif,Testset/Labels_tif/41_HE_(d-4_x-12288_y-4608_w-2048_h-2048).tif,Testset,41,0.4441680908203125,Marsh-0
Testset/Images_tif/44_HE_(d-4_x-13824_y-1536_w-2048_h-2048).tif,Testset/Labels_tif/44_HE_(d-4_x-13824_y-1536_w-2048_h-2048).tif,Testset,44,0.16553878784179688,Marsh-3a
Testset/Images_tif/5_HE_(d-4_x-13824_y-10752_w-2048_h-2048).tif,Testset/Labels_tif/5_HE_(d-4_x-13824_y-10752_w-2048_h-2048).tif,Testset,5,0.28118133544921875,Marsh-1
Testset/Images_tif/64_HE_(d-4_x-10752_y-13824_w-2048_h-2048).tif,Testset/Labels_tif/64_HE_(d-4_x-10752_y-13824_w-2048_h-2048).tif,Testset,64,0.0,Marsh-3b
Testset/Images_tif/139_HE_(d-4_x-7680_y-7680_w-2048_h-2048).tif,Testset/Labels_tif/139_HE_(d-4_x-7680_y-7680_w-2048_h-2048).tif,Testset,139,0.08325958251953125,Marsh-3b
Testset/Images_tif/6_HE_(d-4_x-9216_y-3072_w-2048_h-2048).tif,Testset/Labels_tif/6_HE_(d-4_x-9216_y-3072_w-2048_h-2048).tif,Testset,6,0.41262054443359375,Marsh-0
Testset/Images_tif/83_HE_(d-4_x-7680_y-7680_w-2048_h-2048).tif,Testset/Labels_tif/83_HE_(d-4_x-7680_y-7680_w-2048_h-2048).tif,Testset,83,0.00514984130859375,Marsh-3b
Testset/Images_tif/129_HE_(d-4_x-7680_y-16896_w-2048_h-2048).tif,Testset/Labels_tif/129_HE_(d-4_x-7680_y-16896_w-2048_h-2048).tif,Testset,129,0.10555648803710938,Marsh-3b
Testset/Images_tif/90_HE_(d-4_x-4608_y-9216_w-2048_h-2048).tif,Testset/Labels_tif/90_HE_(d-4_x-4608_y-9216_w-2048_h-2048).tif,Testset,90,0.2754631042480469,Marsh-1
Testset/Images_tif/3_HE_(d-4_x-12288_y-10752_w-2048_h-2048).tif,Testset/Labels_tif/3_HE_(d-4_x-12288_y-10752_w-2048_h-2048).tif,Testset,3,0.23324966430664062,Marsh-3a
Testset/Images_tif/69_HE_(d-4_x-24576_y-24576_w-2048_h-2048).tif,Testset/Labels_tif/69_HE_(d-4_x-24576_y-24576_w-2048_h-2048).tif,Testset,69,0.057712554931640625,Marsh-3b
Testset/Images_tif/139_HE_(d-4_x-7680_y-3072_w-2048_h-2048).tif,Testset/Labels_tif/139_HE_(d-4_x-7680_y-3072_w-2048_h-2048).tif,Testset,139,0.0,Marsh-3b
Testset/Images_tif/34_HE_(d-4_x-12288_y-21504_w-2048_h-2048).tif,Testset/Labels_tif/34_HE_(d-4_x-12288_y-21504_w-2048_h-2048).tif,Testset,34,0.0035247802734375,Marsh-3b
Testset/Images_tif/68_HE_(d-4_x-16896_y-4608_w-2048_h-2048).tif,Testset/Labels_tif/68_HE_(d-4_x-16896_y-4608_w-2048_h-2048).tif,Testset,68,0.3189506530761719,Marsh-1
Testset/Images_tif/30_HE_(d-4_x-33792_y-18432_w-2048_h-2048).tif,Testset/Labels_tif/30_HE_(d-4_x-33792_y-18432_w-2048_h-2048).tif,Testset,30,0.25191497802734375,Marsh-1
Testset/Images_tif/143_HE_(d-4_x-26112_y-6144_w-2048_h-2048).tif,Testset/Labels_tif/143_HE_(d-4_x-26112_y-6144_w-2048_h-2048).tif,Testset,143,0.3913688659667969,Marsh-0
Testset/Images_tif/129_HE_(d-4_x-7680_y-13824_w-2048_h-2048).tif,Testset/Labels_tif/129_HE_(d-4_x-7680_y-13824_w-2048_h-2048).tif,Testset,129,0.2245941162109375,Marsh-3a
Testset/Images_tif/115_HE_(d-4_x-6144_y-38400_w-2048_h-2048).tif,Testset/Labels_tif/115_HE_(d-4_x-6144_y-38400_w-2048_h-2048).tif,Testset,115,0.044445037841796875,Marsh-3b
Testset/Images_tif/34_HE_(d-4_x-9216_y-30720_w-2048_h-2048).tif,Testset/Labels_tif/34_HE_(d-4_x-9216_y-30720_w-2048_h-2048).tif,Testset,34,0.3939781188964844,Marsh-0
Testset/Images_tif/61_HE_(d-4_x-9216_y-3072_w-2048_h-2048).tif,Testset/Labels_tif/61_HE_(d-4_x-9216_y-3072_w-2048_h-2048).tif,Testset,61,0.03130340576171875,Marsh-3b
Testset/Images_tif/66_HE_(d-4_x-7680_y-7680_w-2048_h-2048).tif,Testset/Labels_tif/66_HE_(d-4_x-7680_y-7680_w-2048_h-2048).tif,Testset,66,0.2678565979003906,Marsh-1
Testset/Images_tif/30_HE_(d-4_x-35328_y-18432_w-2048_h-2048).tif,Testset/Labels_tif/30_HE_(d-4_x-35328_y-18432_w-2048_h-2048).tif,Testset,30,0.2516136169433594,Marsh-1
Testset/Images_tif/143_HE_(d-4_x-16896_y-12288_w-2048_h-2048).tif,Testset/Labels_tif/143_HE_(d-4_x-16896_y-12288_w-2048_h-2048).tif,Testset,143,0.13689804077148438,Marsh-3a
Testset/Images_tif/44_HE_(d-4_x-9216_y-6144_w-2048_h-2048).tif,Testset/Labels_tif/44_HE_(d-4_x-9216_y-6144_w-2048_h-2048).tif,Testset,44,0.19350051879882812,Marsh-3a
Testset/Images_tif/90_HE_(d-4_x-6144_y-9216_w-2048_h-2048).tif,Testset/Labels_tif/90_HE_(d-4_x-6144_y-9216_w-2048_h-2048).tif,Testset,90,0.123687744140625,Marsh-3b
Testset/Images_tif/15_HE_(d-4_x-13824_y-7680_w-2048_h-2048).tif,Testset/Labels_tif/15_HE_(d-4_x-13824_y-7680_w-2048_h-2048).tif,Testset,15,0.13936614990234375,Marsh-3a
Testset/Images_tif/143_HE_(d-4_x-15360_y-12288_w-2048_h-2048).tif,Testset/Labels_tif/143_HE_(d-4_x-15360_y-12288_w-2048_h-2048).tif,Testset,143,0.0623321533203125,Marsh-3b
Testset/Images_tif/75_HE_(d-4_x-16896_y-9216_w-2048_h-2048).tif,Testset/Labels_tif/75_HE_(d-4_x-16896_y-9216_w-2048_h-2048).tif,Testset,75,0.3669395446777344,Marsh-0
Testset/Images_tif/90_HE_(d-4_x-7680_y-7680_w-2048_h-2048).tif,Testset/Labels_tif/90_HE_(d-4_x-7680_y-7680_w-2048_h-2048).tif,Testset,90,0.12540435791015625,Marsh-3b
Testset/Images_tif/69_HE_(d-4_x-26112_y-24576_w-2048_h-2048).tif,Testset/Labels_tif/69_HE_(d-4_x-26112_y-24576_w-2048_h-2048).tif,Testset,69,0.22272872924804688,Marsh-3a
Testset/Images_tif/75_HE_(d-4_x-18432_y-9216_w-2048_h-2048).tif,Testset/Labels_tif/75_HE_(d-4_x-18432_y-9216_w-2048_h-2048).tif,Testset,75,0.10686492919921875,Marsh-3b
Testset/Images_tif/41_HE_(d-4_x-12288_y-3072_w-2048_h-2048).tif,Testset/Labels_tif/41_HE_(d-4_x-12288_y-3072_w-2048_h-2048).tif,Testset,41,0.17899703979492188,Marsh-3a
Testset/Images_tif/75_HE_(d-4_x-13824_y-9216_w-2048_h-2048).tif,Testset/Labels_tif/75_HE_(d-4_x-13824_y-9216_w-2048_h-2048).tif,Testset,75,0.0,Marsh-3b
Testset/Images_tif/108_HE_(d-4_x-9216_y-16896_w-2048_h-2048).tif,Testset/Labels_tif/108_HE_(d-4_x-9216_y-16896_w-2048_h-2048).tif,Testset,108,0.16455078125,Marsh-3a
Testset/Images_tif/123_HE_(d-4_x-6144_y-9216_w-2048_h-2048).tif,Testset/Labels_tif/123_HE_(d-4_x-6144_y-9216_w-2048_h-2048).tif,Testset,123,0.5602035522460938,Marsh-0
Testset/Images_tif/61_HE_(d-4_x-9216_y-19968_w-2048_h-2048).tif,Testset/Labels_tif/61_HE_(d-4_x-9216_y-19968_w-2048_h-2048).tif,Testset,61,0.12558746337890625,Marsh-3b
Testset/Images_tif/75_HE_(d-4_x-10752_y-12288_w-2048_h-2048).tif,Testset/Labels_tif/75_HE_(d-4_x-10752_y-12288_w-2048_h-2048).tif,Testset,75,0.0091552734375,Marsh-3b
Testset/Images_tif/68_HE_(d-4_x-15360_y-7680_w-2048_h-2048).tif,Testset/Labels_tif/68_HE_(d-4_x-15360_y-7680_w-2048_h-2048).tif,Testset,68,0.24722671508789062,Marsh-1
Testset/Images_tif/3_HE_(d-4_x-9216_y-10752_w-2048_h-2048).tif,Testset/Labels_tif/3_HE_(d-4_x-9216_y-10752_w-2048_h-2048).tif,Testset,3,0.24106979370117188,Marsh-1
Testset/Images_tif/28_HE_(d-4_x-7680_y-3072_w-2048_h-2048).tif,Testset/Labels_tif/28_HE_(d-4_x-7680_y-3072_w-2048_h-2048).tif,Testset,28,0.23314666748046875,Marsh-3a
Testset/Images_tif/57_HE_(d-4_x-23040_y-7680_w-2048_h-2048).tif,Testset/Labels_tif/57_HE_(d-4_x-23040_y-7680_w-2048_h-2048).tif,Testset,57,0.3302001953125,Marsh-1
Testset/Images_tif/115_HE_(d-4_x-27648_y-36864_w-2048_h-2048).tif,Testset/Labels_tif/115_HE_(d-4_x-27648_y-36864_w-2048_h-2048).tif,Testset,115,0.03891754150390625,Marsh-3b
Testset/Images_tif/9_HE_(d-4_x-10752_y-7680_w-2048_h-2048).tif,Testset/Labels_tif/9_HE_(d-4_x-10752_y-7680_w-2048_h-2048).tif,Testset,9,0.36568450927734375,Marsh-0
Testset/Images_tif/34_HE_(d-4_x-6144_y-27648_w-2048_h-2048).tif,Testset/Labels_tif/34_HE_(d-4_x-6144_y-27648_w-2048_h-2048).tif,Testset,34,0.07124710083007812,Marsh-3b
Testset/Images_tif/75_HE_(d-4_x-6144_y-9216_w-2048_h-2048).tif,Testset/Labels_tif/75_HE_(d-4_x-6144_y-9216_w-2048_h-2048).tif,Testset,75,0.3845329284667969,Marsh-0
Testset/Images_tif/69_HE_(d-4_x-26112_y-26112_w-2048_h-2048).tif,Testset/Labels_tif/69_HE_(d-4_x-26112_y-26112_w-2048_h-2048).tif,Testset,69,0.2715797424316406,Marsh-1
Testset/Images_tif/34_HE_(d-4_x-9216_y-29184_w-2048_h-2048).tif,Testset/Labels_tif/34_HE_(d-4_x-9216_y-29184_w-2048_h-2048).tif,Testset,34,0.16604232788085938,Marsh-3a
Testset/Images_tif/107_HE_(d-4_x-4608_y-12288_w-2048_h-2048).tif,Testset/Labels_tif/107_HE_(d-4_x-4608_y-12288_w-2048_h-2048).tif,Testset,107,0.23336029052734375,Marsh-3a
Testset/Images_tif/129_HE_(d-4_x-12288_y-16896_w-2048_h-2048).tif,Testset/Labels_tif/129_HE_(d-4_x-12288_y-16896_w-2048_h-2048).tif,Testset,129,0.004116058349609375,Marsh-3b
Testset/Images_tif/66_HE_(d-4_x-26112_y-13824_w-2048_h-2048).tif,Testset/Labels_tif/66_HE_(d-4_x-26112_y-13824_w-2048_h-2048).tif,Testset,66,0.3398284912109375,Marsh-0
Testset/Images_tif/139_HE_(d-4_x-7680_y-9216_w-2048_h-2048).tif,Testset/Labels_tif/139_HE_(d-4_x-7680_y-9216_w-2048_h-2048).tif,Testset,139,0.2609443664550781,Marsh-1
Testset/Images_tif/30_HE_(d-4_x-35328_y-29184_w-2048_h-2048).tif,Testset/Labels_tif/30_HE_(d-4_x-35328_y-29184_w-2048_h-2048).tif,Testset,30,0.30899810791015625,Marsh-1
Testset/Images_tif/57_HE_(d-4_x-13824_y-13824_w-2048_h-2048).tif,Testset/Labels_tif/57_HE_(d-4_x-13824_y-13824_w-2048_h-2048).tif,Testset,57,0.1236724853515625,Marsh-3b
Testset/Images_tif/64_HE_(d-4_x-9216_y-16896_w-2048_h-2048).tif,Testset/Labels_tif/64_HE_(d-4_x-9216_y-16896_w-2048_h-2048).tif,Testset,64,0.07828903198242188,Marsh-3b
Testset/Images_tif/83_HE_(d-4_x-9216_y-7680_w-2048_h-2048).tif,Testset/Labels_tif/83_HE_(d-4_x-9216_y-7680_w-2048_h-2048).tif,Testset,83,0.18101882934570312,Marsh-3a
Testset/Images_tif/115_HE_(d-4_x-6144_y-36864_w-2048_h-2048).tif,Testset/Labels_tif/115_HE_(d-4_x-6144_y-36864_w-2048_h-2048).tif,Testset,115,0.2530021667480469,Marsh-1
Testset/Images_tif/64_HE_(d-4_x-12288_y-15360_w-2048_h-2048).tif,Testset/Labels_tif/64_HE_(d-4_x-12288_y-15360_w-2048_h-2048).tif,Testset,64,0.06036376953125,Marsh-3b
Testset/Images_tif/115_HE_(d-4_x-7680_y-38400_w-2048_h-2048).tif,Testset/Labels_tif/115_HE_(d-4_x-7680_y-38400_w-2048_h-2048).tif,Testset,115,0.09949493408203125,Marsh-3b
Testset/Images_tif/20_HE_(d-4_x-16896_y-7680_w-2048_h-2048).tif,Testset/Labels_tif/20_HE_(d-4_x-16896_y-7680_w-2048_h-2048).tif,Testset,20,0.2077178955078125,Marsh-3a
Testset/Images_tif/57_HE_(d-4_x-10752_y-12288_w-2048_h-2048).tif,Testset/Labels_tif/57_HE_(d-4_x-10752_y-12288_w-2048_h-2048).tif,Testset,57,0.2758369445800781,Marsh-1
Testset/Images_tif/34_HE_(d-4_x-39936_y-29184_w-2048_h-2048).tif,Testset/Labels_tif/34_HE_(d-4_x-39936_y-29184_w-2048_h-2048).tif,Testset,34,0.1660614013671875,Marsh-3a
Testset/Images_tif/117_HE_(d-4_x-7680_y-1536_w-2048_h-2048).tif,Testset/Labels_tif/117_HE_(d-4_x-7680_y-1536_w-2048_h-2048).tif,Testset,117,0.3988456726074219,Marsh-0
Testset/Images_tif/61_HE_(d-4_x-9216_y-4608_w-2048_h-2048).tif,Testset/Labels_tif/61_HE_(d-4_x-9216_y-4608_w-2048_h-2048).tif,Testset,61,0.054256439208984375,Marsh-3b
Testset/Images_tif/75_HE_(d-4_x-6144_y-12288_w-2048_h-2048).tif,Testset/Labels_tif/75_HE_(d-4_x-6144_y-12288_w-2048_h-2048).tif,Testset,75,0.3409156799316406,Marsh-0
Testset/Images_tif/68_HE_(d-4_x-6144_y-6144_w-2048_h-2048).tif,Testset/Labels_tif/68_HE_(d-4_x-6144_y-6144_w-2048_h-2048).tif,Testset,68,0.3080177307128906,Marsh-1
Testset/Images_tif/34_HE_(d-4_x-13824_y-26112_w-2048_h-2048).tif,Testset/Labels_tif/34_HE_(d-4_x-13824_y-26112_w-2048_h-2048).tif,Testset,34,0.29750823974609375,Marsh-1
Testset/Images_tif/129_HE_(d-4_x-9216_y-36864_w-2048_h-2048).tif,Testset/Labels_tif/129_HE_(d-4_x-9216_y-36864_w-2048_h-2048).tif,Testset,129,0.2259674072265625,Marsh-3a
Testset/Images_tif/139_HE_(d-4_x-12288_y-6144_w-2048_h-2048).tif,Testset/Labels_tif/139_HE_(d-4_x-12288_y-6144_w-2048_h-2048).tif,Testset,139,0.0,Marsh-3b
Testset/Images_tif/9_HE_(d-4_x-6144_y-9216_w-2048_h-2048).tif,Testset/Labels_tif/9_HE_(d-4_x-6144_y-9216_w-2048_h-2048).tif,Testset,9,0.36679840087890625,Marsh-0
Testset/Images_tif/61_HE_(d-4_x-10752_y-19968_w-2048_h-2048).tif,Testset/Labels_tif/61_HE_(d-4_x-10752_y-19968_w-2048_h-2048).tif,Testset,61,0.3903999328613281,Marsh-0
Testset/Images_tif/6_HE_(d-4_x-10752_y-4608_w-2048_h-2048).tif,Testset/Labels_tif/6_HE_(d-4_x-10752_y-4608_w-2048_h-2048).tif,Testset,6,0.23565673828125,Marsh-1
Testset/Images_tif/5_HE_(d-4_x-16896_y-6144_w-2048_h-2048).tif,Testset/Labels_tif/5_HE_(d-4_x-16896_y-6144_w-2048_h-2048).tif,Testset,5,0.15287399291992188,Marsh-3a
Testset/Images_tif/57_HE_(d-4_x-12288_y-13824_w-2048_h-2048).tif,Testset/Labels_tif/57_HE_(d-4_x-12288_y-13824_w-2048_h-2048).tif,Testset,57,0.3418426513671875,Marsh-0
Testset/Images_tif/143_HE_(d-4_x-27648_y-7680_w-2048_h-2048).tif,Testset/Labels_tif/143_HE_(d-4_x-27648_y-7680_w-2048_h-2048).tif,Testset,143,0.34584808349609375,Marsh-0
Testset/Images_tif/20_HE_(d-4_x-18432_y-9216_w-2048_h-2048).tif,Testset/Labels_tif/20_HE_(d-4_x-18432_y-9216_w-2048_h-2048).tif,Testset,20,0.1966400146484375,Marsh-3a
Testset/Images_tif/64_HE_(d-4_x-26112_y-15360_w-2048_h-2048).tif,Testset/Labels_tif/64_HE_(d-4_x-26112_y-15360_w-2048_h-2048).tif,Testset,64,0.13457107543945312,Marsh-3b
Testset/Images_tif/75_HE_(d-4_x-7680_y-10752_w-2048_h-2048).tif,Testset/Labels_tif/75_HE_(d-4_x-7680_y-10752_w-2048_h-2048).tif,Testset,75,0.2525291442871094,Marsh-1
Testset/Images_tif/115_HE_(d-4_x-6144_y-35328_w-2048_h-2048).tif,Testset/Labels_tif/115_HE_(d-4_x-6144_y-35328_w-2048_h-2048).tif,Testset,115,0.21774673461914062,Marsh-3a
Testset/Images_tif/83_HE_(d-4_x-4608_y-7680_w-2048_h-2048).tif,Testset/Labels_tif/83_HE_(d-4_x-4608_y-7680_w-2048_h-2048).tif,Testset,83,0.3753814697265625,Marsh-0
Testset/Images_tif/115_HE_(d-4_x-26112_y-33792_w-2048_h-2048).tif,Testset/Labels_tif/115_HE_(d-4_x-26112_y-33792_w-2048_h-2048).tif,Testset,115,0.2830238342285156,Marsh-1
Testset/Images_tif/139_HE_(d-4_x-7680_y-10752_w-2048_h-2048).tif,Testset/Labels_tif/139_HE_(d-4_x-7680_y-10752_w-2048_h-2048).tif,Testset,139,0.13680267333984375,Marsh-3a
Testset/Images_tif/5_HE_(d-4_x-3072_y-4608_w-2048_h-2048).tif,Testset/Labels_tif/5_HE_(d-4_x-3072_y-4608_w-2048_h-2048).tif,Testset,5,0.18352508544921875,Marsh-3a
Testset/Images_tif/7_HE_(d-4_x-6144_y-3072_w-2048_h-2048).tif,Testset/Labels_tif/7_HE_(d-4_x-6144_y-3072_w-2048_h-2048).tif,Testset,7,0.033237457275390625,Marsh-3b
Testset/Images_tif/68_HE_(d-4_x-13824_y-7680_w-2048_h-2048).tif,Testset/Labels_tif/68_HE_(d-4_x-13824_y-7680_w-2048_h-2048).tif,Testset,68,0.2917022705078125,Marsh-1
Testset/Images_tif/143_HE_(d-4_x-23040_y-9216_w-2048_h-2048).tif,Testset/Labels_tif/143_HE_(d-4_x-23040_y-9216_w-2048_h-2048).tif,Testset,143,0.4378204345703125,Marsh-0
Testset/Images_tif/98_HE_(d-4_x-44544_y-9216_w-2048_h-2048).tif,Testset/Labels_tif/98_HE_(d-4_x-44544_y-9216_w-2048_h-2048).tif,Testset,98,0.43434906005859375,Marsh-0
Testset/Images_tif/68_HE_(d-4_x-7680_y-4608_w-2048_h-2048).tif,Testset/Labels_tif/68_HE_(d-4_x-7680_y-4608_w-2048_h-2048).tif,Testset,68,0.0831298828125,Marsh-3b
Testset/Images_tif/30_HE_(d-4_x-6144_y-26112_w-2048_h-2048).tif,Testset/Labels_tif/30_HE_(d-4_x-6144_y-26112_w-2048_h-2048).tif,Testset,30,0.2810859680175781,Marsh-1
Testset/Images_tif/115_HE_(d-4_x-13824_y-46080_w-2048_h-2048).tif,Testset/Labels_tif/115_HE_(d-4_x-13824_y-46080_w-2048_h-2048).tif,Testset,115,0.1632537841796875,Marsh-3a
Testset/Images_tif/143_HE_(d-4_x-9216_y-13824_w-2048_h-2048).tif,Testset/Labels_tif/143_HE_(d-4_x-9216_y-13824_w-2048_h-2048).tif,Testset,143,0.11049270629882812,Marsh-3b
Testset/Images_tif/69_HE_(d-4_x-21504_y-24576_w-2048_h-2048).tif,Testset/Labels_tif/69_HE_(d-4_x-21504_y-24576_w-2048_h-2048).tif,Testset,69,0.16901016235351562,Marsh-3a
Testset/Images_tif/37_HE_(d-4_x-15360_y-12288_w-2048_h-2048).tif,Testset/Labels_tif/37_HE_(d-4_x-15360_y-12288_w-2048_h-2048).tif,Testset,37,0.1156005859375,Marsh-3b
Testset/Images_tif/9_HE_(d-4_x-10752_y-6144_w-2048_h-2048).tif,Testset/Labels_tif/9_HE_(d-4_x-10752_y-6144_w-2048_h-2048).tif,Testset,9,0.3083839416503906,Marsh-1
Testset/Images_tif/98_HE_(d-4_x-41472_y-7680_w-2048_h-2048).tif,Testset/Labels_tif/98_HE_(d-4_x-41472_y-7680_w-2048_h-2048).tif,Testset,98,0.6426582336425781,Marsh-0
Testset/Images_tif/98_HE_(d-4_x-9216_y-10752_w-2048_h-2048).tif,Testset/Labels_tif/98_HE_(d-4_x-9216_y-10752_w-2048_h-2048).tif,Testset,98,0.3208045959472656,Marsh-1
Testset/Images_tif/99_HE_(d-4_x-30720_y-9216_w-2048_h-2048).tif,Testset/Labels_tif/99_HE_(d-4_x-30720_y-9216_w-2048_h-2048).tif,Testset,99,0.204193115234375,Marsh-3a
Testset/Images_tif/6_HE_(d-4_x-7680_y-3072_w-2048_h-2048).tif,Testset/Labels_tif/6_HE_(d-4_x-7680_y-3072_w-2048_h-2048).tif,Testset,6,0.3345298767089844,Marsh-1
Testset/Images_tif/66_HE_(d-4_x-10752_y-9216_w-2048_h-2048).tif,Testset/Labels_tif/66_HE_(d-4_x-10752_y-9216_w-2048_h-2048).tif,Testset,66,0.2587165832519531,Marsh-1
Testset/Images_tif/143_HE_(d-4_x-24576_y-9216_w-2048_h-2048).tif,Testset/Labels_tif/143_HE_(d-4_x-24576_y-9216_w-2048_h-2048).tif,Testset,143,0.15398406982421875,Marsh-3a
Testset/Images_tif/34_HE_(d-4_x-36864_y-33792_w-2048_h-2048).tif,Testset/Labels_tif/34_HE_(d-4_x-36864_y-33792_w-2048_h-2048).tif,Testset,34,0.28911590576171875,Marsh-1
Testset/Images_tif/143_HE_(d-4_x-10752_y-15360_w-2048_h-2048).tif,Testset/Labels_tif/143_HE_(d-4_x-10752_y-15360_w-2048_h-2048).tif,Testset,143,0.15985870361328125,Marsh-3a
Testset/Images_tif/30_HE_(d-4_x-35328_y-23040_w-2048_h-2048).tif,Testset/Labels_tif/30_HE_(d-4_x-35328_y-23040_w-2048_h-2048).tif,Testset,30,0.12178802490234375,Marsh-3b
Testset/Images_tif/64_HE_(d-4_x-23040_y-23040_w-2048_h-2048).tif,Testset/Labels_tif/64_HE_(d-4_x-23040_y-23040_w-2048_h-2048).tif,Testset,64,0.015155792236328125,Marsh-3b
Testset/Images_tif/30_HE_(d-4_x-6144_y-24576_w-2048_h-2048).tif,Testset/Labels_tif/30_HE_(d-4_x-6144_y-24576_w-2048_h-2048).tif,Testset,30,0.3188934326171875,Marsh-1
Testset/Images_tif/34_HE_(d-4_x-6144_y-19968_w-2048_h-2048).tif,Testset/Labels_tif/34_HE_(d-4_x-6144_y-19968_w-2048_h-2048).tif,Testset,34,0.0,Marsh-3b
Testset/Images_tif/98_HE_(d-4_x-38400_y-3072_w-2048_h-2048).tif,Testset/Labels_tif/98_HE_(d-4_x-38400_y-3072_w-2048_h-2048).tif,Testset,98,0.16202163696289062,Marsh-3a
Testset/Images_tif/57_HE_(d-4_x-27648_y-7680_w-2048_h-2048).tif,Testset/Labels_tif/57_HE_(d-4_x-27648_y-7680_w-2048_h-2048).tif,Testset,57,0.31549072265625,Marsh-1
Testset/Images_tif/83_HE_(d-4_x-7680_y-10752_w-2048_h-2048).tif,Testset/Labels_tif/83_HE_(d-4_x-7680_y-10752_w-2048_h-2048).tif,Testset,83,0.14665985107421875,Marsh-3a
Testset/Images_tif/75_HE_(d-4_x-13824_y-7680_w-2048_h-2048).tif,Testset/Labels_tif/75_HE_(d-4_x-13824_y-7680_w-2048_h-2048).tif,Testset,75,0.06785964965820312,Marsh-3b
Testset/Images_tif/3_HE_(d-4_x-10752_y-9216_w-2048_h-2048).tif,Testset/Labels_tif/3_HE_(d-4_x-10752_y-9216_w-2048_h-2048).tif,Testset,3,0.3500404357910156,Marsh-0
Testset/Images_tif/64_HE_(d-4_x-26112_y-18432_w-2048_h-2048).tif,Testset/Labels_tif/64_HE_(d-4_x-26112_y-18432_w-2048_h-2048).tif,Testset,64,0.3265533447265625,Marsh-1
Testset/Images_tif/108_HE_(d-4_x-26112_y-4608_w-2048_h-2048).tif,Testset/Labels_tif/108_HE_(d-4_x-26112_y-4608_w-2048_h-2048).tif,Testset,108,0.19416046142578125,Marsh-3a
Testset/Images_tif/15_HE_(d-4_x-4608_y-6144_w-2048_h-2048).tif,Testset/Labels_tif/15_HE_(d-4_x-4608_y-6144_w-2048_h-2048).tif,Testset,15,0.239105224609375,Marsh-1
Testset/Images_tif/143_HE_(d-4_x-15360_y-13824_w-2048_h-2048).tif,Testset/Labels_tif/143_HE_(d-4_x-15360_y-13824_w-2048_h-2048).tif,Testset,143,0.18251419067382812,Marsh-3a
Testset/Images_tif/5_HE_(d-4_x-7680_y-6144_w-2048_h-2048).tif,Testset/Labels_tif/5_HE_(d-4_x-7680_y-6144_w-2048_h-2048).tif,Testset,5,0.2271728515625,Marsh-3a
Testset/Images_tif/115_HE_(d-4_x-30720_y-38400_w-2048_h-2048).tif,Testset/Labels_tif/115_HE_(d-4_x-30720_y-38400_w-2048_h-2048).tif,Testset,115,0.1787567138671875,Marsh-3a
Testset/Images_tif/24_HE_(d-4_x-6144_y-4608_w-2048_h-2048).tif,Testset/Labels_tif/24_HE_(d-4_x-6144_y-4608_w-2048_h-2048).tif,Testset,24,0.2699012756347656,Marsh-1
Testset/Images_tif/34_HE_(d-4_x-13824_y-30720_w-2048_h-2048).tif,Testset/Labels_tif/34_HE_(d-4_x-13824_y-30720_w-2048_h-2048).tif,Testset,34,0.07667160034179688,Marsh-3b
Testset/Images_tif/98_HE_(d-4_x-9216_y-9216_w-2048_h-2048).tif,Testset/Labels_tif/98_HE_(d-4_x-9216_y-9216_w-2048_h-2048).tif,Testset,98,0.3557929992675781,Marsh-0
Testset/Images_tif/99_HE_(d-4_x-6144_y-10752_w-2048_h-2048).tif,Testset/Labels_tif/99_HE_(d-4_x-6144_y-10752_w-2048_h-2048).tif,Testset,99,0.14883041381835938,Marsh-3a
Testset/Images_tif/9_HE_(d-4_x-6144_y-10752_w-2048_h-2048).tif,Testset/Labels_tif/9_HE_(d-4_x-6144_y-10752_w-2048_h-2048).tif,Testset,9,0.11598587036132812,Marsh-3b
Testset/Images_tif/83_HE_(d-4_x-9216_y-6144_w-2048_h-2048).tif,Testset/Labels_tif/83_HE_(d-4_x-9216_y-6144_w-2048_h-2048).tif,Testset,83,0.047595977783203125,Marsh-3b
Testset/Images_tif/66_HE_(d-4_x-32256_y-16896_w-2048_h-2048).tif,Testset/Labels_tif/66_HE_(d-4_x-32256_y-16896_w-2048_h-2048).tif,Testset,66,0.23421096801757812,Marsh-1
Testset/Images_tif/5_HE_(d-4_x-16896_y-9216_w-2048_h-2048).tif,Testset/Labels_tif/5_HE_(d-4_x-16896_y-9216_w-2048_h-2048).tif,Testset,5,0.3431510925292969,Marsh-0
Testset/Images_tif/41_HE_(d-4_x-3072_y-6144_w-2048_h-2048).tif,Testset/Labels_tif/41_HE_(d-4_x-3072_y-6144_w-2048_h-2048).tif,Testset,41,0.2571525573730469,Marsh-1
Testset/Images_tif/108_HE_(d-4_x-18432_y-7680_w-2048_h-2048).tif,Testset/Labels_tif/108_HE_(d-4_x-18432_y-7680_w-2048_h-2048).tif,Testset,108,0.2420806884765625,Marsh-1
Testset/Images_tif/37_HE_(d-4_x-6144_y-3072_w-2048_h-2048).tif,Testset/Labels_tif/37_HE_(d-4_x-6144_y-3072_w-2048_h-2048).tif,Testset,37,0.23741531372070312,Marsh-1
Testset/Images_tif/3_HE_(d-4_x-9216_y-9216_w-2048_h-2048).tif,Testset/Labels_tif/3_HE_(d-4_x-9216_y-9216_w-2048_h-2048).tif,Testset,3,0.2824974060058594,Marsh-1
Testset/Images_tif/139_HE_(d-4_x-13824_y-7680_w-2048_h-2048).tif,Testset/Labels_tif/139_HE_(d-4_x-13824_y-7680_w-2048_h-2048).tif,Testset,139,0.034389495849609375,Marsh-3b
Testset/Images_tif/44_HE_(d-4_x-10752_y-6144_w-2048_h-2048).tif,Testset/Labels_tif/44_HE_(d-4_x-10752_y-6144_w-2048_h-2048).tif,Testset,44,0.2967948913574219,Marsh-1
Testset/Images_tif/61_HE_(d-4_x-12288_y-18432_w-2048_h-2048).tif,Testset/Labels_tif/61_HE_(d-4_x-12288_y-18432_w-2048_h-2048).tif,Testset,61,0.0535430908203125,Marsh-3b
Testset/Images_tif/61_HE_(d-4_x-10752_y-16896_w-2048_h-2048).tif,Testset/Labels_tif/61_HE_(d-4_x-10752_y-16896_w-2048_h-2048).tif,Testset,61,0.3111457824707031,Marsh-1
Testset/Images_tif/34_HE_(d-4_x-6144_y-30720_w-2048_h-2048).tif,Testset/Labels_tif/34_HE_(d-4_x-6144_y-30720_w-2048_h-2048).tif,Testset,34,0.1685333251953125,Marsh-3a
Testset/Images_tif/83_HE_(d-4_x-7680_y-6144_w-2048_h-2048).tif,Testset/Labels_tif/83_HE_(d-4_x-7680_y-6144_w-2048_h-2048).tif,Testset,83,0.017864227294921875,Marsh-3b
Testset/Images_tif/129_HE_(d-4_x-9216_y-32256_w-2048_h-2048).tif,Testset/Labels_tif/129_HE_(d-4_x-9216_y-32256_w-2048_h-2048).tif,Testset,129,0.0449066162109375,Marsh-3b
Testset/Images_tif/57_HE_(d-4_x-4608_y-12288_w-2048_h-2048).tif,Testset/Labels_tif/57_HE_(d-4_x-4608_y-12288_w-2048_h-2048).tif,Testset,57,0.09824752807617188,Marsh-3b
Testset/Images_tif/110_HE_(d-4_x-7680_y-1536_w-2048_h-2048).tif,Testset/Labels_tif/110_HE_(d-4_x-7680_y-1536_w-2048_h-2048).tif,Testset,110,0.14766693115234375,Marsh-3a
Testset/Images_tif/7_HE_(d-4_x-15360_y-7680_w-2048_h-2048).tif,Testset/Labels_tif/7_HE_(d-4_x-15360_y-7680_w-2048_h-2048).tif,Testset,7,0.09007644653320312,Marsh-3b
Testset/Images_tif/3_HE_(d-4_x-6144_y-10752_w-2048_h-2048).tif,Testset/Labels_tif/3_HE_(d-4_x-6144_y-10752_w-2048_h-2048).tif,Testset,3,0.37276458740234375,Marsh-0
Testset/Images_tif/123_HE_(d-4_x-12288_y-6144_w-2048_h-2048).tif,Testset/Labels_tif/123_HE_(d-4_x-12288_y-6144_w-2048_h-2048).tif,Testset,123,0.31658172607421875,Marsh-1
Testset/Images_tif/30_HE_(d-4_x-32256_y-27648_w-2048_h-2048).tif,Testset/Labels_tif/30_HE_(d-4_x-32256_y-27648_w-2048_h-2048).tif,Testset,30,0.1440277099609375,Marsh-3a
Testset/Images_tif/7_HE_(d-4_x-15360_y-6144_w-2048_h-2048).tif,Testset/Labels_tif/7_HE_(d-4_x-15360_y-6144_w-2048_h-2048).tif,Testset,7,0.07646560668945312,Marsh-3b
Testset/Images_tif/7_HE_(d-4_x-6144_y-4608_w-2048_h-2048).tif,Testset/Labels_tif/7_HE_(d-4_x-6144_y-4608_w-2048_h-2048).tif,Testset,7,0.18127822875976562,Marsh-3a
Testset/Images_tif/41_HE_(d-4_x-3072_y-4608_w-2048_h-2048).tif,Testset/Labels_tif/41_HE_(d-4_x-3072_y-4608_w-2048_h-2048).tif,Testset,41,0.11012649536132812,Marsh-3b
Testset/Images_tif/61_HE_(d-4_x-9216_y-16896_w-2048_h-2048).tif,Testset/Labels_tif/61_HE_(d-4_x-9216_y-16896_w-2048_h-2048).tif,Testset,61,0.162078857421875,Marsh-3a
Testset/Images_tif/66_HE_(d-4_x-9216_y-9216_w-2048_h-2048).tif,Testset/Labels_tif/66_HE_(d-4_x-9216_y-9216_w-2048_h-2048).tif,Testset,66,0.31970977783203125,Marsh-1
Testset/Images_tif/15_HE_(d-4_x-15360_y-7680_w-2048_h-2048).tif,Testset/Labels_tif/15_HE_(d-4_x-15360_y-7680_w-2048_h-2048).tif,Testset,15,0.32543182373046875,Marsh-1
Testset/Images_tif/99_HE_(d-4_x-7680_y-9216_w-2048_h-2048).tif,Testset/Labels_tif/99_HE_(d-4_x-7680_y-9216_w-2048_h-2048).tif,Testset,99,0.3059730529785156,Marsh-1
Testset/Images_tif/99_HE_(d-4_x-29184_y-9216_w-2048_h-2048).tif,Testset/Labels_tif/99_HE_(d-4_x-29184_y-9216_w-2048_h-2048).tif,Testset,99,0.3834228515625,Marsh-0
Testset/Images_tif/5_HE_(d-4_x-15360_y-7680_w-2048_h-2048).tif,Testset/Labels_tif/5_HE_(d-4_x-15360_y-7680_w-2048_h-2048).tif,Testset,5,0.45641326904296875,Marsh-0
Testset/Images_tif/139_HE_(d-4_x-4608_y-3072_w-2048_h-2048).tif,Testset/Labels_tif/139_HE_(d-4_x-4608_y-3072_w-2048_h-2048).tif,Testset,139,0.0,Marsh-3b
Testset/Images_tif/108_HE_(d-4_x-26112_y-7680_w-2048_h-2048).tif,Testset/Labels_tif/108_HE_(d-4_x-26112_y-7680_w-2048_h-2048).tif,Testset,108,0.13248443603515625,Marsh-3b
Testset/Images_tif/34_HE_(d-4_x-10752_y-29184_w-2048_h-2048).tif,Testset/Labels_tif/34_HE_(d-4_x-10752_y-29184_w-2048_h-2048).tif,Testset,34,0.2542686462402344,Marsh-1
Testset/Images_tif/57_HE_(d-4_x-27648_y-6144_w-2048_h-2048).tif,Testset/Labels_tif/57_HE_(d-4_x-27648_y-6144_w-2048_h-2048).tif,Testset,57,0.21673583984375,Marsh-3a
Testset/Images_tif/7_HE_(d-4_x-10752_y-9216_w-2048_h-2048).tif,Testset/Labels_tif/7_HE_(d-4_x-10752_y-9216_w-2048_h-2048).tif,Testset,7,0.21831130981445312,Marsh-3a
Testset/Images_tif/129_HE_(d-4_x-9216_y-12288_w-2048_h-2048).tif,Testset/Labels_tif/129_HE_(d-4_x-9216_y-12288_w-2048_h-2048).tif,Testset,129,0.13410186767578125,Marsh-3b
Testset/Images_tif/108_HE_(d-4_x-19968_y-6144_w-2048_h-2048).tif,Testset/Labels_tif/108_HE_(d-4_x-19968_y-6144_w-2048_h-2048).tif,Testset,108,0.201873779296875,Marsh-3a
Testset/Images_tif/28_HE_(d-4_x-13824_y-4608_w-2048_h-2048).tif,Testset/Labels_tif/28_HE_(d-4_x-13824_y-4608_w-2048_h-2048).tif,Testset,28,0.4541511535644531,Marsh-0
Testset/Images_tif/143_HE_(d-4_x-7680_y-12288_w-2048_h-2048).tif,Testset/Labels_tif/143_HE_(d-4_x-7680_y-12288_w-2048_h-2048).tif,Testset,143,0.21491622924804688,Marsh-3a
Testset/Images_tif/24_HE_(d-4_x-9216_y-4608_w-2048_h-2048).tif,Testset/Labels_tif/24_HE_(d-4_x-9216_y-4608_w-2048_h-2048).tif,Testset,24,0.35936737060546875,Marsh-0
Testset/Images_tif/117_HE_(d-4_x-9216_y-4608_w-2048_h-2048).tif,Testset/Labels_tif/117_HE_(d-4_x-9216_y-4608_w-2048_h-2048).tif,Testset,117,0.219329833984375,Marsh-3a
Testset/Images_tif/23_HE_(d-4_x-7680_y-7680_w-2048_h-2048).tif,Testset/Labels_tif/23_HE_(d-4_x-7680_y-7680_w-2048_h-2048).tif,Testset,23,0.0,Marsh-3b
Testset/Images_tif/90_HE_(d-4_x-15360_y-7680_w-2048_h-2048).tif,Testset/Labels_tif/90_HE_(d-4_x-15360_y-7680_w-2048_h-2048).tif,Testset,90,0.3405914306640625,Marsh-0
Testset/Images_tif/129_HE_(d-4_x-9216_y-15360_w-2048_h-2048).tif,Testset/Labels_tif/129_HE_(d-4_x-9216_y-15360_w-2048_h-2048).tif,Testset,129,0.15078353881835938,Marsh-3a
Testset/Images_tif/23_HE_(d-4_x-4608_y-7680_w-2048_h-2048).tif,Testset/Labels_tif/23_HE_(d-4_x-4608_y-7680_w-2048_h-2048).tif,Testset,23,0.0,Marsh-3b
Testset/Images_tif/98_HE_(d-4_x-43008_y-10752_w-2048_h-2048).tif,Testset/Labels_tif/98_HE_(d-4_x-43008_y-10752_w-2048_h-2048).tif,Testset,98,0.5524978637695312,Marsh-0
Testset/Images_tif/98_HE_(d-4_x-9216_y-12288_w-2048_h-2048).tif,Testset/Labels_tif/98_HE_(d-4_x-9216_y-12288_w-2048_h-2048).tif,Testset,98,0.12882232666015625,Marsh-3b
Testset/Images_tif/37_HE_(d-4_x-13824_y-12288_w-2048_h-2048).tif,Testset/Labels_tif/37_HE_(d-4_x-13824_y-12288_w-2048_h-2048).tif,Testset,37,0.3973884582519531,Marsh-0
Testset/Images_tif/3_HE_(d-4_x-4608_y-9216_w-2048_h-2048).tif,Testset/Labels_tif/3_HE_(d-4_x-4608_y-9216_w-2048_h-2048).tif,Testset,3,0.3943443298339844,Marsh-0
Testset/Images_tif/7_HE_(d-4_x-7680_y-7680_w-2048_h-2048).tif,Testset/Labels_tif/7_HE_(d-4_x-7680_y-7680_w-2048_h-2048).tif,Testset,7,0.4356651306152344,Marsh-0
Testset/Images_tif/66_HE_(d-4_x-12288_y-10752_w-2048_h-2048).tif,Testset/Labels_tif/66_HE_(d-4_x-12288_y-10752_w-2048_h-2048).tif,Testset,66,0.44060516357421875,Marsh-0
Testset/Images_tif/6_HE_(d-4_x-7680_y-1536_w-2048_h-2048).tif,Testset/Labels_tif/6_HE_(d-4_x-7680_y-1536_w-2048_h-2048).tif,Testset,6,0.13573837280273438,Marsh-3a
Testset/Images_tif/57_HE_(d-4_x-6144_y-13824_w-2048_h-2048).tif,Testset/Labels_tif/57_HE_(d-4_x-6144_y-13824_w-2048_h-2048).tif,Testset,57,0.1707611083984375,Marsh-3a
Testset/Images_tif/110_HE_(d-4_x-4608_y-6144_w-2048_h-2048).tif,Testset/Labels_tif/110_HE_(d-4_x-4608_y-6144_w-2048_h-2048).tif,Testset,110,0.2553367614746094,Marsh-1
Testset/Images_tif/9_HE_(d-4_x-13824_y-3072_w-2048_h-2048).tif,Testset/Labels_tif/9_HE_(d-4_x-13824_y-3072_w-2048_h-2048).tif,Testset,9,0.15494918823242188,Marsh-3a
Testset/Images_tif/115_HE_(d-4_x-10752_y-46080_w-2048_h-2048).tif,Testset/Labels_tif/115_HE_(d-4_x-10752_y-46080_w-2048_h-2048).tif,Testset,115,0.4449195861816406,Marsh-0
Testset/Images_tif/30_HE_(d-4_x-32256_y-26112_w-2048_h-2048).tif,Testset/Labels_tif/30_HE_(d-4_x-32256_y-26112_w-2048_h-2048).tif,Testset,30,0.23728179931640625,Marsh-1
Testset/Images_tif/129_HE_(d-4_x-15360_y-15360_w-2048_h-2048).tif,Testset/Labels_tif/129_HE_(d-4_x-15360_y-15360_w-2048_h-2048).tif,Testset,129,0.4642066955566406,Marsh-0
Testset/Images_tif/34_HE_(d-4_x-38400_y-26112_w-2048_h-2048).tif,Testset/Labels_tif/34_HE_(d-4_x-38400_y-26112_w-2048_h-2048).tif,Testset,34,0.1988372802734375,Marsh-3a
Testset/Images_tif/143_HE_(d-4_x-24576_y-12288_w-2048_h-2048).tif,Testset/Labels_tif/143_HE_(d-4_x-24576_y-12288_w-2048_h-2048).tif,Testset,143,0.4839744567871094,Marsh-0
Testset/Images_tif/44_HE_(d-4_x-12288_y-7680_w-2048_h-2048).tif,Testset/Labels_tif/44_HE_(d-4_x-12288_y-7680_w-2048_h-2048).tif,Testset,44,0.045154571533203125,Marsh-3b
Testset/Images_tif/3_HE_(d-4_x-3072_y-10752_w-2048_h-2048).tif,Testset/Labels_tif/3_HE_(d-4_x-3072_y-10752_w-2048_h-2048).tif,Testset,3,0.2761497497558594,Marsh-1
Testset/Images_tif/30_HE_(d-4_x-35328_y-27648_w-2048_h-2048).tif,Testset/Labels_tif/30_HE_(d-4_x-35328_y-27648_w-2048_h-2048).tif,Testset,30,0.15389633178710938,Marsh-3a
Testset/Images_tif/15_HE_(d-4_x-6144_y-7680_w-2048_h-2048).tif,Testset/Labels_tif/15_HE_(d-4_x-6144_y-7680_w-2048_h-2048).tif,Testset,15,0.14071273803710938,Marsh-3a
Testset/Images_tif/69_HE_(d-4_x-24576_y-23040_w-2048_h-2048).tif,Testset/Labels_tif/69_HE_(d-4_x-24576_y-23040_w-2048_h-2048).tif,Testset,69,0.19762420654296875,Marsh-3a
Testset/Images_tif/123_HE_(d-4_x-6144_y-7680_w-2048_h-2048).tif,Testset/Labels_tif/123_HE_(d-4_x-6144_y-7680_w-2048_h-2048).tif,Testset,123,0.10793685913085938,Marsh-3b
Testset/Images_tif/3_HE_(d-4_x-13824_y-6144_w-2048_h-2048).tif,Testset/Labels_tif/3_HE_(d-4_x-13824_y-6144_w-2048_h-2048).tif,Testset,3,0.2578544616699219,Marsh-1
Testset/Images_tif/75_HE_(d-4_x-13824_y-6144_w-2048_h-2048).tif,Testset/Labels_tif/75_HE_(d-4_x-13824_y-6144_w-2048_h-2048).tif,Testset,75,0.15219879150390625,Marsh-3a
Testset/Images_tif/98_HE_(d-4_x-7680_y-9216_w-2048_h-2048).tif,Testset/Labels_tif/98_HE_(d-4_x-7680_y-9216_w-2048_h-2048).tif,Testset,98,0.095489501953125,Marsh-3b
Testset/Images_tif/34_HE_(d-4_x-9216_y-24576_w-2048_h-2048).tif,Testset/Labels_tif/34_HE_(d-4_x-9216_y-24576_w-2048_h-2048).tif,Testset,34,0.22597122192382812,Marsh-3a
Testset/Images_tif/144_HE_(d-4_x-9216_y-6144_w-2048_h-2048).tif,Testset/Labels_tif/144_HE_(d-4_x-9216_y-6144_w-2048_h-2048).tif,Testset,144,0.2627754211425781,Marsh-1
Testset/Images_tif/5_HE_(d-4_x-12288_y-6144_w-2048_h-2048).tif,Testset/Labels_tif/5_HE_(d-4_x-12288_y-6144_w-2048_h-2048).tif,Testset,5,0.143310546875,Marsh-3a
Testset/Images_tif/61_HE_(d-4_x-7680_y-4608_w-2048_h-2048).tif,Testset/Labels_tif/61_HE_(d-4_x-7680_y-4608_w-2048_h-2048).tif,Testset,61,0.0286865234375,Marsh-3b
Testset/Images_tif/66_HE_(d-4_x-30720_y-15360_w-2048_h-2048).tif,Testset/Labels_tif/66_HE_(d-4_x-30720_y-15360_w-2048_h-2048).tif,Testset,66,0.1926422119140625,Marsh-3a
Testset/Images_tif/69_HE_(d-4_x-6144_y-27648_w-2048_h-2048).tif,Testset/Labels_tif/69_HE_(d-4_x-6144_y-27648_w-2048_h-2048).tif,Testset,69,0.140472412109375,Marsh-3a
Testset/Images_tif/69_HE_(d-4_x-6144_y-26112_w-2048_h-2048).tif,Testset/Labels_tif/69_HE_(d-4_x-6144_y-26112_w-2048_h-2048).tif,Testset,69,0.44446563720703125,Marsh-0
Testset/Images_tif/44_HE_(d-4_x-16896_y-3072_w-2048_h-2048).tif,Testset/Labels_tif/44_HE_(d-4_x-16896_y-3072_w-2048_h-2048).tif,Testset,44,0.3542366027832031,Marsh-0
Testset/Images_tif/83_HE_(d-4_x-3072_y-6144_w-2048_h-2048).tif,Testset/Labels_tif/83_HE_(d-4_x-3072_y-6144_w-2048_h-2048).tif,Testset,83,0.206268310546875,Marsh-3a
Testset/Images_tif/5_HE_(d-4_x-16896_y-10752_w-2048_h-2048).tif,Testset/Labels_tif/5_HE_(d-4_x-16896_y-10752_w-2048_h-2048).tif,Testset,5,0.11540603637695312,Marsh-3b
Testset/Images_tif/139_HE_(d-4_x-12288_y-7680_w-2048_h-2048).tif,Testset/Labels_tif/139_HE_(d-4_x-12288_y-7680_w-2048_h-2048).tif,Testset,139,0.0,Marsh-3b
Testset/Images_tif/37_HE_(d-4_x-13824_y-10752_w-2048_h-2048).tif,Testset/Labels_tif/37_HE_(d-4_x-13824_y-10752_w-2048_h-2048).tif,Testset,37,0.22266006469726562,Marsh-3a
Testset/Images_tif/90_HE_(d-4_x-18432_y-6144_w-2048_h-2048).tif,Testset/Labels_tif/90_HE_(d-4_x-18432_y-6144_w-2048_h-2048).tif,Testset,90,0.3006477355957031,Marsh-1
Testset/Images_tif/129_HE_(d-4_x-10752_y-12288_w-2048_h-2048).tif,Testset/Labels_tif/129_HE_(d-4_x-10752_y-12288_w-2048_h-2048).tif,Testset,129,0.15410232543945312,Marsh-3a
Testset/Images_tif/139_HE_(d-4_x-4608_y-4608_w-2048_h-2048).tif,Testset/Labels_tif/139_HE_(d-4_x-4608_y-4608_w-2048_h-2048).tif,Testset,139,0.0081939697265625,Marsh-3b
Testset/Images_tif/143_HE_(d-4_x-4608_y-6144_w-2048_h-2048).tif,Testset/Labels_tif/143_HE_(d-4_x-4608_y-6144_w-2048_h-2048).tif,Testset,143,0.09600448608398438,Marsh-3b
Testset/Images_tif/34_HE_(d-4_x-12288_y-26112_w-2048_h-2048).tif,Testset/Labels_tif/34_HE_(d-4_x-12288_y-26112_w-2048_h-2048).tif,Testset,34,0.3731880187988281,Marsh-0
Testset/Images_tif/75_HE_(d-4_x-6144_y-10752_w-2048_h-2048).tif,Testset/Labels_tif/75_HE_(d-4_x-6144_y-10752_w-2048_h-2048).tif,Testset,75,0.5102615356445312,Marsh-0
Testset/Images_tif/129_HE_(d-4_x-7680_y-30720_w-2048_h-2048).tif,Testset/Labels_tif/129_HE_(d-4_x-7680_y-30720_w-2048_h-2048).tif,Testset,129,0.12004852294921875,Marsh-3b
Testset/Images_tif/143_HE_(d-4_x-21504_y-9216_w-2048_h-2048).tif,Testset/Labels_tif/143_HE_(d-4_x-21504_y-9216_w-2048_h-2048).tif,Testset,143,0.3317298889160156,Marsh-1
Testset/Images_tif/61_HE_(d-4_x-6144_y-4608_w-2048_h-2048).tif,Testset/Labels_tif/61_HE_(d-4_x-6144_y-4608_w-2048_h-2048).tif,Testset,61,0.3053474426269531,Marsh-1
Testset/Images_tif/75_HE_(d-4_x-9216_y-12288_w-2048_h-2048).tif,Testset/Labels_tif/75_HE_(d-4_x-9216_y-12288_w-2048_h-2048).tif,Testset,75,0.0731353759765625,Marsh-3b
Testset/Images_tif/57_HE_(d-4_x-21504_y-7680_w-2048_h-2048).tif,Testset/Labels_tif/57_HE_(d-4_x-21504_y-7680_w-2048_h-2048).tif,Testset,57,0.5251541137695312,Marsh-0
Testset/Images_tif/68_HE_(d-4_x-18432_y-6144_w-2048_h-2048).tif,Testset/Labels_tif/68_HE_(d-4_x-18432_y-6144_w-2048_h-2048).tif,Testset,68,0.2681159973144531,Marsh-1
Testset/Images_tif/5_HE_(d-4_x-12288_y-10752_w-2048_h-2048).tif,Testset/Labels_tif/5_HE_(d-4_x-12288_y-10752_w-2048_h-2048).tif,Testset,5,0.35814666748046875,Marsh-0
Testset/Images_tif/66_HE_(d-4_x-29184_y-18432_w-2048_h-2048).tif,Testset/Labels_tif/66_HE_(d-4_x-29184_y-18432_w-2048_h-2048).tif,Testset,66,0.3494911193847656,Marsh-0
Testset/Images_tif/3_HE_(d-4_x-7680_y-12288_w-2048_h-2048).tif,Testset/Labels_tif/3_HE_(d-4_x-7680_y-12288_w-2048_h-2048).tif,Testset,3,0.14122390747070312,Marsh-3a
Testset/Images_tif/143_HE_(d-4_x-12288_y-12288_w-2048_h-2048).tif,Testset/Labels_tif/143_HE_(d-4_x-12288_y-12288_w-2048_h-2048).tif,Testset,143,0.2678108215332031,Marsh-1
Testset/Images_tif/7_HE_(d-4_x-4608_y-3072_w-2048_h-2048).tif,Testset/Labels_tif/7_HE_(d-4_x-4608_y-3072_w-2048_h-2048).tif,Testset,7,0.043529510498046875,Marsh-3b
Testset/Images_tif/144_HE_(d-4_x-12288_y-4608_w-2048_h-2048).tif,Testset/Labels_tif/144_HE_(d-4_x-12288_y-4608_w-2048_h-2048).tif,Testset,144,0.280548095703125,Marsh-1
Testset/Images_tif/34_HE_(d-4_x-36864_y-26112_w-2048_h-2048).tif,Testset/Labels_tif/34_HE_(d-4_x-36864_y-26112_w-2048_h-2048).tif,Testset,34,0.0164337158203125,Marsh-3b
Testset/Images_tif/61_HE_(d-4_x-15360_y-21504_w-2048_h-2048).tif,Testset/Labels_tif/61_HE_(d-4_x-15360_y-21504_w-2048_h-2048).tif,Testset,61,0.002872467041015625,Marsh-3b
Testset/Images_tif/68_HE_(d-4_x-6144_y-4608_w-2048_h-2048).tif,Testset/Labels_tif/68_HE_(d-4_x-6144_y-4608_w-2048_h-2048).tif,Testset,68,0.24564361572265625,Marsh-1
Testset/Images_tif/75_HE_(d-4_x-12288_y-10752_w-2048_h-2048).tif,Testset/Labels_tif/75_HE_(d-4_x-12288_y-10752_w-2048_h-2048).tif,Testset,75,0.0167694091796875,Marsh-3b
Testset/Images_tif/90_HE_(d-4_x-7680_y-9216_w-2048_h-2048).tif,Testset/Labels_tif/90_HE_(d-4_x-7680_y-9216_w-2048_h-2048).tif,Testset,90,0.02971649169921875,Marsh-3b
Testset/Images_tif/115_HE_(d-4_x-10752_y-41472_w-2048_h-2048).tif,Testset/Labels_tif/115_HE_(d-4_x-10752_y-41472_w-2048_h-2048).tif,Testset,115,0.0,Marsh-3b
Testset/Images_tif/34_HE_(d-4_x-12288_y-29184_w-2048_h-2048).tif,Testset/Labels_tif/34_HE_(d-4_x-12288_y-29184_w-2048_h-2048).tif,Testset,34,0.316619873046875,Marsh-1
Testset/Images_tif/68_HE_(d-4_x-10752_y-4608_w-2048_h-2048).tif,Testset/Labels_tif/68_HE_(d-4_x-10752_y-4608_w-2048_h-2048).tif,Testset,68,0.2001190185546875,Marsh-3a
Testset/Images_tif/34_HE_(d-4_x-41472_y-23040_w-2048_h-2048).tif,Testset/Labels_tif/34_HE_(d-4_x-41472_y-23040_w-2048_h-2048).tif,Testset,34,0.12602615356445312,Marsh-3b
Testset/Images_tif/9_HE_(d-4_x-12288_y-6144_w-2048_h-2048).tif,Testset/Labels_tif/9_HE_(d-4_x-12288_y-6144_w-2048_h-2048).tif,Testset,9,0.40074920654296875,Marsh-0
Testset/Images_tif/20_HE_(d-4_x-13824_y-9216_w-2048_h-2048).tif,Testset/Labels_tif/20_HE_(d-4_x-13824_y-9216_w-2048_h-2048).tif,Testset,20,0.3253936767578125,Marsh-1
Testset/Images_tif/99_HE_(d-4_x-27648_y-9216_w-2048_h-2048).tif,Testset/Labels_tif/99_HE_(d-4_x-27648_y-9216_w-2048_h-2048).tif,Testset,99,0.13126373291015625,Marsh-3b
Testset/Images_tif/144_HE_(d-4_x-6144_y-4608_w-2048_h-2048).tif,Testset/Labels_tif/144_HE_(d-4_x-6144_y-4608_w-2048_h-2048).tif,Testset,144,0.1873321533203125,Marsh-3a
Testset/Images_tif/83_HE_(d-4_x-4608_y-6144_w-2048_h-2048).tif,Testset/Labels_tif/83_HE_(d-4_x-4608_y-6144_w-2048_h-2048).tif,Testset,83,0.4452552795410156,Marsh-0
Testset/Images_tif/64_HE_(d-4_x-6144_y-16896_w-2048_h-2048).tif,Testset/Labels_tif/64_HE_(d-4_x-6144_y-16896_w-2048_h-2048).tif,Testset,64,0.32363128662109375,Marsh-1
Testset/Images_tif/98_HE_(d-4_x-38400_y-6144_w-2048_h-2048).tif,Testset/Labels_tif/98_HE_(d-4_x-38400_y-6144_w-2048_h-2048).tif,Testset,98,0.6155471801757812,Marsh-0
Testset/Images_tif/143_HE_(d-4_x-7680_y-9216_w-2048_h-2048).tif,Testset/Labels_tif/143_HE_(d-4_x-7680_y-9216_w-2048_h-2048).tif,Testset,143,0.179473876953125,Marsh-3a
Testset/Images_tif/108_HE_(d-4_x-7680_y-15360_w-2048_h-2048).tif,Testset/Labels_tif/108_HE_(d-4_x-7680_y-15360_w-2048_h-2048).tif,Testset,108,0.1324615478515625,Marsh-3b
Testset/Images_tif/66_HE_(d-4_x-10752_y-15360_w-2048_h-2048).tif,Testset/Labels_tif/66_HE_(d-4_x-10752_y-15360_w-2048_h-2048).tif,Testset,66,0.2862281799316406,Marsh-1
Testset/Images_tif/57_HE_(d-4_x-24576_y-9216_w-2048_h-2048).tif,Testset/Labels_tif/57_HE_(d-4_x-24576_y-9216_w-2048_h-2048).tif,Testset,57,0.3765602111816406,Marsh-0
Testset/Images_tif/115_HE_(d-4_x-27648_y-33792_w-2048_h-2048).tif,Testset/Labels_tif/115_HE_(d-4_x-27648_y-33792_w-2048_h-2048).tif,Testset,115,0.13409042358398438,Marsh-3b
Testset/Images_tif/144_HE_(d-4_x-7680_y-4608_w-2048_h-2048).tif,Testset/Labels_tif/144_HE_(d-4_x-7680_y-4608_w-2048_h-2048).tif,Testset,144,0.14467620849609375,Marsh-3a
Testset/Images_tif/28_HE_(d-4_x-15360_y-4608_w-2048_h-2048).tif,Testset/Labels_tif/28_HE_(d-4_x-15360_y-4608_w-2048_h-2048).tif,Testset,28,0.11328506469726562,Marsh-3b
Testset/Images_tif/7_HE_(d-4_x-7680_y-6144_w-2048_h-2048).tif,Testset/Labels_tif/7_HE_(d-4_x-7680_y-6144_w-2048_h-2048).tif,Testset,7,0.20598602294921875,Marsh-3a
Testset/Images_tif/99_HE_(d-4_x-27648_y-7680_w-2048_h-2048).tif,Testset/Labels_tif/99_HE_(d-4_x-27648_y-7680_w-2048_h-2048).tif,Testset,99,0.09966659545898438,Marsh-3b
Testset/Images_tif/6_HE_(d-4_x-12288_y-4608_w-2048_h-2048).tif,Testset/Labels_tif/6_HE_(d-4_x-12288_y-4608_w-2048_h-2048).tif,Testset,6,0.040576934814453125,Marsh-3b
Testset/Images_tif/3_HE_(d-4_x-4608_y-10752_w-2048_h-2048).tif,Testset/Labels_tif/3_HE_(d-4_x-4608_y-10752_w-2048_h-2048).tif,Testset,3,0.4099464416503906,Marsh-0
Testset/Images_tif/129_HE_(d-4_x-10752_y-16896_w-2048_h-2048).tif,Testset/Labels_tif/129_HE_(d-4_x-10752_y-16896_w-2048_h-2048).tif,Testset,129,0.0,Marsh-3b
Testset/Images_tif/129_HE_(d-4_x-19968_y-13824_w-2048_h-2048).tif,Testset/Labels_tif/129_HE_(d-4_x-19968_y-13824_w-2048_h-2048).tif,Testset,129,0.20999908447265625,Marsh-3a
Testset/Images_tif/64_HE_(d-4_x-7680_y-23040_w-2048_h-2048).tif,Testset/Labels_tif/64_HE_(d-4_x-7680_y-23040_w-2048_h-2048).tif,Testset,64,0.07863998413085938,Marsh-3b
Testset/Images_tif/34_HE_(d-4_x-10752_y-23040_w-2048_h-2048).tif,Testset/Labels_tif/34_HE_(d-4_x-10752_y-23040_w-2048_h-2048).tif,Testset,34,0.12563705444335938,Marsh-3b
Testset/Images_tif/139_HE_(d-4_x-12288_y-9216_w-2048_h-2048).tif,Testset/Labels_tif/139_HE_(d-4_x-12288_y-9216_w-2048_h-2048).tif,Testset,139,0.0,Marsh-3b
Testset/Images_tif/34_HE_(d-4_x-39936_y-26112_w-2048_h-2048).tif,Testset/Labels_tif/34_HE_(d-4_x-39936_y-26112_w-2048_h-2048).tif,Testset,34,0.2808723449707031,Marsh-1
Testset/Images_tif/57_HE_(d-4_x-9216_y-6144_w-2048_h-2048).tif,Testset/Labels_tif/57_HE_(d-4_x-9216_y-6144_w-2048_h-2048).tif,Testset,57,0.21776580810546875,Marsh-3a
Testset/Images_tif/139_HE_(d-4_x-13824_y-9216_w-2048_h-2048).tif,Testset/Labels_tif/139_HE_(d-4_x-13824_y-9216_w-2048_h-2048).tif,Testset,139,0.032878875732421875,Marsh-3b
Testset/Images_tif/115_HE_(d-4_x-9216_y-46080_w-2048_h-2048).tif,Testset/Labels_tif/115_HE_(d-4_x-9216_y-46080_w-2048_h-2048).tif,Testset,115,0.3564033508300781,Marsh-0
Testset/Images_tif/115_HE_(d-4_x-29184_y-38400_w-2048_h-2048).tif,Testset/Labels_tif/115_HE_(d-4_x-29184_y-38400_w-2048_h-2048).tif,Testset,115,0.00518035888671875,Marsh-3b
Testset/Images_tif/41_HE_(d-4_x-6144_y-3072_w-2048_h-2048).tif,Testset/Labels_tif/41_HE_(d-4_x-6144_y-3072_w-2048_h-2048).tif,Testset,41,0.09494781494140625,Marsh-3b
Testset/Images_tif/90_HE_(d-4_x-9216_y-7680_w-2048_h-2048).tif,Testset/Labels_tif/90_HE_(d-4_x-9216_y-7680_w-2048_h-2048).tif,Testset,90,0.0,Marsh-3b
Testset/Images_tif/34_HE_(d-4_x-38400_y-30720_w-2048_h-2048).tif,Testset/Labels_tif/34_HE_(d-4_x-38400_y-30720_w-2048_h-2048).tif,Testset,34,0.13912582397460938,Marsh-3a
Testset/Images_tif/129_HE_(d-4_x-7680_y-38400_w-2048_h-2048).tif,Testset/Labels_tif/129_HE_(d-4_x-7680_y-38400_w-2048_h-2048).tif,Testset,129,0.0,Marsh-3b
Testset/Images_tif/99_HE_(d-4_x-30720_y-10752_w-2048_h-2048).tif,Testset/Labels_tif/99_HE_(d-4_x-30720_y-10752_w-2048_h-2048).tif,Testset,99,0.2464447021484375,Marsh-1
Testset/Images_tif/108_HE_(d-4_x-7680_y-19968_w-2048_h-2048).tif,Testset/Labels_tif/108_HE_(d-4_x-7680_y-19968_w-2048_h-2048).tif,Testset,108,0.18505477905273438,Marsh-3a
Testset/Images_tif/5_HE_(d-4_x-7680_y-4608_w-2048_h-2048).tif,Testset/Labels_tif/5_HE_(d-4_x-7680_y-4608_w-2048_h-2048).tif,Testset,5,0.24375152587890625,Marsh-1
Testset/Images_tif/30_HE_(d-4_x-33792_y-30720_w-2048_h-2048).tif,Testset/Labels_tif/30_HE_(d-4_x-33792_y-30720_w-2048_h-2048).tif,Testset,30,0.2724189758300781,Marsh-1
Testset/Images_tif/129_HE_(d-4_x-9216_y-30720_w-2048_h-2048).tif,Testset/Labels_tif/129_HE_(d-4_x-9216_y-30720_w-2048_h-2048).tif,Testset,129,0.10212326049804688,Marsh-3b
Testset/Images_tif/90_HE_(d-4_x-19968_y-6144_w-2048_h-2048).tif,Testset/Labels_tif/90_HE_(d-4_x-19968_y-6144_w-2048_h-2048).tif,Testset,90,0.225616455078125,Marsh-3a
Testset/Images_tif/129_HE_(d-4_x-6144_y-35328_w-2048_h-2048).tif,Testset/Labels_tif/129_HE_(d-4_x-6144_y-35328_w-2048_h-2048).tif,Testset,129,0.03530120849609375,Marsh-3b
Testset/Images_tif/99_HE_(d-4_x-30720_y-12288_w-2048_h-2048).tif,Testset/Labels_tif/99_HE_(d-4_x-30720_y-12288_w-2048_h-2048).tif,Testset,99,0.20317840576171875,Marsh-3a
Testset/Images_tif/115_HE_(d-4_x-32256_y-36864_w-2048_h-2048).tif,Testset/Labels_tif/115_HE_(d-4_x-32256_y-36864_w-2048_h-2048).tif,Testset,115,0.15142822265625,Marsh-3a
Testset/Images_tif/23_HE_(d-4_x-9216_y-7680_w-2048_h-2048).tif,Testset/Labels_tif/23_HE_(d-4_x-9216_y-7680_w-2048_h-2048).tif,Testset,23,0.008281707763671875,Marsh-3b
Testset/Images_tif/143_HE_(d-4_x-13824_y-13824_w-2048_h-2048).tif,Testset/Labels_tif/143_HE_(d-4_x-13824_y-13824_w-2048_h-2048).tif,Testset,143,0.3483314514160156,Marsh-0
Testset/Images_tif/57_HE_(d-4_x-9216_y-10752_w-2048_h-2048).tif,Testset/Labels_tif/57_HE_(d-4_x-9216_y-10752_w-2048_h-2048).tif,Testset,57,0.053653717041015625,Marsh-3b
Testset/Images_tif/3_HE_(d-4_x-6144_y-9216_w-2048_h-2048).tif,Testset/Labels_tif/3_HE_(d-4_x-6144_y-9216_w-2048_h-2048).tif,Testset,3,0.28943634033203125,Marsh-1
Testset/Images_tif/64_HE_(d-4_x-24576_y-19968_w-2048_h-2048).tif,Testset/Labels_tif/64_HE_(d-4_x-24576_y-19968_w-2048_h-2048).tif,Testset,64,0.31219482421875,Marsh-1
Testset/Images_tif/68_HE_(d-4_x-16896_y-3072_w-2048_h-2048).tif,Testset/Labels_tif/68_HE_(d-4_x-16896_y-3072_w-2048_h-2048).tif,Testset,68,0.1734466552734375,Marsh-3a
Testset/Images_tif/66_HE_(d-4_x-32256_y-18432_w-2048_h-2048).tif,Testset/Labels_tif/66_HE_(d-4_x-32256_y-18432_w-2048_h-2048).tif,Testset,66,0.4225349426269531,Marsh-0
Testset/Images_tif/98_HE_(d-4_x-7680_y-10752_w-2048_h-2048).tif,Testset/Labels_tif/98_HE_(d-4_x-7680_y-10752_w-2048_h-2048).tif,Testset,98,0.171661376953125,Marsh-3a
Testset/Images_tif/107_HE_(d-4_x-4608_y-6144_w-2048_h-2048).tif,Testset/Labels_tif/107_HE_(d-4_x-4608_y-6144_w-2048_h-2048).tif,Testset,107,0.21249008178710938,Marsh-3a
Testset/Images_tif/34_HE_(d-4_x-36864_y-24576_w-2048_h-2048).tif,Testset/Labels_tif/34_HE_(d-4_x-36864_y-24576_w-2048_h-2048).tif,Testset,34,0.14241790771484375,Marsh-3a
Testset/Images_tif/98_HE_(d-4_x-44544_y-10752_w-2048_h-2048).tif,Testset/Labels_tif/98_HE_(d-4_x-44544_y-10752_w-2048_h-2048).tif,Testset,98,0.47370147705078125,Marsh-0
Testset/Images_tif/23_HE_(d-4_x-7680_y-6144_w-2048_h-2048).tif,Testset/Labels_tif/23_HE_(d-4_x-7680_y-6144_w-2048_h-2048).tif,Testset,23,0.0,Marsh-3b
Testset/Images_tif/44_HE_(d-4_x-4608_y-6144_w-2048_h-2048).tif,Testset/Labels_tif/44_HE_(d-4_x-4608_y-6144_w-2048_h-2048).tif,Testset,44,0.13256454467773438,Marsh-3b
Testset/Images_tif/3_HE_(d-4_x-12288_y-9216_w-2048_h-2048).tif,Testset/Labels_tif/3_HE_(d-4_x-12288_y-9216_w-2048_h-2048).tif,Testset,3,0.4428558349609375,Marsh-0
Testset/Images_tif/3_HE_(d-4_x-13824_y-9216_w-2048_h-2048).tif,Testset/Labels_tif/3_HE_(d-4_x-13824_y-9216_w-2048_h-2048).tif,Testset,3,0.3130455017089844,Marsh-1
Testset/Images_tif/44_HE_(d-4_x-18432_y-4608_w-2048_h-2048).tif,Testset/Labels_tif/44_HE_(d-4_x-18432_y-4608_w-2048_h-2048).tif,Testset,44,0.17107009887695312,Marsh-3a
Testset/Images_tif/129_HE_(d-4_x-16896_y-13824_w-2048_h-2048).tif,Testset/Labels_tif/129_HE_(d-4_x-16896_y-13824_w-2048_h-2048).tif,Testset,129,0.12554550170898438,Marsh-3b
Testset/Images_tif/6_HE_(d-4_x-7680_y-7680_w-2048_h-2048).tif,Testset/Labels_tif/6_HE_(d-4_x-7680_y-7680_w-2048_h-2048).tif,Testset,6,0.1237945556640625,Marsh-3b
Testset/Images_tif/66_HE_(d-4_x-13824_y-12288_w-2048_h-2048).tif,Testset/Labels_tif/66_HE_(d-4_x-13824_y-12288_w-2048_h-2048).tif,Testset,66,0.2049560546875,Marsh-3a
Testset/Images_tif/143_HE_(d-4_x-18432_y-12288_w-2048_h-2048).tif,Testset/Labels_tif/143_HE_(d-4_x-18432_y-12288_w-2048_h-2048).tif,Testset,143,0.31032562255859375,Marsh-1
Testset/Images_tif/143_HE_(d-4_x-23040_y-7680_w-2048_h-2048).tif,Testset/Labels_tif/143_HE_(d-4_x-23040_y-7680_w-2048_h-2048).tif,Testset,143,0.2892036437988281,Marsh-1
Testset/Images_tif/44_HE_(d-4_x-7680_y-4608_w-2048_h-2048).tif,Testset/Labels_tif/44_HE_(d-4_x-7680_y-4608_w-2048_h-2048).tif,Testset,44,0.3038520812988281,Marsh-1
Testset/Images_tif/110_HE_(d-4_x-9216_y-4608_w-2048_h-2048).tif,Testset/Labels_tif/110_HE_(d-4_x-9216_y-4608_w-2048_h-2048).tif,Testset,110,0.2556610107421875,Marsh-1
Testset/Images_tif/61_HE_(d-4_x-3072_y-4608_w-2048_h-2048).tif,Testset/Labels_tif/61_HE_(d-4_x-3072_y-4608_w-2048_h-2048).tif,Testset,61,0.043224334716796875,Marsh-3b
Testset/Images_tif/115_HE_(d-4_x-4608_y-36864_w-2048_h-2048).tif,Testset/Labels_tif/115_HE_(d-4_x-4608_y-36864_w-2048_h-2048).tif,Testset,115,0.03525543212890625,Marsh-3b
Testset/Images_tif/44_HE_(d-4_x-3072_y-6144_w-2048_h-2048).tif,Testset/Labels_tif/44_HE_(d-4_x-3072_y-6144_w-2048_h-2048).tif,Testset,44,0.10747146606445312,Marsh-3b
Testset/Images_tif/83_HE_(d-4_x-4608_y-9216_w-2048_h-2048).tif,Testset/Labels_tif/83_HE_(d-4_x-4608_y-9216_w-2048_h-2048).tif,Testset,83,0.5002937316894531,Marsh-0
Testset/Images_tif/129_HE_(d-4_x-10752_y-33792_w-2048_h-2048).tif,Testset/Labels_tif/129_HE_(d-4_x-10752_y-33792_w-2048_h-2048).tif,Testset,129,0.0,Marsh-3b
Testset/Images_tif/9_HE_(d-4_x-7680_y-10752_w-2048_h-2048).tif,Testset/Labels_tif/9_HE_(d-4_x-7680_y-10752_w-2048_h-2048).tif,Testset,9,0.15430831909179688,Marsh-3a
Testset/Images_tif/6_HE_(d-4_x-6144_y-3072_w-2048_h-2048).tif,Testset/Labels_tif/6_HE_(d-4_x-6144_y-3072_w-2048_h-2048).tif,Testset,6,0.2409515380859375,Marsh-1
Testset/Images_tif/57_HE_(d-4_x-7680_y-12288_w-2048_h-2048).tif,Testset/Labels_tif/57_HE_(d-4_x-7680_y-12288_w-2048_h-2048).tif,Testset,57,0.30718231201171875,Marsh-1
Testset/Images_tif/108_HE_(d-4_x-21504_y-9216_w-2048_h-2048).tif,Testset/Labels_tif/108_HE_(d-4_x-21504_y-9216_w-2048_h-2048).tif,Testset,108,0.08751678466796875,Marsh-3b
Testset/Images_tif/123_HE_(d-4_x-9216_y-7680_w-2048_h-2048).tif,Testset/Labels_tif/123_HE_(d-4_x-9216_y-7680_w-2048_h-2048).tif,Testset,123,0.032489776611328125,Marsh-3b
Testset/Images_tif/24_HE_(d-4_x-7680_y-4608_w-2048_h-2048).tif,Testset/Labels_tif/24_HE_(d-4_x-7680_y-4608_w-2048_h-2048).tif,Testset,24,0.4299163818359375,Marsh-0
Testset/Images_tif/123_HE_(d-4_x-10752_y-7680_w-2048_h-2048).tif,Testset/Labels_tif/123_HE_(d-4_x-10752_y-7680_w-2048_h-2048).tif,Testset,123,0.0772552490234375,Marsh-3b
Testset/Images_tif/108_HE_(d-4_x-19968_y-9216_w-2048_h-2048).tif,Testset/Labels_tif/108_HE_(d-4_x-19968_y-9216_w-2048_h-2048).tif,Testset,108,0.24366378784179688,Marsh-1
Testset/Images_tif/20_HE_(d-4_x-16896_y-9216_w-2048_h-2048).tif,Testset/Labels_tif/20_HE_(d-4_x-16896_y-9216_w-2048_h-2048).tif,Testset,20,0.4828224182128906,Marsh-0
Testset/Images_tif/9_HE_(d-4_x-9216_y-9216_w-2048_h-2048).tif,Testset/Labels_tif/9_HE_(d-4_x-9216_y-9216_w-2048_h-2048).tif,Testset,9,0.34632110595703125,Marsh-0
Testset/Images_tif/123_HE_(d-4_x-6144_y-10752_w-2048_h-2048).tif,Testset/Labels_tif/123_HE_(d-4_x-6144_y-10752_w-2048_h-2048).tif,Testset,123,0.18059921264648438,Marsh-3a
Testset/Images_tif/6_HE_(d-4_x-4608_y-6144_w-2048_h-2048).tif,Testset/Labels_tif/6_HE_(d-4_x-4608_y-6144_w-2048_h-2048).tif,Testset,6,0.00628662109375,Marsh-3b
Testset/Images_tif/143_HE_(d-4_x-6144_y-9216_w-2048_h-2048).tif,Testset/Labels_tif/143_HE_(d-4_x-6144_y-9216_w-2048_h-2048).tif,Testset,143,0.0836029052734375,Marsh-3b
Testset/Images_tif/61_HE_(d-4_x-12288_y-19968_w-2048_h-2048).tif,Testset/Labels_tif/61_HE_(d-4_x-12288_y-19968_w-2048_h-2048).tif,Testset,61,0.3374900817871094,Marsh-1
Testset/Images_tif/107_HE_(d-4_x-1536_y-9216_w-2048_h-2048).tif,Testset/Labels_tif/107_HE_(d-4_x-1536_y-9216_w-2048_h-2048).tif,Testset,107,0.21619033813476562,Marsh-3a
Testset/Images_tif/66_HE_(d-4_x-30720_y-19968_w-2048_h-2048).tif,Testset/Labels_tif/66_HE_(d-4_x-30720_y-19968_w-2048_h-2048).tif,Testset,66,0.4491157531738281,Marsh-0
